election_date,election_year,origin_date,horizon_days,model,party,is_parliamentary,actual,forecast_mean,p05,p10,p25,p50,p75,p90,p95,actual_percentile,absolute_error,crps,energy_score,inside_50,inside_80,inside_90,width_50,width_80,width_90,mean_lambda,p05_lambda,fraction_lambda_lt_0_99,fraction_lambda_lt_0_90,fraction_lambda_lt_0_75,training_elections_count,training_elections,seed,samples
2018-09-09,2018,2018-05-20,112,pp_centered_noise,M,True,19.8356,21.6587,16.6483,17.4825,19.6519,21.6364,23.7179,25.5271,27.3906,26.73,1.8008,1.159011,3.919328,True,True,True,4.066,8.0447,10.7423,1.0,1.0,0.0,0.0,0.0,4,"[2002, 2006, 2010, 2014]",98765,20000
2018-09-09,2018,2018-05-20,112,pp_centered_noise,L,True,5.4896,4.7016,3.3592,3.5533,3.9794,4.5866,5.3939,6.0147,6.3215,77.65,0.903,0.499954,3.919328,False,True,True,1.4145,2.4614,2.9623,1.0,1.0,0.0,0.0,0.0,4,"[2002, 2006, 2010, 2014]",98765,20000
2018-09-09,2018,2018-05-20,112,pp_centered_noise,C,True,8.6077,9.3698,6.9854,7.5706,8.3759,9.2986,10.2497,11.199,12.0279,30.05,0.6908,0.46655,3.919328,True,True,True,1.8738,3.6284,5.0425,1.0,1.0,0.0,0.0,0.0,4,"[2002, 2006, 2010, 2014]",98765,20000
2018-09-09,2018,2018-05-20,112,pp_centered_noise,KD,True,6.3223,3.0925,2.405,2.546,2.8087,3.0964,3.3771,3.6214,3.7591,100.0,3.2259,2.996857,3.919328,False,False,False,0.5683,1.0754,1.3541,1.0,1.0,0.0,0.0,0.0,4,"[2002, 2006, 2010, 2014]",98765,20000
2018-09-09,2018,2018-05-20,112,pp_centered_noise,S,True,28.261,25.6223,22.9843,23.4717,24.2958,25.566,26.701,28.1306,28.8991,90.86,2.695,1.780141,3.919328,False,False,True,2.4052,4.6589,5.9148,1.0,1.0,0.0,0.0,0.0,4,"[2002, 2006, 2010, 2014]",98765,20000
2018-09-09,2018,2018-05-20,112,pp_centered_noise,V,True,8.0049,8.4732,7.0686,7.3194,7.8416,8.5438,9.1017,9.4853,9.724,30.25,0.539,0.324364,3.919328,True,True,True,1.2601,2.1659,2.6554,1.0,1.0,0.0,0.0,0.0,4,"[2002, 2006, 2010, 2014]",98765,20000
2018-09-09,2018,2018-05-20,112,pp_centered_noise,MP,True,4.4143,4.207,2.8579,3.0783,3.5329,4.2462,4.8574,5.2622,5.5111,56.09,0.1681,0.237918,3.919328,True,True,True,1.3245,2.1839,2.6532,1.0,1.0,0.0,0.0,0.0,4,"[2002, 2006, 2010, 2014]",98765,20000
2018-09-09,2018,2018-05-20,112,pp_centered_noise,SD,True,17.534,19.7664,16.3302,17.0739,18.2862,19.665,21.162,22.6343,23.4391,14.59,2.131,1.314114,3.919328,False,True,True,2.8758,5.5604,7.1089,1.0,1.0,0.0,0.0,0.0,4,"[2002, 2006, 2010, 2014]",98765,20000
2018-09-09,2018,2018-05-20,112,pp_centered_noise,REST,False,1.5307,3.1085,2.3782,2.5172,2.7773,3.0949,3.4116,3.7109,3.8938,0.01,1.5642,1.31384,3.919328,False,False,False,0.6343,1.1937,1.5157,1.0,1.0,0.0,0.0,0.0,4,"[2002, 2006, 2010, 2014]",98765,20000
2018-09-09,2018,2018-05-20,112,pp_symmetric_noise,M,True,19.8356,21.6663,16.4949,17.6214,19.6031,21.5616,23.6496,25.8776,27.296,27.89,1.726,1.105225,3.914762,True,True,True,4.0465,8.2562,10.8011,1.0,1.0,0.0,0.0,0.0,4,"[2002, 2006, 2010, 2014]",98765,20000
2018-09-09,2018,2018-05-20,112,pp_symmetric_noise,L,True,5.4896,4.7015,3.1552,3.3827,3.8994,4.7175,5.4755,6.0023,6.2663,75.52,0.7721,0.460498,3.914762,False,True,True,1.5761,2.6195,3.1112,1.0,1.0,0.0,0.0,0.0,4,"[2002, 2006, 2010, 2014]",98765,20000
2018-09-09,2018,2018-05-20,112,pp_symmetric_noise,C,True,8.6077,9.3653,6.9415,7.466,8.3357,9.3093,10.2873,11.2909,12.0836,31.55,0.7015,0.47275,3.914762,True,True,True,1.9516,3.825,5.1421,1.0,1.0,0.0,0.0,0.0,4,"[2002, 2006, 2010, 2014]",98765,20000
2018-09-09,2018,2018-05-20,112,pp_symmetric_noise,KD,True,6.3223,3.0937,1.8104,1.9984,2.3579,3.1149,3.821,4.1824,4.3759,100.0,3.2074,2.743313,3.914762,False,False,False,1.4632,2.184,2.5655,1.0,1.0,0.0,0.0,0.0,4,"[2002, 2006, 2010, 2014]",98765,20000
2018-09-09,2018,2018-05-20,112,pp_symmetric_noise,S,True,28.261,25.6191,21.2586,22.4085,23.7023,25.5887,27.503,28.8795,29.9068,84.44,2.6723,1.585438,3.914762,False,True,True,3.8007,6.471,8.6482,1.0,1.0,0.0,0.0,0.0,4,"[2002, 2006, 2010, 2014]",98765,20000
2018-09-09,2018,2018-05-20,112,pp_symmetric_noise,V,True,8.0049,8.4707,6.4267,6.7765,7.6363,8.4632,9.3224,10.1465,10.5136,34.07,0.4583,0.361743,3.914762,True,True,True,1.6862,3.3699,4.0869,1.0,1.0,0.0,0.0,0.0,4,"[2002, 2006, 2010, 2014]",98765,20000
2018-09-09,2018,2018-05-20,112,pp_symmetric_noise,MP,True,4.4143,4.2011,2.1145,2.4351,3.2672,4.1936,5.1661,5.9475,6.2765,57.44,0.2207,0.330154,3.914762,True,True,True,1.8989,3.5124,4.1621,1.0,1.0,0.0,0.0,0.0,4,"[2002, 2006, 2010, 2014]",98765,20000
2018-09-09,2018,2018-05-20,112,pp_symmetric_noise,SD,True,17.534,19.7755,15.655,16.5473,18.0199,19.7232,21.4744,23.0698,24.0557,19.18,2.1892,1.312,3.914762,False,True,True,3.4545,6.5225,8.4007,1.0,1.0,0.0,0.0,0.0,4,"[2002, 2006, 2010, 2014]",98765,20000
2018-09-09,2018,2018-05-20,112,pp_symmetric_noise,REST,False,1.5307,3.1068,2.0875,2.2727,2.6365,3.0975,3.5635,3.9414,4.1532,0.18,1.5669,1.21352,3.914762,False,False,False,0.927,1.6687,2.0657,1.0,1.0,0.0,0.0,0.0,4,"[2002, 2006, 2010, 2014]",98765,20000
2018-09-09,2018,2018-06-17,84,pp_centered_noise,M,True,19.8356,20.546,16.1129,16.8485,18.9001,20.6067,22.381,23.6747,24.9919,38.11,0.7711,0.710354,4.338621,True,True,True,3.4809,6.8262,8.879,1.0,1.0,0.0,0.0,0.0,4,"[2002, 2006, 2010, 2014]",98765,20000
2018-09-09,2018,2018-06-17,84,pp_centered_noise,L,True,5.4896,4.9087,3.5926,3.7817,4.1976,4.7821,5.6053,6.2106,6.5105,71.81,0.7075,0.399811,4.338621,True,True,True,1.4077,2.4289,2.9179,1.0,1.0,0.0,0.0,0.0,4,"[2002, 2006, 2010, 2014]",98765,20000
2018-09-09,2018,2018-06-17,84,pp_centered_noise,C,True,8.6077,9.4261,7.4354,7.9351,8.6299,9.377,10.1634,10.9453,11.5798,24.45,0.7693,0.473973,4.338621,False,True,True,1.5335,3.0102,4.1444,1.0,1.0,0.0,0.0,0.0,4,"[2002, 2006, 2010, 2014]",98765,20000
2018-09-09,2018,2018-06-17,84,pp_centered_noise,KD,True,6.3223,2.9996,2.3303,2.4677,2.7158,3.0064,3.2849,3.5184,3.6531,100.0,3.3159,3.094043,4.338621,False,False,False,0.5691,1.0507,1.3228,1.0,1.0,0.0,0.0,0.0,4,"[2002, 2006, 2010, 2014]",98765,20000
2018-09-09,2018,2018-06-17,84,pp_centered_noise,S,True,28.261,25.046,22.5467,23.0535,23.8768,24.9074,26.0887,27.3599,28.0508,96.2,3.3536,2.321947,4.338621,False,False,False,2.2119,4.3064,5.5042,1.0,1.0,0.0,0.0,0.0,4,"[2002, 2006, 2010, 2014]",98765,20000
2018-09-09,2018,2018-06-17,84,pp_centered_noise,V,True,8.0049,9.1831,7.7231,7.9987,8.5414,9.2478,9.8206,10.2553,10.5024,10.14,1.2429,0.75636,4.338621,False,True,True,1.2792,2.2566,2.7793,1.0,1.0,0.0,0.0,0.0,4,"[2002, 2006, 2010, 2014]",98765,20000
2018-09-09,2018,2018-06-17,84,pp_centered_noise,MP,True,4.4143,4.405,3.0826,3.2925,3.7274,4.4464,5.0545,5.4467,5.6738,48.95,0.0321,0.22817,4.338621,True,True,True,1.327,2.1542,2.5913,1.0,1.0,0.0,0.0,0.0,4,"[2002, 2006, 2010, 2014]",98765,20000
2018-09-09,2018,2018-06-17,84,pp_centered_noise,SD,True,17.534,20.6752,17.5076,18.2196,19.3411,20.5796,21.9529,23.265,23.9649,5.14,3.0457,2.107026,4.338621,False,False,True,2.6118,5.0454,6.4572,1.0,1.0,0.0,0.0,0.0,4,"[2002, 2006, 2010, 2014]",98765,20000
2018-09-09,2018,2018-06-17,84,pp_centered_noise,REST,False,1.5307,2.8104,2.126,2.2585,2.4971,2.801,3.1016,3.3715,3.5402,0.04,1.2703,1.033255,4.338621,False,False,False,0.6044,1.1129,1.4142,1.0,1.0,0.0,0.0,0.0,4,"[2002, 2006, 2010, 2014]",98765,20000
2018-09-09,2018,2018-06-17,84,pp_symmetric_noise,M,True,19.8356,20.5576,16.1288,17.1214,18.7569,20.4867,22.2499,24.0566,25.2288,40.59,0.6511,0.68357,4.291093,True,True,True,3.493,6.9351,9.1,1.0,1.0,0.0,0.0,0.0,4,"[2002, 2006, 2010, 2014]",98765,20000
2018-09-09,2018,2018-06-17,84,pp_symmetric_noise,L,True,5.4896,4.9044,3.3984,3.618,4.1145,4.9149,5.6846,6.1806,6.4244,68.03,0.5747,0.369977,4.291093,True,True,True,1.5701,2.5626,3.026,1.0,1.0,0.0,0.0,0.0,4,"[2002, 2006, 2010, 2014]",98765,20000
2018-09-09,2018,2018-06-17,84,pp_symmetric_noise,C,True,8.6077,9.4227,7.3398,7.8135,8.5819,9.3934,10.2184,11.0436,11.6496,25.73,0.7856,0.484576,4.291093,True,True,True,1.6366,3.2301,4.3098,1.0,1.0,0.0,0.0,0.0,4,"[2002, 2006, 2010, 2014]",98765,20000
2018-09-09,2018,2018-06-17,84,pp_symmetric_noise,KD,True,6.3223,3.0021,1.7286,1.9044,2.2728,3.0236,3.7234,4.0947,4.2734,100.0,3.2987,2.836401,4.291093,False,False,False,1.4506,2.1903,2.5448,1.0,1.0,0.0,0.0,0.0,4,"[2002, 2006, 2010, 2014]",98765,20000
2018-09-09,2018,2018-06-17,84,pp_symmetric_noise,S,True,28.261,25.0379,20.9987,21.8629,23.2385,25.0268,26.8022,28.2208,29.1326,90.25,3.2342,2.037105,4.291093,False,False,True,3.5637,6.3578,8.1338,1.0,1.0,0.0,0.0,0.0,4,"[2002, 2006, 2010, 2014]",98765,20000
2018-09-09,2018,2018-06-17,84,pp_symmetric_noise,V,True,8.0049,9.1877,7.1047,7.4841,8.3331,9.1827,10.0527,10.8811,11.255,18.37,1.1778,0.711266,4.291093,False,True,True,1.7196,3.397,4.1503,1.0,1.0,0.0,0.0,0.0,4,"[2002, 2006, 2010, 2014]",98765,20000
2018-09-09,2018,2018-06-17,84,pp_symmetric_noise,MP,True,4.4143,4.4016,2.3204,2.6218,3.4662,4.3957,5.3571,6.1559,6.4795,50.52,0.0186,0.312507,4.291093,True,True,True,1.8908,3.5341,4.1591,1.0,1.0,0.0,0.0,0.0,4,"[2002, 2006, 2010, 2014]",98765,20000
2018-09-09,2018,2018-06-17,84,pp_symmetric_noise,SD,True,17.534,20.6741,16.8239,17.6278,19.0328,20.6561,22.2916,23.7881,24.6373,9.41,3.1222,1.988832,4.291093,False,False,True,3.2587,6.1603,7.8134,1.0,1.0,0.0,0.0,0.0,4,"[2002, 2006, 2010, 2014]",98765,20000
2018-09-09,2018,2018-06-17,84,pp_symmetric_noise,REST,False,1.5307,2.8119,1.8321,2.0014,2.3543,2.8014,3.2649,3.622,3.8078,0.87,1.2707,0.933237,4.291093,False,False,False,0.9106,1.6206,1.9757,1.0,1.0,0.0,0.0,0.0,4,"[2002, 2006, 2010, 2014]",98765,20000
2018-09-09,2018,2018-07-15,56,pp_centered_noise,M,True,19.8356,19.4957,15.6686,16.3109,17.9897,19.7623,21.0256,22.0674,22.7341,51.49,0.0733,0.515617,4.410196,True,True,True,3.036,5.7566,7.0655,1.0,1.0,0.0,0.0,0.0,4,"[2002, 2006, 2010, 2014]",98765,20000
2018-09-09,2018,2018-07-15,56,pp_centered_noise,L,True,5.4896,5.2089,3.9508,4.1228,4.5034,5.0583,5.9214,6.4967,6.7635,64.3,0.4313,0.297363,4.410196,True,True,True,1.418,2.3739,2.8127,1.0,1.0,0.0,0.0,0.0,4,"[2002, 2006, 2010, 2014]",98765,20000
2018-09-09,2018,2018-07-15,56,pp_centered_noise,C,True,8.6077,9.4196,7.8504,8.2034,8.76,9.4089,10.0482,10.6123,11.043,19.64,0.8012,0.473144,4.410196,False,True,True,1.2882,2.4089,3.1926,1.0,1.0,0.0,0.0,0.0,4,"[2002, 2006, 2010, 2014]",98765,20000
2018-09-09,2018,2018-07-15,56,pp_centered_noise,KD,True,6.3223,3.2952,2.6195,2.748,3.0033,3.3001,3.5835,3.8259,3.9643,100.0,3.0222,2.794906,4.410196,False,False,False,0.5801,1.0779,1.3448,1.0,1.0,0.0,0.0,0.0,4,"[2002, 2006, 2010, 2014]",98765,20000
2018-09-09,2018,2018-07-15,56,pp_centered_noise,S,True,28.261,24.8906,22.7592,23.188,23.8689,24.6946,25.8509,26.9463,27.4764,98.4,3.5663,2.568899,4.410196,False,False,False,1.9821,3.7583,4.7171,1.0,1.0,0.0,0.0,0.0,4,"[2002, 2006, 2010, 2014]",98765,20000
2018-09-09,2018,2018-07-15,56,pp_centered_noise,V,True,8.0049,9.4792,8.0248,8.2943,8.8366,9.5444,10.1198,10.5462,10.8028,4.75,1.5395,1.007934,4.410196,False,False,False,1.2832,2.2519,2.778,1.0,1.0,0.0,0.0,0.0,4,"[2002, 2006, 2010, 2014]",98765,20000
2018-09-09,2018,2018-07-15,56,pp_centered_noise,MP,True,4.4143,4.9158,3.6098,3.816,4.2614,4.9724,5.5642,5.9274,6.1246,30.84,0.5581,0.328467,4.410196,True,True,True,1.3028,2.1115,2.5147,1.0,1.0,0.0,0.0,0.0,4,"[2002, 2006, 2010, 2014]",98765,20000
2018-09-09,2018,2018-07-15,56,pp_centered_noise,SD,True,17.534,20.5833,18.0441,18.5844,19.4855,20.4682,21.6797,22.7015,23.288,2.0,2.9342,2.165689,4.410196,False,False,False,2.1942,4.1172,5.2439,1.0,1.0,0.0,0.0,0.0,4,"[2002, 2006, 2010, 2014]",98765,20000
2018-09-09,2018,2018-07-15,56,pp_centered_noise,REST,False,1.5307,2.7118,2.0545,2.1775,2.4126,2.7077,2.9987,3.2483,3.3985,0.03,1.177,0.946682,4.410196,False,False,False,0.5861,1.0708,1.344,1.0,1.0,0.0,0.0,0.0,4,"[2002, 2006, 2010, 2014]",98765,20000
2018-09-09,2018,2018-07-15,56,pp_symmetric_noise,M,True,19.8356,19.5493,15.8549,16.6814,18.0882,19.5177,21.0168,22.4721,23.2949,55.74,0.3179,0.532547,4.310432,True,True,True,2.9286,5.7907,7.44,1.0,1.0,0.0,0.0,0.0,4,"[2002, 2006, 2010, 2014]",98765,20000
2018-09-09,2018,2018-07-15,56,pp_symmetric_noise,L,True,5.4896,5.1919,3.7394,3.9375,4.3938,5.1781,5.9807,6.4442,6.6668,58.3,0.3115,0.297694,4.310432,True,True,True,1.5869,2.5067,2.9274,1.0,1.0,0.0,0.0,0.0,4,"[2002, 2006, 2010, 2014]",98765,20000
2018-09-09,2018,2018-07-15,56,pp_symmetric_noise,C,True,8.6077,9.4016,7.6982,8.0751,8.6724,9.3929,10.1045,10.7064,11.1219,23.14,0.7851,0.468723,4.310432,False,True,True,1.4321,2.6314,3.4237,1.0,1.0,0.0,0.0,0.0,4,"[2002, 2006, 2010, 2014]",98765,20000
2018-09-09,2018,2018-07-15,56,pp_symmetric_noise,KD,True,6.3223,3.3116,2.019,2.2104,2.5739,3.3397,4.0392,4.4081,4.5907,100.0,2.9826,2.523667,4.310432,False,False,False,1.4653,2.1976,2.5717,1.0,1.0,0.0,0.0,0.0,4,"[2002, 2006, 2010, 2014]",98765,20000
2018-09-09,2018,2018-07-15,56,pp_symmetric_noise,S,True,28.261,24.84,21.0134,21.753,23.1762,24.8449,26.4864,27.9406,28.7134,92.2,3.4161,2.223231,4.310432,False,False,True,3.3102,6.1876,7.7001,1.0,1.0,0.0,0.0,0.0,4,"[2002, 2006, 2010, 2014]",98765,20000
2018-09-09,2018,2018-07-15,56,pp_symmetric_noise,V,True,8.0049,9.5056,7.4253,7.795,8.6422,9.4985,10.3859,11.203,11.5689,13.33,1.4936,0.925237,4.310432,False,True,True,1.7437,3.408,4.1436,1.0,1.0,0.0,0.0,0.0,4,"[2002, 2006, 2010, 2014]",98765,20000
2018-09-09,2018,2018-07-15,56,pp_symmetric_noise,MP,True,4.4143,4.908,2.8494,3.1663,4.0085,4.8993,5.8404,6.6452,6.9375,33.92,0.4851,0.384296,4.310432,True,True,True,1.8319,3.4789,4.0881,1.0,1.0,0.0,0.0,0.0,4,"[2002, 2006, 2010, 2014]",98765,20000
2018-09-09,2018,2018-07-15,56,pp_symmetric_noise,SD,True,17.534,20.5704,17.1612,17.8317,19.118,20.5642,21.9984,23.322,24.0758,7.54,3.0302,1.972868,4.310432,False,False,True,2.8804,5.4903,6.9146,1.0,1.0,0.0,0.0,0.0,4,"[2002, 2006, 2010, 2014]",98765,20000
2018-09-09,2018,2018-07-15,56,pp_symmetric_noise,REST,False,1.5307,2.7216,1.7523,1.9233,2.2755,2.7118,3.1746,3.5146,3.689,1.31,1.1812,0.850918,4.310432,False,False,False,0.8991,1.5913,1.9367,1.0,1.0,0.0,0.0,0.0,4,"[2002, 2006, 2010, 2014]",98765,20000
2018-09-09,2018,2018-08-12,28,pp_centered_noise,M,True,19.8356,18.7815,15.4421,15.8587,17.4773,19.2494,20.0887,20.7796,21.1837,67.52,0.5862,0.519786,3.750373,True,True,True,2.6114,4.921,5.7416,1.0,1.0,0.0,0.0,0.0,4,"[2002, 2006, 2010, 2014]",98765,20000
2018-09-09,2018,2018-08-12,28,pp_centered_noise,L,True,5.4896,5.6112,4.4679,4.616,4.9163,5.4628,6.3061,6.8648,7.0602,51.09,0.0268,0.22818,3.750373,True,True,True,1.3898,2.2488,2.5923,1.0,1.0,0.0,0.0,0.0,4,"[2002, 2006, 2010, 2014]",98765,20000
2018-09-09,2018,2018-08-12,28,pp_centered_noise,C,True,8.6077,9.3001,8.1204,8.3378,8.7176,9.2881,9.8679,10.2735,10.5197,20.32,0.6804,0.397184,3.750373,False,True,True,1.1503,1.9357,2.3993,1.0,1.0,0.0,0.0,0.0,4,"[2002, 2006, 2010, 2014]",98765,20000
2018-09-09,2018,2018-08-12,28,pp_centered_noise,KD,True,6.3223,4.1062,3.4058,3.5526,3.8102,4.1097,4.3982,4.654,4.7966,100.0,2.2126,1.974999,3.750373,False,False,False,0.588,1.1013,1.3908,1.0,1.0,0.0,0.0,0.0,4,"[2002, 2006, 2010, 2014]",98765,20000
2018-09-09,2018,2018-08-12,28,pp_centered_noise,S,True,28.261,25.1915,23.5961,23.8794,24.3463,24.9153,25.966,27.0033,27.4213,99.36,3.3457,2.410332,3.750373,False,False,False,1.6197,3.1239,3.8252,1.0,1.0,0.0,0.0,0.0,4,"[2002, 2006, 2010, 2014]",98765,20000
2018-09-09,2018,2018-08-12,28,pp_centered_noise,V,True,8.0049,9.3994,8.0739,8.2963,8.7837,9.4853,10.0162,10.3604,10.5634,3.98,1.4804,0.96171,3.750373,False,False,False,1.2325,2.0641,2.4895,1.0,1.0,0.0,0.0,0.0,4,"[2002, 2006, 2010, 2014]",98765,20000
2018-09-09,2018,2018-08-12,28,pp_centered_noise,MP,True,4.4143,5.4083,4.1646,4.3492,4.7607,5.4544,6.0524,6.398,6.5866,12.12,1.0402,0.6052,3.750373,False,True,True,1.2917,2.0488,2.4219,1.0,1.0,0.0,0.0,0.0,4,"[2002, 2006, 2010, 2014]",98765,20000
2018-09-09,2018,2018-08-12,28,pp_centered_noise,SD,True,17.534,19.593,17.8107,18.1335,18.6959,19.443,20.4451,21.2962,21.7336,2.52,1.909,1.389151,3.750373,False,False,False,1.7492,3.1627,3.9229,1.0,1.0,0.0,0.0,0.0,4,"[2002, 2006, 2010, 2014]",98765,20000
2018-09-09,2018,2018-08-12,28,pp_centered_noise,REST,False,1.5307,2.609,2.009,2.1191,2.3225,2.609,2.8826,3.1028,3.2239,0.01,1.0783,0.863688,3.750373,False,False,False,0.56,0.9837,1.2149,1.0,1.0,0.0,0.0,0.0,4,"[2002, 2006, 2010, 2014]",98765,20000
2018-09-09,2018,2018-08-12,28,pp_symmetric_noise,M,True,19.8356,18.7947,15.6314,16.3051,17.6401,18.771,19.9669,21.2787,21.938,72.81,1.0646,0.667189,3.630279,True,True,True,2.3267,4.9736,6.3065,1.0,1.0,0.0,0.0,0.0,4,"[2002, 2006, 2010, 2014]",98765,20000
2018-09-09,2018,2018-08-12,28,pp_symmetric_noise,L,True,5.4896,5.5998,4.2399,4.4093,4.782,5.5937,6.4019,6.7855,6.9661,46.92,0.1041,0.273247,3.630279,True,True,True,1.6199,2.3761,2.7262,1.0,1.0,0.0,0.0,0.0,4,"[2002, 2006, 2010, 2014]",98765,20000
2018-09-09,2018,2018-08-12,28,pp_symmetric_noise,C,True,8.6077,9.3007,7.9429,8.2016,8.7051,9.2788,9.8964,10.4177,10.696,21.93,0.6711,0.406668,3.630279,False,True,True,1.1913,2.2162,2.7531,1.0,1.0,0.0,0.0,0.0,4,"[2002, 2006, 2010, 2014]",98765,20000
2018-09-09,2018,2018-08-12,28,pp_symmetric_noise,KD,True,6.3223,4.1078,2.8186,3.0026,3.3809,4.1229,4.828,5.2065,5.3966,99.97,2.1994,1.72697,3.630279,False,False,False,1.4471,2.2039,2.578,1.0,1.0,0.0,0.0,0.0,4,"[2002, 2006, 2010, 2014]",98765,20000
2018-09-09,2018,2018-08-12,28,pp_symmetric_noise,S,True,28.261,25.1783,21.5143,22.1855,23.6627,25.2009,26.6886,28.1268,28.8037,90.85,3.0601,1.975147,3.630279,False,False,True,3.0259,5.9413,7.2894,1.0,1.0,0.0,0.0,0.0,4,"[2002, 2006, 2010, 2014]",98765,20000
2018-09-09,2018,2018-08-12,28,pp_symmetric_noise,V,True,8.0049,9.4071,7.4114,7.7507,8.5955,9.4042,10.2233,11.0755,11.4107,14.24,1.3993,0.863217,3.630279,False,True,True,1.6278,3.3247,3.9993,1.0,1.0,0.0,0.0,0.0,4,"[2002, 2006, 2010, 2014]",98765,20000
2018-09-09,2018,2018-08-12,28,pp_symmetric_noise,MP,True,4.4143,5.4095,3.3652,3.6478,4.4844,5.4087,6.3557,7.1666,7.4541,23.95,0.9944,0.605332,3.630279,False,True,True,1.8712,3.5188,4.0889,1.0,1.0,0.0,0.0,0.0,4,"[2002, 2006, 2010, 2014]",98765,20000
2018-09-09,2018,2018-08-12,28,pp_symmetric_noise,SD,True,17.534,19.5904,16.4573,17.0885,18.3402,19.5924,20.8386,22.083,22.68,14.12,2.0584,1.26152,3.630279,False,True,True,2.4984,4.9944,6.2227,1.0,1.0,0.0,0.0,0.0,4,"[2002, 2006, 2010, 2014]",98765,20000
2018-09-09,2018,2018-08-12,28,pp_symmetric_noise,REST,False,1.5307,2.6116,1.6877,1.8313,2.178,2.6062,3.0541,3.377,3.5339,1.67,1.0755,0.756196,3.630279,False,False,False,0.876,1.5457,1.8462,1.0,1.0,0.0,0.0,0.0,4,"[2002, 2006, 2010, 2014]",98765,20000
2018-09-09,2018,2018-08-26,14,pp_centered_noise,M,True,19.8356,18.7952,15.6709,15.9806,17.8308,19.3259,20.0144,20.5505,20.8106,69.3,0.5097,0.467926,2.696867,True,True,True,2.1836,4.5699,5.1398,1.0,1.0,0.0,0.0,0.0,4,"[2002, 2006, 2010, 2014]",98765,20000
2018-09-09,2018,2018-08-26,14,pp_centered_noise,L,True,5.4896,5.694,4.6298,4.7532,5.0124,5.5132,6.3759,6.9518,7.1039,49.24,0.0236,0.228374,2.696867,True,True,True,1.3635,2.1986,2.4741,1.0,1.0,0.0,0.0,0.0,4,"[2002, 2006, 2010, 2014]",98765,20000
2018-09-09,2018,2018-08-26,14,pp_centered_noise,C,True,8.6077,9.1024,8.098,8.2615,8.5534,9.1089,9.6334,9.9531,10.1272,28.18,0.5012,0.287777,2.696867,True,True,True,1.08,1.6916,2.0292,1.0,1.0,0.0,0.0,0.0,4,"[2002, 2006, 2010, 2014]",98765,20000
2018-09-09,2018,2018-08-26,14,pp_centered_noise,KD,True,6.3223,4.9077,4.2252,4.3617,4.6157,4.9109,5.195,5.4385,5.5925,99.94,1.4114,1.178464,2.696867,False,False,False,0.5794,1.0768,1.3673,1.0,1.0,0.0,0.0,0.0,4,"[2002, 2006, 2010, 2014]",98765,20000
2018-09-09,2018,2018-08-26,14,pp_centered_noise,S,True,28.261,25.9815,24.6364,24.8424,25.1928,25.6477,26.651,27.7955,28.0954,96.98,2.6133,1.692176,2.696867,False,False,False,1.4582,2.9531,3.459,1.0,1.0,0.0,0.0,0.0,4,"[2002, 2006, 2010, 2014]",98765,20000
2018-09-09,2018,2018-08-26,14,pp_centered_noise,V,True,8.0049,9.1041,7.8384,8.0275,8.4986,9.2348,9.7126,9.9909,10.1382,9.36,1.2299,0.715243,2.696867,False,False,True,1.214,1.9634,2.2998,1.0,1.0,0.0,0.0,0.0,4,"[2002, 2006, 2010, 2014]",98765,20000
2018-09-09,2018,2018-08-26,14,pp_centered_noise,MP,True,4.4143,5.2034,4.0281,4.1713,4.5547,5.2648,5.8516,6.1416,6.2912,19.82,0.8506,0.46475,2.696867,False,True,True,1.2969,1.9703,2.263,1.0,1.0,0.0,0.0,0.0,4,"[2002, 2006, 2010, 2014]",98765,20000
2018-09-09,2018,2018-08-26,14,pp_centered_noise,SD,True,17.534,18.8011,17.35,17.5796,17.9811,18.562,19.5951,20.4367,20.7377,8.81,1.028,0.710263,2.696867,False,False,True,1.614,2.8571,3.3877,1.0,1.0,0.0,0.0,0.0,4,"[2002, 2006, 2010, 2014]",98765,20000
2018-09-09,2018,2018-08-26,14,pp_centered_noise,REST,False,1.5307,2.4106,1.8669,1.9546,2.1305,2.4176,2.6751,2.8622,2.9634,0.03,0.8869,0.681711,2.696867,False,False,False,0.5446,0.9076,1.0964,1.0,1.0,0.0,0.0,0.0,4,"[2002, 2006, 2010, 2014]",98765,20000
2018-09-09,2018,2018-08-26,14,pp_symmetric_noise,M,True,19.8356,18.7943,15.7832,16.2776,17.7743,18.7949,19.8237,21.2529,21.7789,75.19,1.0407,0.656515,2.624716,False,True,True,2.0495,4.9752,5.9957,1.0,1.0,0.0,0.0,0.0,4,"[2002, 2006, 2010, 2014]",98765,20000
2018-09-09,2018,2018-08-26,14,pp_symmetric_noise,L,True,5.4896,5.6985,4.398,4.5516,4.8596,5.6874,6.5317,6.8609,7.0122,43.91,0.1978,0.288373,2.624716,True,True,True,1.6721,2.3093,2.6142,1.0,1.0,0.0,0.0,0.0,4,"[2002, 2006, 2010, 2014]",98765,20000
2018-09-09,2018,2018-08-26,14,pp_symmetric_noise,C,True,8.6077,9.1002,7.8558,8.0599,8.5445,9.0984,9.6569,10.1276,10.3515,27.11,0.4907,0.307352,2.624716,True,True,True,1.1124,2.0677,2.4957,1.0,1.0,0.0,0.0,0.0,4,"[2002, 2006, 2010, 2014]",98765,20000
2018-09-09,2018,2018-08-26,14,pp_symmetric_noise,KD,True,6.3223,4.9054,3.6315,3.8123,4.1758,4.8994,5.6333,5.9925,6.1852,97.3,1.4229,0.942022,2.624716,False,False,False,1.4575,2.1801,2.5537,1.0,1.0,0.0,0.0,0.0,4,"[2002, 2006, 2010, 2014]",98765,20000
2018-09-09,2018,2018-08-26,14,pp_symmetric_noise,S,True,28.261,25.9952,22.399,22.9558,24.5352,26.1171,27.4423,29.0287,29.5946,86.77,2.1438,1.373783,2.624716,False,True,True,2.9071,6.0728,7.1956,1.0,1.0,0.0,0.0,0.0,4,"[2002, 2006, 2010, 2014]",98765,20000
2018-09-09,2018,2018-08-26,14,pp_symmetric_noise,V,True,8.0049,9.0991,7.1278,7.4467,8.3327,9.0983,9.875,10.7595,11.0626,19.32,1.0934,0.665397,2.624716,False,True,True,1.5423,3.3128,3.9348,1.0,1.0,0.0,0.0,0.0,4,"[2002, 2006, 2010, 2014]",98765,20000
2018-09-09,2018,2018-08-26,14,pp_symmetric_noise,MP,True,4.4143,5.1934,3.1942,3.4416,4.276,5.1903,6.102,6.9431,7.1833,26.84,0.776,0.503249,2.624716,True,True,True,1.8259,3.5015,3.9891,1.0,1.0,0.0,0.0,0.0,4,"[2002, 2006, 2010, 2014]",98765,20000
2018-09-09,2018,2018-08-26,14,pp_symmetric_noise,SD,True,17.534,18.8054,15.7805,16.3099,17.6596,18.8118,19.9508,21.3068,21.8246,22.73,1.2779,0.769409,2.624716,False,True,True,2.2911,4.9969,6.0442,1.0,1.0,0.0,0.0,0.0,4,"[2002, 2006, 2010, 2014]",98765,20000
2018-09-09,2018,2018-08-26,14,pp_symmetric_noise,REST,False,1.5307,2.4085,1.5249,1.6463,1.9853,2.4037,2.8432,3.158,3.2914,5.22,0.873,0.572569,2.624716,False,False,True,0.8579,1.5117,1.7666,1.0,1.0,0.0,0.0,0.0,4,"[2002, 2006, 2010, 2014]",98765,20000
2018-09-09,2018,2018-09-02,7,pp_centered_noise,M,True,19.8356,18.7952,15.7842,16.019,18.0543,19.345,19.9843,20.4758,20.7012,70.07,0.4906,0.455596,2.016269,True,True,True,1.93,4.4568,4.917,1.0,1.0,0.0,0.0,0.0,4,"[2002, 2006, 2010, 2014]",98765,20000
2018-09-09,2018,2018-09-02,7,pp_centered_noise,L,True,5.4896,5.6002,4.5622,4.6793,4.9133,5.4372,6.309,6.842,6.981,51.28,0.0524,0.230335,2.016269,True,True,True,1.3957,2.1627,2.4188,1.0,1.0,0.0,0.0,0.0,4,"[2002, 2006, 2010, 2014]",98765,20000
2018-09-09,2018,2018-09-02,7,pp_centered_noise,C,True,8.6077,8.9061,7.9579,8.0934,8.3529,8.9119,9.4465,9.7226,9.8793,39.36,0.3041,0.221939,2.016269,True,True,True,1.0935,1.6291,1.9214,1.0,1.0,0.0,0.0,0.0,4,"[2002, 2006, 2010, 2014]",98765,20000
2018-09-09,2018,2018-09-02,7,pp_centered_noise,KD,True,6.3223,5.5033,4.8116,4.9557,5.2075,5.5114,5.7955,6.0381,6.1803,97.89,0.8109,0.588459,2.016269,False,False,False,0.588,1.0825,1.3687,1.0,1.0,0.0,0.0,0.0,4,"[2002, 2006, 2010, 2014]",98765,20000
2018-09-09,2018,2018-09-02,7,pp_centered_noise,S,True,28.261,26.5884,25.33,25.5149,25.8339,26.2291,27.2569,28.3779,28.6431,87.55,2.0319,1.181613,2.016269,False,True,True,1.423,2.863,3.3131,1.0,1.0,0.0,0.0,0.0,4,"[2002, 2006, 2010, 2014]",98765,20000
2018-09-09,2018,2018-09-02,7,pp_centered_noise,V,True,8.0049,8.901,7.6684,7.8329,8.2861,9.0339,9.5053,9.7665,9.9009,15.85,1.029,0.563003,2.016269,False,True,True,1.2191,1.9336,2.2326,1.0,1.0,0.0,0.0,0.0,4,"[2002, 2006, 2010, 2014]",98765,20000
2018-09-09,2018,2018-09-02,7,pp_centered_noise,MP,True,4.4143,5.0046,3.8562,3.9908,4.3603,5.0623,5.6486,5.928,6.0569,27.08,0.6481,0.358937,2.016269,True,True,True,1.2883,1.9371,2.2007,1.0,1.0,0.0,0.0,0.0,4,"[2002, 2006, 2010, 2014]",98765,20000
2018-09-09,2018,2018-09-02,7,pp_centered_noise,SD,True,17.534,18.4955,17.18,17.3561,17.6981,18.2305,19.2801,20.1079,20.3547,17.23,0.6966,0.477753,2.016269,False,True,True,1.5819,2.7518,3.1747,1.0,1.0,0.0,0.0,0.0,4,"[2002, 2006, 2010, 2014]",98765,20000
2018-09-09,2018,2018-09-02,7,pp_centered_noise,REST,False,1.5307,2.2055,1.6918,1.7691,1.9299,2.2169,2.4705,2.6346,2.7211,0.71,0.6862,0.485106,2.016269,False,False,False,0.5406,0.8655,1.0293,1.0,1.0,0.0,0.0,0.0,4,"[2002, 2006, 2010, 2014]",98765,20000
2018-09-09,2018,2018-09-02,7,pp_symmetric_noise,M,True,19.8356,18.795,15.8172,16.2608,17.821,18.7791,19.7992,21.3472,21.7835,75.62,1.0565,0.66079,2.034612,False,True,True,1.9783,5.0864,5.9663,1.0,1.0,0.0,0.0,0.0,4,"[2002, 2006, 2010, 2014]",98765,20000
2018-09-09,2018,2018-09-02,7,pp_symmetric_noise,L,True,5.4896,5.6045,4.3303,4.4665,4.7595,5.6017,6.4404,6.7423,6.8874,46.38,0.1121,0.279361,2.034612,True,True,True,1.6809,2.2757,2.5571,1.0,1.0,0.0,0.0,0.0,4,"[2002, 2006, 2010, 2014]",98765,20000
2018-09-09,2018,2018-09-02,7,pp_symmetric_noise,C,True,8.6077,8.9031,7.6924,7.88,8.359,8.8983,9.4522,9.9297,10.1213,34.44,0.2906,0.228588,2.034612,True,True,True,1.0932,2.0497,2.4289,1.0,1.0,0.0,0.0,0.0,4,"[2002, 2006, 2010, 2014]",98765,20000
2018-09-09,2018,2018-09-02,7,pp_symmetric_noise,KD,True,6.3223,5.5048,4.2046,4.392,4.7759,5.5103,6.2288,6.6107,6.788,78.9,0.812,0.462559,2.034612,False,True,True,1.4529,2.2187,2.5834,1.0,1.0,0.0,0.0,0.0,4,"[2002, 2006, 2010, 2014]",98765,20000
2018-09-09,2018,2018-09-02,7,pp_symmetric_noise,S,True,28.261,26.5883,23.0046,23.4932,25.1543,26.5857,28.0246,29.6722,30.1677,81.03,1.6753,0.965212,2.034612,False,True,True,2.8703,6.179,7.1631,1.0,1.0,0.0,0.0,0.0,4,"[2002, 2006, 2010, 2014]",98765,20000
2018-09-09,2018,2018-09-02,7,pp_symmetric_noise,V,True,8.0049,8.8999,6.9526,7.2515,8.1373,8.9106,9.6623,10.5633,10.8339,22.96,0.9058,0.553244,2.034612,False,True,True,1.525,3.3118,3.8813,1.0,1.0,0.0,0.0,0.0,4,"[2002, 2006, 2010, 2014]",98765,20000
2018-09-09,2018,2018-09-02,7,pp_symmetric_noise,MP,True,4.4143,5.0031,3.0238,3.2712,4.0987,5.0031,5.9198,6.7469,6.9769,30.2,0.5889,0.420211,2.034612,True,True,True,1.8212,3.4758,3.9532,1.0,1.0,0.0,0.0,0.0,4,"[2002, 2006, 2010, 2014]",98765,20000
2018-09-09,2018,2018-09-02,7,pp_symmetric_noise,SD,True,17.534,18.4962,15.5258,15.9694,17.3699,18.5101,19.6084,21.0186,21.4763,28.34,0.9762,0.611478,2.034612,True,True,True,2.2385,5.0492,5.9505,1.0,1.0,0.0,0.0,0.0,4,"[2002, 2006, 2010, 2014]",98765,20000
2018-09-09,2018,2018-09-02,7,pp_symmetric_noise,REST,False,1.5307,2.2051,1.3384,1.4506,1.7851,2.2028,2.6376,2.9445,3.0622,14.13,0.6721,0.408791,2.034612,False,True,True,0.8525,1.4939,1.7239,1.0,1.0,0.0,0.0,0.0,4,"[2002, 2006, 2010, 2014]",98765,20000
2022-09-11,2022,2022-05-22,112,pp_centered_noise,M,True,19.1021,20.8532,16.1685,17.1228,19.1897,20.9861,22.652,23.9818,24.8779,23.93,1.884,1.120932,3.164474,False,True,True,3.4623,6.859,8.7094,0.9997,1.0,0.0019,0.0014,0.0005,5,"[2002, 2006, 2010, 2014, 2018]",98765,20000
2022-09-11,2022,2022-05-22,112,pp_centered_noise,L,True,4.6086,3.7083,2.4828,2.6884,3.0815,3.5962,4.2776,4.9322,5.2419,83.28,1.0123,0.584597,3.164474,False,True,True,1.196,2.2438,2.7592,0.9997,1.0,0.0019,0.0014,0.0005,5,"[2002, 2006, 2010, 2014, 2018]",98765,20000
2022-09-11,2022,2022-05-22,112,pp_centered_noise,C,True,6.7142,6.2135,4.7866,5.0363,5.5282,6.1797,6.8103,7.4469,7.7973,71.84,0.5345,0.342238,3.164474,True,True,True,1.2821,2.4105,3.0107,0.9997,1.0,0.0019,0.0014,0.0005,5,"[2002, 2006, 2010, 2014, 2018]",98765,20000
2022-09-11,2022,2022-05-22,112,pp_centered_noise,KD,True,5.3367,5.8663,4.0449,4.5768,5.1673,5.7611,6.4114,7.1776,8.0751,31.59,0.4243,0.303965,3.164474,True,True,True,1.244,2.6007,4.0303,0.9997,1.0,0.0019,0.0014,0.0005,5,"[2002, 2006, 2010, 2014, 2018]",98765,20000
2022-09-11,2022,2022-05-22,112,pp_centered_noise,S,True,30.3255,31.6317,27.1643,28.3554,29.806,31.6417,33.3557,34.9825,36.0429,31.37,1.3163,0.860281,3.164474,True,True,True,3.5497,6.6271,8.8786,0.9997,1.0,0.0019,0.0014,0.0005,5,"[2002, 2006, 2010, 2014, 2018]",98765,20000
2022-09-11,2022,2022-05-22,112,pp_centered_noise,V,True,6.7467,8.4956,6.6874,7.0768,7.6956,8.4778,9.2765,9.9176,10.3711,5.54,1.731,1.160988,3.164474,False,False,True,1.581,2.8407,3.6837,0.9997,1.0,0.0019,0.0014,0.0005,5,"[2002, 2006, 2010, 2014, 2018]",98765,20000
2022-09-11,2022,2022-05-22,112,pp_centered_noise,MP,True,5.0825,3.2118,1.8665,2.0912,2.6249,3.3035,3.7815,4.1798,4.4294,99.58,1.779,1.420072,3.164474,False,False,False,1.1566,2.0885,2.5629,0.9997,1.0,0.0019,0.0014,0.0005,5,"[2002, 2006, 2010, 2014, 2018]",98765,20000
2022-09-11,2022,2022-05-22,112,pp_centered_noise,SD,True,20.5361,17.8121,14.1399,14.898,16.2861,17.7758,19.2769,20.8156,21.6277,87.83,2.7603,1.719108,3.164474,False,True,True,2.9908,5.9176,7.4878,0.9997,1.0,0.0019,0.0014,0.0005,5,"[2002, 2006, 2010, 2014, 2018]",98765,20000
2022-09-11,2022,2022-05-22,112,pp_centered_noise,REST,False,1.5476,2.2076,0.7545,1.0681,1.6134,2.1605,2.7316,3.3313,3.7824,22.68,0.6129,0.375031,3.164474,False,True,True,1.1182,2.2631,3.0279,0.9997,1.0,0.0019,0.0014,0.0005,5,"[2002, 2006, 2010, 2014, 2018]",98765,20000
2022-09-11,2022,2022-05-22,112,pp_symmetric_noise,M,True,19.1021,20.8474,16.5056,17.4014,19.0396,20.8214,22.5992,24.237,25.236,25.8,1.7193,1.051216,3.201244,True,True,True,3.5595,6.8356,8.7304,0.9967,1.0,0.0188,0.0118,0.0052,5,"[2002, 2006, 2010, 2014, 2018]",98765,20000
2022-09-11,2022,2022-05-22,112,pp_symmetric_noise,L,True,4.6086,3.7082,2.2533,2.4883,2.9761,3.7086,4.4284,4.9131,5.1685,81.31,0.9,0.526867,3.201244,False,True,True,1.4523,2.4248,2.9153,0.9967,1.0,0.0188,0.0118,0.0052,5,"[2002, 2006, 2010, 2014, 2018]",98765,20000
2022-09-11,2022,2022-05-22,112,pp_symmetric_noise,C,True,6.7142,6.2171,4.601,4.9612,5.5386,6.1836,6.8626,7.5057,7.9093,70.02,0.5306,0.340568,3.201244,True,True,True,1.324,2.5446,3.3083,0.9967,1.0,0.0188,0.0118,0.0052,5,"[2002, 2006, 2010, 2014, 2018]",98765,20000
2022-09-11,2022,2022-05-22,112,pp_symmetric_noise,KD,True,5.3367,5.8605,3.8696,4.3362,5.006,5.7791,6.5686,7.3572,8.1657,35.12,0.4423,0.341967,3.201244,True,True,True,1.5626,3.021,4.2962,0.9967,1.0,0.0188,0.0118,0.0052,5,"[2002, 2006, 2010, 2014, 2018]",98765,20000
2022-09-11,2022,2022-05-22,112,pp_symmetric_noise,S,True,30.3255,31.6466,26.1575,27.2355,29.2953,31.6407,33.9985,36.0191,37.1142,35.36,1.3152,1.009242,3.201244,True,True,True,4.7032,8.7837,10.9566,0.9967,1.0,0.0188,0.0118,0.0052,5,"[2002, 2006, 2010, 2014, 2018]",98765,20000
2022-09-11,2022,2022-05-22,112,pp_symmetric_noise,V,True,6.7467,8.4834,5.9997,6.445,7.3144,8.479,9.6357,10.4971,10.9972,14.59,1.7323,1.037053,3.201244,False,True,True,2.3212,4.0521,4.9975,0.9967,1.0,0.0188,0.0118,0.0052,5,"[2002, 2006, 2010, 2014, 2018]",98765,20000
2022-09-11,2022,2022-05-22,112,pp_symmetric_noise,MP,True,5.0825,3.2072,1.1955,1.5522,2.4118,3.1957,4.0306,4.8274,5.1818,93.64,1.8868,1.242639,3.201244,False,False,True,1.6188,3.2753,3.9862,0.9967,1.0,0.0188,0.0118,0.0052,5,"[2002, 2006, 2010, 2014, 2018]",98765,20000
2022-09-11,2022,2022-05-22,112,pp_symmetric_noise,SD,True,20.5361,17.8282,13.8132,14.697,16.1281,17.7803,19.4808,21.091,21.9811,86.17,2.7558,1.678904,3.201244,False,True,True,3.3527,6.3939,8.168,0.9967,1.0,0.0188,0.0118,0.0052,5,"[2002, 2006, 2010, 2014, 2018]",98765,20000
2022-09-11,2022,2022-05-22,112,pp_symmetric_noise,REST,False,1.5476,2.2015,0.408,0.7937,1.4264,2.1229,2.905,3.6819,4.1352,29.0,0.5753,0.380452,3.201244,True,True,True,1.4786,2.8882,3.7272,0.9967,1.0,0.0188,0.0118,0.0052,5,"[2002, 2006, 2010, 2014, 2018]",98765,20000
2022-09-11,2022,2022-06-19,84,pp_centered_noise,M,True,19.1021,19.6497,15.3663,16.281,18.1907,19.8811,21.2283,22.3615,23.0901,37.38,0.779,0.63501,3.07175,True,True,True,3.0376,6.0806,7.7238,0.9989,1.0,0.0067,0.0044,0.0017,5,"[2002, 2006, 2010, 2014, 2018]",98765,20000
2022-09-11,2022,2022-06-19,84,pp_centered_noise,L,True,4.6086,4.8225,3.4569,3.6939,4.1408,4.7125,5.4298,6.1186,6.4981,45.47,0.1039,0.224774,3.07175,True,True,True,1.2891,2.4247,3.0412,0.9989,1.0,0.0067,0.0044,0.0017,5,"[2002, 2006, 2010, 2014, 2018]",98765,20000
2022-09-11,2022,2022-06-19,84,pp_centered_noise,C,True,6.7142,5.7911,4.577,4.7975,5.2056,5.7614,6.317,6.8538,7.1455,86.92,0.9528,0.585814,3.07175,False,True,True,1.1113,2.0563,2.5684,0.9989,1.0,0.0067,0.0044,0.0017,5,"[2002, 2006, 2010, 2014, 2018]",98765,20000
2022-09-11,2022,2022-06-19,84,pp_centered_noise,KD,True,5.3367,6.1595,4.5659,4.9493,5.48,6.0666,6.717,7.3912,8.0525,19.89,0.7298,0.448504,3.07175,False,True,True,1.237,2.4419,3.4866,0.9989,1.0,0.0067,0.0044,0.0017,5,"[2002, 2006, 2010, 2014, 2018]",98765,20000
2022-09-11,2022,2022-06-19,84,pp_centered_noise,S,True,30.3255,31.9967,28.2794,29.2008,30.4368,31.9617,33.4664,34.8764,35.8184,23.58,1.6363,0.979843,3.07175,False,True,True,3.0296,5.6756,7.539,0.9989,1.0,0.0067,0.0044,0.0017,5,"[2002, 2006, 2010, 2014, 2018]",98765,20000
2022-09-11,2022,2022-06-19,84,pp_centered_noise,V,True,6.7467,8.5863,6.9115,7.2686,7.8257,8.5696,9.3237,9.9294,10.2947,3.4,1.8229,1.270967,3.07175,False,False,False,1.498,2.6608,3.3832,0.9989,1.0,0.0067,0.0044,0.0017,5,"[2002, 2006, 2010, 2014, 2018]",98765,20000
2022-09-11,2022,2022-06-19,84,pp_centered_noise,MP,True,5.0825,3.5124,2.183,2.4039,2.9254,3.6081,4.0886,4.4693,4.6982,98.68,1.4744,1.128869,3.07175,False,False,False,1.1632,2.0654,2.5153,0.9989,1.0,0.0067,0.0044,0.0017,5,"[2002, 2006, 2010, 2014, 2018]",98765,20000
2022-09-11,2022,2022-06-19,84,pp_centered_noise,SD,True,20.5361,17.582,14.3781,14.9844,16.2134,17.5285,18.9277,20.2341,20.9593,92.34,3.0076,1.954881,3.07175,False,False,True,2.7144,5.2497,6.5812,0.9989,1.0,0.0067,0.0044,0.0017,5,"[2002, 2006, 2010, 2014, 2018]",98765,20000
2022-09-11,2022,2022-06-19,84,pp_centered_noise,REST,False,1.5476,1.8999,0.4914,0.8094,1.3559,1.8801,2.407,2.9319,3.3303,32.9,0.3326,0.242442,3.07175,True,True,True,1.0511,2.1224,2.8388,0.9989,1.0,0.0067,0.0044,0.0017,5,"[2002, 2006, 2010, 2014, 2018]",98765,20000
2022-09-11,2022,2022-06-19,84,pp_symmetric_noise,M,True,19.1021,19.6452,15.7985,16.5931,18.0265,19.6156,21.2475,22.6867,23.551,41.93,0.5135,0.60405,3.108507,True,True,True,3.2211,6.0936,7.7524,0.9924,1.0,0.037,0.0267,0.0118,5,"[2002, 2006, 2010, 2014, 2018]",98765,20000
2022-09-11,2022,2022-06-19,84,pp_symmetric_noise,L,True,4.6086,4.8156,3.2417,3.5149,4.0454,4.7962,5.5373,6.1028,6.4322,43.66,0.1876,0.266556,3.108507,True,True,True,1.4919,2.5879,3.1905,0.9924,1.0,0.037,0.0267,0.0118,5,"[2002, 2006, 2010, 2014, 2018]",98765,20000
2022-09-11,2022,2022-06-19,84,pp_symmetric_noise,C,True,6.7142,5.7875,4.3531,4.6697,5.1993,5.7726,6.3511,6.9116,7.2542,85.77,0.9416,0.574701,3.108507,False,True,True,1.1518,2.2419,2.9011,0.9924,1.0,0.037,0.0267,0.0118,5,"[2002, 2006, 2010, 2014, 2018]",98765,20000
2022-09-11,2022,2022-06-19,84,pp_symmetric_noise,KD,True,5.3367,6.164,4.3327,4.7155,5.3449,6.1108,6.8664,7.6029,8.1656,24.82,0.774,0.466173,3.108507,False,True,True,1.5215,2.8874,3.8329,0.9924,1.0,0.037,0.0267,0.0118,5,"[2002, 2006, 2010, 2014, 2018]",98765,20000
2022-09-11,2022,2022-06-19,84,pp_symmetric_noise,S,True,30.3255,31.9288,26.9844,27.9294,29.6958,31.9489,34.1125,35.8985,36.9244,31.81,1.6234,1.059987,3.108507,True,True,True,4.4167,7.9691,9.9401,0.9924,1.0,0.037,0.0267,0.0118,5,"[2002, 2006, 2010, 2014, 2018]",98765,20000
2022-09-11,2022,2022-06-19,84,pp_symmetric_noise,V,True,6.7467,8.6257,6.2472,6.6412,7.5038,8.61,9.7552,10.6033,11.0155,11.6,1.8633,1.151089,3.108507,False,True,True,2.2514,3.9622,4.7683,0.9924,1.0,0.037,0.0267,0.0118,5,"[2002, 2006, 2010, 2014, 2018]",98765,20000
2022-09-11,2022,2022-06-19,84,pp_symmetric_noise,MP,True,5.0825,3.5264,1.5173,1.8775,2.7305,3.528,4.3354,5.1514,5.49,88.99,1.5545,0.978206,3.108507,False,True,True,1.6049,3.2739,3.9726,0.9924,1.0,0.037,0.0267,0.0118,5,"[2002, 2006, 2010, 2014, 2018]",98765,20000
2022-09-11,2022,2022-06-19,84,pp_symmetric_noise,SD,True,20.5361,17.5808,13.9614,14.7713,16.0917,17.5574,19.06,20.4231,21.2976,90.77,2.9787,1.904619,3.108507,False,False,True,2.9683,5.6518,7.3363,0.9924,1.0,0.037,0.0267,0.0118,5,"[2002, 2006, 2010, 2014, 2018]",98765,20000
2022-09-11,2022,2022-06-19,84,pp_symmetric_noise,REST,False,1.5476,1.9259,0.1495,0.5407,1.1913,1.8779,2.5942,3.3193,3.7482,37.44,0.3303,0.286555,3.108507,True,True,True,1.4029,2.7786,3.5988,0.9924,1.0,0.037,0.0267,0.0118,5,"[2002, 2006, 2010, 2014, 2018]",98765,20000
2022-09-11,2022,2022-07-17,56,pp_centered_noise,M,True,19.1021,19.5641,15.6245,16.3626,18.3812,19.9034,20.9808,21.9383,22.4839,34.59,0.8013,0.592679,2.555686,True,True,True,2.5995,5.5757,6.8594,0.9989,1.0,0.0075,0.0041,0.0013,5,"[2002, 2006, 2010, 2014, 2018]",98765,20000
2022-09-11,2022,2022-07-17,56,pp_centered_noise,L,True,4.6086,5.3203,3.9547,4.2056,4.6587,5.2139,5.9207,6.6036,6.9765,22.85,0.6054,0.382703,2.555686,False,True,True,1.2621,2.398,3.0219,0.9989,1.0,0.0075,0.0041,0.0013,5,"[2002, 2006, 2010, 2014, 2018]",98765,20000
2022-09-11,2022,2022-07-17,56,pp_centered_noise,C,True,6.7142,6.0046,4.9368,5.1332,5.4774,5.9637,6.5147,6.9424,7.1724,82.83,0.7505,0.434082,2.555686,False,True,True,1.0373,1.8091,2.2356,0.9989,1.0,0.0075,0.0041,0.0013,5,"[2002, 2006, 2010, 2014, 2018]",98765,20000
2022-09-11,2022,2022-07-17,56,pp_centered_noise,KD,True,5.3367,6.1365,4.8008,5.1023,5.5613,6.0826,6.6391,7.2189,7.6392,16.38,0.7459,0.453883,2.555686,False,True,True,1.0777,2.1166,2.8385,0.9989,1.0,0.0075,0.0041,0.0013,5,"[2002, 2006, 2010, 2014, 2018]",98765,20000
2022-09-11,2022,2022-07-17,56,pp_centered_noise,S,True,30.3255,30.8053,27.8953,28.5622,29.564,30.7591,32.0212,33.1314,33.806,40.66,0.4336,0.46343,2.555686,True,True,True,2.4572,4.5692,5.9107,0.9989,1.0,0.0075,0.0041,0.0013,5,"[2002, 2006, 2010, 2014, 2018]",98765,20000
2022-09-11,2022,2022-07-17,56,pp_centered_noise,V,True,6.7467,8.3036,6.852,7.1204,7.5883,8.2772,9.0113,9.4992,9.7929,3.67,1.5305,1.048459,2.555686,False,False,False,1.423,2.3789,2.9409,0.9989,1.0,0.0075,0.0041,0.0013,5,"[2002, 2006, 2010, 2014, 2018]",98765,20000
2022-09-11,2022,2022-07-17,56,pp_centered_noise,MP,True,5.0825,4.3221,2.9924,3.2195,3.7425,4.4166,4.8929,5.2665,5.4917,83.73,0.6659,0.424999,2.555686,False,True,True,1.1505,2.047,2.4992,0.9989,1.0,0.0075,0.0041,0.0013,5,"[2002, 2006, 2010, 2014, 2018]",98765,20000
2022-09-11,2022,2022-07-17,56,pp_centered_noise,SD,True,20.5361,17.7632,14.9753,15.5388,16.5466,17.7256,18.9484,20.0528,20.6504,94.28,2.8106,1.870687,2.555686,False,False,True,2.4018,4.5139,5.6751,0.9989,1.0,0.0075,0.0041,0.0013,5,"[2002, 2006, 2010, 2014, 2018]",98765,20000
2022-09-11,2022,2022-07-17,56,pp_centered_noise,REST,False,1.5476,1.7802,0.4101,0.7031,1.2664,1.7804,2.2708,2.7657,3.1041,37.31,0.2328,0.206503,2.555686,True,True,True,1.0044,2.0626,2.694,0.9989,1.0,0.0075,0.0041,0.0013,5,"[2002, 2006, 2010, 2014, 2018]",98765,20000
2022-09-11,2022,2022-07-17,56,pp_symmetric_noise,M,True,19.1021,19.5451,16.1335,16.8034,18.0561,19.5552,21.0125,22.2782,22.9614,42.16,0.4531,0.546283,2.563231,True,True,True,2.9564,5.4748,6.8279,0.99,1.0,0.048,0.0362,0.0165,5,"[2002, 2006, 2010, 2014, 2018]",98765,20000
2022-09-11,2022,2022-07-17,56,pp_symmetric_noise,L,True,4.6086,5.3249,3.7781,4.0427,4.5678,5.3195,6.0428,6.5978,6.8956,26.32,0.711,0.419509,2.563231,True,True,True,1.475,2.5551,3.1175,0.99,1.0,0.048,0.0362,0.0165,5,"[2002, 2006, 2010, 2014, 2018]",98765,20000
2022-09-11,2022,2022-07-17,56,pp_symmetric_noise,C,True,6.7142,5.9984,4.7062,4.9779,5.4827,5.9832,6.5134,7.0322,7.3178,81.75,0.731,0.434224,2.563231,False,True,True,1.0307,2.0543,2.6116,0.99,1.0,0.048,0.0362,0.0165,5,"[2002, 2006, 2010, 2014, 2018]",98765,20000
2022-09-11,2022,2022-07-17,56,pp_symmetric_noise,KD,True,5.3367,6.1287,4.5141,4.8359,5.3948,6.095,6.811,7.4218,7.8304,23.2,0.7582,0.453222,2.563231,False,True,True,1.4162,2.5859,3.3163,0.99,1.0,0.048,0.0362,0.0165,5,"[2002, 2006, 2010, 2014, 2018]",98765,20000
2022-09-11,2022,2022-07-17,56,pp_symmetric_noise,S,True,30.3255,30.7691,26.3464,27.135,28.6813,30.8227,32.8239,34.3234,35.1036,43.94,0.4973,0.734948,2.563231,True,True,True,4.1427,7.1884,8.7572,0.99,1.0,0.048,0.0362,0.0165,5,"[2002, 2006, 2010, 2014, 2018]",98765,20000
2022-09-11,2022,2022-07-17,56,pp_symmetric_noise,V,True,6.7467,8.3215,6.0997,6.4297,7.2112,8.2958,9.4305,10.2389,10.5799,16.09,1.5491,0.929034,2.563231,False,True,True,2.2193,3.8092,4.4803,0.99,1.0,0.048,0.0362,0.0165,5,"[2002, 2006, 2010, 2014, 2018]",98765,20000
2022-09-11,2022,2022-07-17,56,pp_symmetric_noise,MP,True,5.0825,4.3107,2.325,2.6811,3.532,4.3141,5.0976,5.9187,6.2748,74.61,0.7684,0.477531,2.563231,True,True,True,1.5656,3.2376,3.9498,0.99,1.0,0.048,0.0362,0.0165,5,"[2002, 2006, 2010, 2014, 2018]",98765,20000
2022-09-11,2022,2022-07-17,56,pp_symmetric_noise,SD,True,20.5361,17.8031,14.5484,15.2635,16.4749,17.7988,19.1343,20.3769,21.0573,91.34,2.7374,1.768555,2.563231,False,False,True,2.6593,5.1135,6.5089,0.99,1.0,0.048,0.0362,0.0165,5,"[2002, 2006, 2010, 2014, 2018]",98765,20000
2022-09-11,2022,2022-07-17,56,pp_symmetric_noise,REST,False,1.5476,1.7986,0.017,0.4664,1.0956,1.7407,2.4446,3.1667,3.5337,42.3,0.1931,0.251804,2.563231,True,True,True,1.349,2.7003,3.5167,0.99,1.0,0.048,0.0362,0.0165,5,"[2002, 2006, 2010, 2014, 2018]",98765,20000
2022-09-11,2022,2022-08-14,28,pp_centered_noise,M,True,19.1021,18.2701,14.6642,15.1011,17.5362,18.6723,19.5891,20.275,20.6465,61.99,0.4298,0.44838,1.864907,True,True,True,2.0529,5.1739,5.9824,0.9988,1.0,0.0089,0.0052,0.0011,5,"[2002, 2006, 2010, 2014, 2018]",98765,20000
2022-09-11,2022,2022-08-14,28,pp_centered_noise,L,True,4.6086,5.4077,4.1797,4.4027,4.7777,5.2913,5.9666,6.6438,6.938,17.73,0.6827,0.431784,1.864907,False,True,True,1.1889,2.2411,2.7583,0.9988,1.0,0.0089,0.0052,0.0011,5,"[2002, 2006, 2010, 2014, 2018]",98765,20000
2022-09-11,2022,2022-08-14,28,pp_centered_noise,C,True,6.7142,6.4956,5.5407,5.712,6.0035,6.4302,6.9997,7.3642,7.5448,62.52,0.284,0.206203,1.864907,True,True,True,0.9961,1.6522,2.0041,0.9988,1.0,0.0089,0.0052,0.0011,5,"[2002, 2006, 2010, 2014, 2018]",98765,20000
2022-09-11,2022,2022-08-14,28,pp_centered_noise,KD,True,5.3367,6.0023,4.9468,5.1538,5.5209,5.9625,6.4408,6.9065,7.1839,16.35,0.6257,0.381078,1.864907,False,True,True,0.9198,1.7527,2.2371,0.9988,1.0,0.0089,0.0052,0.0011,5,"[2002, 2006, 2010, 2014, 2018]",98765,20000
2022-09-11,2022,2022-08-14,28,pp_centered_noise,S,True,30.3255,29.7414,27.6105,28.0292,28.6836,29.6184,30.8094,31.6335,32.1054,65.42,0.7071,0.472262,1.864907,True,True,True,2.1258,3.6043,4.4949,0.9988,1.0,0.0089,0.0052,0.0011,5,"[2002, 2006, 2010, 2014, 2018]",98765,20000
2022-09-11,2022,2022-08-14,28,pp_centered_noise,V,True,6.7467,8.094,6.8396,7.0244,7.4032,8.0921,8.783,9.1588,9.366,3.27,1.3454,0.887393,1.864907,False,False,False,1.3799,2.1344,2.5264,0.9988,1.0,0.0089,0.0052,0.0011,5,"[2002, 2006, 2010, 2014, 2018]",98765,20000
2022-09-11,2022,2022-08-14,28,pp_centered_noise,MP,True,5.0825,5.197,3.8813,4.1086,4.618,5.2977,5.7683,6.1304,6.3299,40.85,0.2152,0.215556,1.864907,True,True,True,1.1503,2.0218,2.4486,0.9988,1.0,0.0089,0.0052,0.0011,5,"[2002, 2006, 2010, 2014, 2018]",98765,20000
2022-09-11,2022,2022-08-14,28,pp_centered_noise,SD,True,20.5361,18.9789,16.4586,16.9571,17.9485,18.9458,20.0186,21.0464,21.5146,83.23,1.5903,0.948895,1.864907,False,True,True,2.0701,4.0893,5.056,0.9988,1.0,0.0089,0.0052,0.0011,5,"[2002, 2006, 2010, 2014, 2018]",98765,20000
2022-09-11,2022,2022-08-14,28,pp_centered_noise,REST,False,1.5476,1.8131,0.4254,0.7383,1.2718,1.7871,2.3098,2.8585,3.2244,37.01,0.2395,0.213957,1.864907,True,True,True,1.038,2.1202,2.799,0.9988,1.0,0.0089,0.0052,0.0011,5,"[2002, 2006, 2010, 2014, 2018]",98765,20000
2022-09-11,2022,2022-08-14,28,pp_symmetric_noise,M,True,19.1021,18.26,15.1984,15.7387,16.9099,18.2794,19.6163,20.7243,21.2674,66.47,0.8227,0.59586,1.864785,True,True,True,2.7064,4.9856,6.069,0.9909,1.0,0.0404,0.0308,0.016,5,"[2002, 2006, 2010, 2014, 2018]",98765,20000
2022-09-11,2022,2022-08-14,28,pp_symmetric_noise,L,True,4.6086,5.4034,3.9682,4.1962,4.6765,5.4031,6.1233,6.5886,6.8605,22.66,0.7945,0.460737,1.864785,False,True,True,1.4468,2.3924,2.8923,0.9909,1.0,0.0404,0.0308,0.016,5,"[2002, 2006, 2010, 2014, 2018]",98765,20000
2022-09-11,2022,2022-08-14,28,pp_symmetric_noise,C,True,6.7142,6.4972,5.2898,5.5411,6.0325,6.4907,6.9646,7.4675,7.7003,63.6,0.2235,0.193951,1.864785,True,True,True,0.932,1.9264,2.4105,0.9909,1.0,0.0404,0.0308,0.016,5,"[2002, 2006, 2010, 2014, 2018]",98765,20000
2022-09-11,2022,2022-08-14,28,pp_symmetric_noise,KD,True,5.3367,5.9935,4.6129,4.8702,5.3357,5.9927,6.63,7.1144,7.3794,25.04,0.656,0.386698,1.864785,True,True,True,1.2943,2.2441,2.7665,0.9909,1.0,0.0404,0.0308,0.016,5,"[2002, 2006, 2010, 2014, 2018]",98765,20000
2022-09-11,2022,2022-08-14,28,pp_symmetric_noise,S,True,30.3255,29.7278,25.7356,26.3546,27.8123,29.7826,31.6539,33.0289,33.6081,55.78,0.5429,0.711461,1.864785,True,True,True,3.8416,6.6742,7.8725,0.9909,1.0,0.0404,0.0308,0.016,5,"[2002, 2006, 2010, 2014, 2018]",98765,20000
2022-09-11,2022,2022-08-14,28,pp_symmetric_noise,V,True,6.7467,8.0961,5.9758,6.2463,7.0355,8.0622,9.1872,9.9787,10.2342,19.93,1.3155,0.790733,1.864785,False,True,True,2.1517,3.7324,4.2584,0.9909,1.0,0.0404,0.0308,0.016,5,"[2002, 2006, 2010, 2014, 2018]",98765,20000
2022-09-11,2022,2022-08-14,28,pp_symmetric_noise,MP,True,5.0825,5.1901,3.2042,3.5397,4.401,5.2019,5.98,6.7878,7.1466,46.01,0.1194,0.28345,1.864785,True,True,True,1.5791,3.2481,3.9423,0.9909,1.0,0.0404,0.0308,0.016,5,"[2002, 2006, 2010, 2014, 2018]",98765,20000
2022-09-11,2022,2022-08-14,28,pp_symmetric_noise,SD,True,20.5361,19.0135,16.0433,16.7228,17.8076,19.0261,20.2022,21.326,21.9818,80.63,1.5101,0.906438,1.864785,False,True,True,2.3947,4.6032,5.9385,0.9909,1.0,0.0404,0.0308,0.016,5,"[2002, 2006, 2010, 2014, 2018]",98765,20000
2022-09-11,2022,2022-08-14,28,pp_symmetric_noise,REST,False,1.5476,1.8184,0.092,0.4769,1.0866,1.7527,2.4799,3.1953,3.6336,42.09,0.2051,0.258974,1.864785,True,True,True,1.3933,2.7184,3.5416,0.9909,1.0,0.0404,0.0308,0.016,5,"[2002, 2006, 2010, 2014, 2018]",98765,20000
2022-09-11,2022,2022-08-28,14,pp_centered_noise,M,True,19.1021,18.3833,14.9623,15.2447,17.9313,18.7872,19.6748,20.2166,20.4842,59.15,0.3149,0.398212,1.340072,True,True,True,1.7435,4.9719,5.5219,0.9971,1.0,0.0236,0.0118,0.0024,5,"[2002, 2006, 2010, 2014, 2018]",98765,20000
2022-09-11,2022,2022-08-28,14,pp_centered_noise,L,True,4.6086,5.1015,4.0445,4.2067,4.518,4.9808,5.5519,6.2999,6.5133,29.82,0.3722,0.258498,1.340072,True,True,True,1.0339,2.0933,2.4688,0.9971,1.0,0.0236,0.0118,0.0024,5,"[2002, 2006, 2010, 2014, 2018]",98765,20000
2022-09-11,2022,2022-08-28,14,pp_centered_noise,C,True,6.7142,6.7036,5.9189,6.0272,6.2356,6.5826,7.2102,7.4894,7.6251,55.87,0.1316,0.17201,1.340072,True,True,True,0.9746,1.4622,1.7062,0.9971,1.0,0.0236,0.0118,0.0024,5,"[2002, 2006, 2010, 2014, 2018]",98765,20000
2022-09-11,2022,2022-08-28,14,pp_centered_noise,KD,True,5.3367,5.7952,4.9441,5.0985,5.3824,5.7445,6.1843,6.5945,6.7762,22.09,0.4078,0.253589,1.340072,False,True,True,0.8019,1.496,1.8321,0.9971,1.0,0.0236,0.0118,0.0024,5,"[2002, 2006, 2010, 2014, 2018]",98765,20000
2022-09-11,2022,2022-08-28,14,pp_centered_noise,S,True,30.3255,29.9724,28.3125,28.5645,29.0209,29.6883,31.0401,31.6265,31.9277,61.33,0.6371,0.418181,1.340072,True,True,True,2.0192,3.062,3.6152,0.9971,1.0,0.0236,0.0118,0.0024,5,"[2002, 2006, 2010, 2014, 2018]",98765,20000
2022-09-11,2022,2022-08-28,14,pp_centered_noise,V,True,6.7467,7.6969,6.5998,6.7219,6.9932,7.6517,8.4136,8.686,8.8178,11.18,0.905,0.546994,1.340072,False,True,True,1.4204,1.9641,2.218,0.9971,1.0,0.0236,0.0118,0.0024,5,"[2002, 2006, 2010, 2014, 2018]",98765,20000
2022-09-11,2022,2022-08-28,14,pp_centered_noise,MP,True,5.0825,5.2007,3.9939,4.1584,4.6124,5.3663,5.7482,6.0215,6.1745,39.05,0.2839,0.221453,1.340072,True,True,True,1.1359,1.8631,2.1806,0.9971,1.0,0.0236,0.0118,0.0024,5,"[2002, 2006, 2010, 2014, 2018]",98765,20000
2022-09-11,2022,2022-08-28,14,pp_centered_noise,SD,True,20.5361,19.7989,17.4844,17.8631,18.9089,19.7481,20.7211,21.7849,22.1356,71.73,0.788,0.50598,1.340072,True,True,True,1.8122,3.9218,4.6512,0.9971,1.0,0.0236,0.0118,0.0024,5,"[2002, 2006, 2010, 2014, 2018]",98765,20000
2022-09-11,2022,2022-08-28,14,pp_centered_noise,REST,False,1.5476,1.3475,0.1452,0.3665,0.9557,1.411,1.7778,2.1084,2.3247,59.45,0.1366,0.159494,1.340072,True,True,True,0.8221,1.7419,2.1795,0.9971,1.0,0.0236,0.0118,0.0024,5,"[2002, 2006, 2010, 2014, 2018]",98765,20000
2022-09-11,2022,2022-08-28,14,pp_symmetric_noise,M,True,19.1021,18.3348,15.4716,15.9068,17.0186,18.3781,19.6024,20.7104,21.2579,66.27,0.724,0.549114,1.484533,True,True,True,2.5838,4.8035,5.7863,0.9792,0.7996,0.081,0.0672,0.0408,5,"[2002, 2006, 2010, 2014, 2018]",98765,20000
2022-09-11,2022,2022-08-28,14,pp_symmetric_noise,L,True,4.6086,5.1189,3.8126,3.9916,4.4058,5.1187,5.8286,6.2234,6.4107,32.11,0.5101,0.330897,1.484533,True,True,True,1.4228,2.2319,2.5981,0.9792,0.7996,0.081,0.0672,0.0408,5,"[2002, 2006, 2010, 2014, 2018]",98765,20000
2022-09-11,2022,2022-08-28,14,pp_symmetric_noise,C,True,6.7142,6.7031,5.5663,5.7618,6.321,6.7018,7.0948,7.6308,7.817,51.02,0.0125,0.142746,1.484533,True,True,True,0.7738,1.869,2.2507,0.9792,0.7996,0.081,0.0672,0.0408,5,"[2002, 2006, 2010, 2014, 2018]",98765,20000
2022-09-11,2022,2022-08-28,14,pp_symmetric_noise,KD,True,5.3367,5.7932,4.556,4.759,5.1769,5.786,6.4068,6.8349,7.0458,31.75,0.4493,0.290435,1.484533,True,True,True,1.2299,2.0759,2.4898,0.9792,0.7996,0.081,0.0672,0.0408,5,"[2002, 2006, 2010, 2014, 2018]",98765,20000
2022-09-11,2022,2022-08-28,14,pp_symmetric_noise,S,True,30.3255,29.9196,26.272,26.6586,28.2069,30.0232,31.6774,33.065,33.5477,51.7,0.3023,0.68728,1.484533,True,True,True,3.4705,6.4064,7.2757,0.9792,0.7996,0.081,0.0672,0.0408,5,"[2002, 2006, 2010, 2014, 2018]",98765,20000
2022-09-11,2022,2022-08-28,14,pp_symmetric_noise,V,True,6.7467,7.7323,5.7192,5.948,6.663,7.6959,8.806,9.5588,9.7475,26.48,0.9492,0.592174,1.484533,True,True,True,2.143,3.6108,4.0283,0.9792,0.7996,0.081,0.0672,0.0408,5,"[2002, 2006, 2010, 2014, 2018]",98765,20000
2022-09-11,2022,2022-08-28,14,pp_symmetric_noise,MP,True,5.0825,5.2191,3.272,3.5906,4.5232,5.2114,5.9361,6.8518,7.1438,45.15,0.129,0.268418,1.484533,True,True,True,1.4129,3.2613,3.8717,0.9792,0.7996,0.081,0.0672,0.0408,5,"[2002, 2006, 2010, 2014, 2018]",98765,20000
2022-09-11,2022,2022-08-28,14,pp_symmetric_noise,SD,True,20.5361,19.8014,16.8724,17.5357,18.7098,19.8231,20.9122,21.9914,22.6665,65.89,0.7131,0.507933,1.484533,True,True,True,2.2024,4.4557,5.7941,0.9792,0.7996,0.081,0.0672,0.0408,5,"[2002, 2006, 2010, 2014, 2018]",98765,20000
2022-09-11,2022,2022-08-28,14,pp_symmetric_noise,REST,False,1.5476,1.3776,0.01,0.1532,0.7449,1.3307,1.9305,2.6012,2.9471,59.23,0.2169,0.230184,1.484533,True,True,True,1.1856,2.448,2.9371,0.9792,0.7996,0.081,0.0672,0.0408,5,"[2002, 2006, 2010, 2014, 2018]",98765,20000
2022-09-11,2022,2022-09-04,7,pp_centered_noise,M,True,19.1021,18.3968,15.0324,15.2547,18.0278,18.774,19.6635,20.1956,20.4003,59.3,0.3281,0.389234,1.189266,True,True,True,1.6357,4.9409,5.3678,0.9973,1.0,0.022,0.0111,0.0021,5,"[2002, 2006, 2010, 2014, 2018]",98765,20000
2022-09-11,2022,2022-09-04,7,pp_centered_noise,L,True,4.6086,4.9012,3.8903,4.0337,4.328,4.782,5.2997,6.1054,6.2938,40.23,0.1735,0.193744,1.189266,True,True,True,0.9717,2.0717,2.4035,0.9973,1.0,0.022,0.0111,0.0021,5,"[2002, 2006, 2010, 2014, 2018]",98765,20000
2022-09-11,2022,2022-09-04,7,pp_centered_noise,C,True,6.7142,6.6918,5.9435,6.0443,6.2357,6.5374,7.211,7.4624,7.5888,57.37,0.1768,0.176883,1.189266,True,True,True,0.9753,1.4181,1.6453,0.9973,1.0,0.022,0.0111,0.0021,5,"[2002, 2006, 2010, 2014, 2018]",98765,20000
2022-09-11,2022,2022-09-04,7,pp_centered_noise,KD,True,5.3367,5.6048,4.8074,4.9452,5.2186,5.5485,5.9653,6.3839,6.5345,33.56,0.2117,0.162536,1.189266,True,True,True,0.7467,1.4387,1.7271,0.9973,1.0,0.022,0.0111,0.0021,5,"[2002, 2006, 2010, 2014, 2018]",98765,20000
2022-09-11,2022,2022-09-04,7,pp_centered_noise,S,True,30.3255,30.1663,28.6575,28.8577,29.2368,29.819,31.2322,31.7649,32.0125,59.47,0.5065,0.386507,1.189266,True,True,True,1.9955,2.9072,3.3549,0.9973,1.0,0.022,0.0111,0.0021,5,"[2002, 2006, 2010, 2014, 2018]",98765,20000
2022-09-11,2022,2022-09-04,7,pp_centered_noise,V,True,6.7467,7.6018,6.5475,6.6584,6.8899,7.5622,8.3242,8.5627,8.6813,15.45,0.8155,0.476068,1.189266,False,True,True,1.4343,1.9043,2.1338,0.9973,1.0,0.022,0.0111,0.0021,5,"[2002, 2006, 2010, 2014, 2018]",98765,20000
2022-09-11,2022,2022-09-04,7,pp_centered_noise,MP,True,5.0825,5.1951,4.0021,4.1642,4.6179,5.373,5.7358,6.0087,6.1504,39.38,0.2905,0.221408,1.189266,True,True,True,1.1179,1.8446,2.1483,0.9973,1.0,0.022,0.0111,0.0021,5,"[2002, 2006, 2010, 2014, 2018]",98765,20000
2022-09-11,2022,2022-09-04,7,pp_centered_noise,SD,True,20.5361,20.0954,17.8644,18.1629,19.2706,20.0414,20.945,22.0723,22.3728,66.33,0.4947,0.391306,1.189266,True,True,True,1.6744,3.9095,4.5084,0.9973,1.0,0.022,0.0111,0.0021,5,"[2002, 2006, 2010, 2014, 2018]",98765,20000
2022-09-11,2022,2022-09-04,7,pp_centered_noise,REST,False,1.5476,1.3469,0.1538,0.3682,0.957,1.4195,1.7838,2.091,2.2957,59.21,0.1281,0.157296,1.189266,True,True,True,0.8268,1.7228,2.1419,0.9973,1.0,0.022,0.0111,0.0021,5,"[2002, 2006, 2010, 2014, 2018]",98765,20000
2022-09-11,2022,2022-09-04,7,pp_symmetric_noise,M,True,19.1021,18.3552,15.5114,15.9505,17.0365,18.3943,19.6251,20.7186,21.2614,66.31,0.7078,0.539915,1.380628,True,True,True,2.5885,4.7682,5.75,0.9796,0.8023,0.0798,0.066,0.0398,5,"[2002, 2006, 2010, 2014, 2018]",98765,20000
2022-09-11,2022,2022-09-04,7,pp_symmetric_noise,L,True,4.6086,4.9091,3.6381,3.8097,4.1948,4.9053,5.6231,6.0053,6.1701,39.49,0.2967,0.268122,1.380628,True,True,True,1.4283,2.1956,2.532,0.9796,0.8023,0.0798,0.066,0.0398,5,"[2002, 2006, 2010, 2014, 2018]",98765,20000
2022-09-11,2022,2022-09-04,7,pp_symmetric_noise,C,True,6.7142,6.6927,5.5826,5.7574,6.3369,6.6947,7.0496,7.6207,7.7922,51.8,0.0195,0.136368,1.380628,True,True,True,0.7127,1.8633,2.2096,0.9796,0.8023,0.0798,0.066,0.0398,5,"[2002, 2006, 2010, 2014, 2018]",98765,20000
2022-09-11,2022,2022-09-04,7,pp_symmetric_noise,KD,True,5.3367,5.5992,4.4071,4.6068,4.9967,5.5841,6.2097,6.6108,6.8077,40.69,0.2474,0.232302,1.380628,True,True,True,1.213,2.004,2.4006,0.9796,0.8023,0.0798,0.066,0.0398,5,"[2002, 2006, 2010, 2014, 2018]",98765,20000
2022-09-11,2022,2022-09-04,7,pp_symmetric_noise,S,True,30.3255,30.1088,26.5008,26.8313,28.4523,30.2243,31.823,33.2118,33.7111,50.24,0.1011,0.688894,1.380628,True,True,True,3.3707,6.3806,7.2103,0.9796,0.8023,0.0798,0.066,0.0398,5,"[2002, 2006, 2010, 2014, 2018]",98765,20000
2022-09-11,2022,2022-09-04,7,pp_symmetric_noise,V,True,6.7467,7.6403,5.6463,5.8563,6.5706,7.598,8.7175,9.4679,9.6323,28.02,0.8513,0.549328,1.380628,True,True,True,2.1469,3.6116,3.986,0.9796,0.8023,0.0798,0.066,0.0398,5,"[2002, 2006, 2010, 2014, 2018]",98765,20000
2022-09-11,2022,2022-09-04,7,pp_symmetric_noise,MP,True,5.0825,5.2074,3.2749,3.5578,4.5188,5.2097,5.9083,6.8305,7.1306,45.34,0.1272,0.270445,1.380628,True,True,True,1.3895,3.2727,3.8557,0.9796,0.8023,0.0798,0.066,0.0398,5,"[2002, 2006, 2010, 2014, 2018]",98765,20000
2022-09-11,2022,2022-09-04,7,pp_symmetric_noise,SD,True,20.5361,20.1085,17.1969,17.8865,19.047,20.1354,21.1841,22.2695,22.9538,57.91,0.4007,0.426683,1.380628,True,True,True,2.1371,4.3829,5.7569,0.9796,0.8023,0.0798,0.066,0.0398,5,"[2002, 2006, 2010, 2014, 2018]",98765,20000
2022-09-11,2022,2022-09-04,7,pp_symmetric_noise,REST,False,1.5476,1.3788,0.01,0.1584,0.7568,1.3271,1.9302,2.6117,2.9509,59.78,0.2205,0.228359,1.380628,True,True,True,1.1734,2.4533,2.9409,0.9796,0.8023,0.0798,0.066,0.0398,5,"[2002, 2006, 2010, 2014, 2018]",98765,20000
