actual_above_threshold,actual_vote_share_pct,brier,election_year,evaluation,forecast_probability,horizon_days,model,origin_date,party,probability_bin,probability_reconstructed_from_brier,stored_brier,target_date,threshold_pct
True,19.835611,0.0,2018,variant_election_vote_hindcast,1.0,112,A_pop_baseline,2018-05-20,M,"[0.9,1]",False,0.0,2018-09-09,4.0
True,5.489595,0.0001373291015625,2018,variant_election_vote_hindcast,0.98828125,112,A_pop_baseline,2018-05-20,L,"[0.9,1]",False,0.0001373291015625,2018-09-09,4.0
True,8.607745,0.0,2018,variant_election_vote_hindcast,1.0,112,A_pop_baseline,2018-05-20,C,"[0.9,1]",False,0.0,2018-09-09,4.0
True,6.3223,0.4358062744140625,2018,variant_election_vote_hindcast,0.33984375,112,A_pop_baseline,2018-05-20,KD,"[0.3,0.4)",False,0.4358062744140625,2018-09-09,4.0
True,28.260981,0.0,2018,variant_election_vote_hindcast,1.0,112,A_pop_baseline,2018-05-20,S,"[0.9,1]",False,0.0,2018-09-09,4.0
True,8.004879,0.0,2018,variant_election_vote_hindcast,1.0,112,A_pop_baseline,2018-05-20,V,"[0.9,1]",False,0.0,2018-09-09,4.0
True,4.414253,0.0055084228515625,2018,variant_election_vote_hindcast,0.92578125,112,A_pop_baseline,2018-05-20,MP,"[0.9,1]",False,0.0055084228515625,2018-09-09,4.0
True,17.53397,0.0,2018,variant_election_vote_hindcast,1.0,112,A_pop_baseline,2018-05-20,SD,"[0.9,1]",False,0.0,2018-09-09,4.0
True,19.835611,0.0,2018,variant_election_vote_hindcast,1.0,112,B_rc1_full,2018-05-20,M,"[0.9,1]",False,0.0,2018-09-09,4.0
True,5.489595,0.05865478515625,2018,variant_election_vote_hindcast,0.7578125,112,B_rc1_full,2018-05-20,L,"[0.7,0.8)",False,0.05865478515625,2018-09-09,4.0
True,8.607745,0.0,2018,variant_election_vote_hindcast,1.0,112,B_rc1_full,2018-05-20,C,"[0.9,1]",False,0.0,2018-09-09,4.0
True,6.3223,0.9922027587890625,2018,variant_election_vote_hindcast,0.00390625,112,B_rc1_full,2018-05-20,KD,"[0,0.1)",False,0.9922027587890625,2018-09-09,4.0
True,28.260981,0.0,2018,variant_election_vote_hindcast,1.0,112,B_rc1_full,2018-05-20,S,"[0.9,1]",False,0.0,2018-09-09,4.0
True,8.004879,0.0,2018,variant_election_vote_hindcast,1.0,112,B_rc1_full,2018-05-20,V,"[0.9,1]",False,0.0,2018-09-09,4.0
True,4.414253,0.1746978759765625,2018,variant_election_vote_hindcast,0.58203125,112,B_rc1_full,2018-05-20,MP,"[0.5,0.6)",False,0.1746978759765625,2018-09-09,4.0
True,17.53397,0.0,2018,variant_election_vote_hindcast,1.0,112,B_rc1_full,2018-05-20,SD,"[0.9,1]",False,0.0,2018-09-09,4.0
True,19.835611,0.0,2018,variant_election_vote_hindcast,1.0,112,C_rc1_without_opinion_state_uncertainty,2018-05-20,M,"[0.9,1]",False,0.0,2018-09-09,4.0
True,5.489595,0.0531158447265625,2018,variant_election_vote_hindcast,0.76953125,112,C_rc1_without_opinion_state_uncertainty,2018-05-20,L,"[0.7,0.8)",False,0.0531158447265625,2018-09-09,4.0
True,8.607745,0.0,2018,variant_election_vote_hindcast,1.0,112,C_rc1_without_opinion_state_uncertainty,2018-05-20,C,"[0.9,1]",False,0.0,2018-09-09,4.0
True,6.3223,0.9922027587890625,2018,variant_election_vote_hindcast,0.00390625,112,C_rc1_without_opinion_state_uncertainty,2018-05-20,KD,"[0,0.1)",False,0.9922027587890625,2018-09-09,4.0
True,28.260981,0.0,2018,variant_election_vote_hindcast,1.0,112,C_rc1_without_opinion_state_uncertainty,2018-05-20,S,"[0.9,1]",False,0.0,2018-09-09,4.0
True,8.004879,0.0,2018,variant_election_vote_hindcast,1.0,112,C_rc1_without_opinion_state_uncertainty,2018-05-20,V,"[0.9,1]",False,0.0,2018-09-09,4.0
True,4.414253,0.1880035400390625,2018,variant_election_vote_hindcast,0.56640625,112,C_rc1_without_opinion_state_uncertainty,2018-05-20,MP,"[0.5,0.6)",False,0.1880035400390625,2018-09-09,4.0
True,17.53397,0.0,2018,variant_election_vote_hindcast,1.0,112,C_rc1_without_opinion_state_uncertainty,2018-05-20,SD,"[0.9,1]",False,0.0,2018-09-09,4.0
True,19.835611,0.0,2018,variant_election_vote_hindcast,1.0,112,D_rc1_without_pp_centered_noise,2018-05-20,M,"[0.9,1]",False,0.0,2018-09-09,4.0
True,5.489595,0.002197265625,2018,variant_election_vote_hindcast,0.953125,112,D_rc1_without_pp_centered_noise,2018-05-20,L,"[0.9,1]",False,0.002197265625,2018-09-09,4.0
True,8.607745,0.0,2018,variant_election_vote_hindcast,1.0,112,D_rc1_without_pp_centered_noise,2018-05-20,C,"[0.9,1]",False,0.0,2018-09-09,4.0
True,6.3223,1.0,2018,variant_election_vote_hindcast,0.0,112,D_rc1_without_pp_centered_noise,2018-05-20,KD,"[0,0.1)",False,1.0,2018-09-09,4.0
True,28.260981,0.0,2018,variant_election_vote_hindcast,1.0,112,D_rc1_without_pp_centered_noise,2018-05-20,S,"[0.9,1]",False,0.0,2018-09-09,4.0
True,8.004879,0.0,2018,variant_election_vote_hindcast,1.0,112,D_rc1_without_pp_centered_noise,2018-05-20,V,"[0.9,1]",False,0.0,2018-09-09,4.0
True,4.414253,0.10260009765625,2018,variant_election_vote_hindcast,0.6796875,112,D_rc1_without_pp_centered_noise,2018-05-20,MP,"[0.6,0.7)",False,0.10260009765625,2018-09-09,4.0
True,17.53397,0.0,2018,variant_election_vote_hindcast,1.0,112,D_rc1_without_pp_centered_noise,2018-05-20,SD,"[0.9,1]",False,0.0,2018-09-09,4.0
True,19.835611,0.0,2018,variant_election_vote_hindcast,1.0,112,E_rc1_pop_style_dynamics,2018-05-20,M,"[0.9,1]",False,0.0,2018-09-09,4.0
True,5.489595,0.0366363525390625,2018,variant_election_vote_hindcast,0.80859375,112,E_rc1_pop_style_dynamics,2018-05-20,L,"[0.8,0.9)",False,0.0366363525390625,2018-09-09,4.0
True,8.607745,0.0,2018,variant_election_vote_hindcast,1.0,112,E_rc1_pop_style_dynamics,2018-05-20,C,"[0.9,1]",False,0.0,2018-09-09,4.0
True,6.3223,0.9766998291015625,2018,variant_election_vote_hindcast,0.01171875,112,E_rc1_pop_style_dynamics,2018-05-20,KD,"[0,0.1)",False,0.9766998291015625,2018-09-09,4.0
True,28.260981,0.0,2018,variant_election_vote_hindcast,1.0,112,E_rc1_pop_style_dynamics,2018-05-20,S,"[0.9,1]",False,0.0,2018-09-09,4.0
True,8.004879,0.0,2018,variant_election_vote_hindcast,1.0,112,E_rc1_pop_style_dynamics,2018-05-20,V,"[0.9,1]",False,0.0,2018-09-09,4.0
True,4.414253,0.177978515625,2018,variant_election_vote_hindcast,0.578125,112,E_rc1_pop_style_dynamics,2018-05-20,MP,"[0.5,0.6)",False,0.177978515625,2018-09-09,4.0
True,17.53397,0.0,2018,variant_election_vote_hindcast,1.0,112,E_rc1_pop_style_dynamics,2018-05-20,SD,"[0.9,1]",False,0.0,2018-09-09,4.0
True,19.835611,0.0,2018,variant_election_vote_hindcast,1.0,112,F_pop_baseline_support_disabled,2018-05-20,M,"[0.9,1]",False,0.0,2018-09-09,4.0
True,5.489595,0.0001373291015625,2018,variant_election_vote_hindcast,0.98828125,112,F_pop_baseline_support_disabled,2018-05-20,L,"[0.9,1]",False,0.0001373291015625,2018-09-09,4.0
True,8.607745,0.0,2018,variant_election_vote_hindcast,1.0,112,F_pop_baseline_support_disabled,2018-05-20,C,"[0.9,1]",False,0.0,2018-09-09,4.0
True,6.3223,0.9922027587890625,2018,variant_election_vote_hindcast,0.00390625,112,F_pop_baseline_support_disabled,2018-05-20,KD,"[0,0.1)",False,0.9922027587890625,2018-09-09,4.0
True,28.260981,0.0,2018,variant_election_vote_hindcast,1.0,112,F_pop_baseline_support_disabled,2018-05-20,S,"[0.9,1]",False,0.0,2018-09-09,4.0
True,8.004879,0.0,2018,variant_election_vote_hindcast,1.0,112,F_pop_baseline_support_disabled,2018-05-20,V,"[0.9,1]",False,0.0,2018-09-09,4.0
True,4.414253,0.0625,2018,variant_election_vote_hindcast,0.75,112,F_pop_baseline_support_disabled,2018-05-20,MP,"[0.7,0.8)",False,0.0625,2018-09-09,4.0
True,17.53397,0.0,2018,variant_election_vote_hindcast,1.0,112,F_pop_baseline_support_disabled,2018-05-20,SD,"[0.9,1]",False,0.0,2018-09-09,4.0
True,19.835611,0.0,2018,variant_election_vote_hindcast,1.0,84,A_pop_baseline,2018-06-17,M,"[0.9,1]",False,0.0,2018-09-09,4.0
True,5.489595,6.103515625e-05,2018,variant_election_vote_hindcast,0.9921875,84,A_pop_baseline,2018-06-17,L,"[0.9,1]",False,6.103515625e-05,2018-09-09,4.0
True,8.607745,0.0,2018,variant_election_vote_hindcast,1.0,84,A_pop_baseline,2018-06-17,C,"[0.9,1]",False,0.0,2018-09-09,4.0
True,6.3223,0.55084228515625,2018,variant_election_vote_hindcast,0.2578125,84,A_pop_baseline,2018-06-17,KD,"[0.2,0.3)",False,0.55084228515625,2018-09-09,4.0
True,28.260981,0.0,2018,variant_election_vote_hindcast,1.0,84,A_pop_baseline,2018-06-17,S,"[0.9,1]",False,0.0,2018-09-09,4.0
True,8.004879,0.0,2018,variant_election_vote_hindcast,1.0,84,A_pop_baseline,2018-06-17,V,"[0.9,1]",False,0.0,2018-09-09,4.0
True,4.414253,0.0009765625,2018,variant_election_vote_hindcast,0.96875,84,A_pop_baseline,2018-06-17,MP,"[0.9,1]",False,0.0009765625,2018-09-09,4.0
True,17.53397,0.0,2018,variant_election_vote_hindcast,1.0,84,A_pop_baseline,2018-06-17,SD,"[0.9,1]",False,0.0,2018-09-09,4.0
True,19.835611,0.0,2018,variant_election_vote_hindcast,1.0,84,B_rc1_full,2018-06-17,M,"[0.9,1]",False,0.0,2018-09-09,4.0
True,5.489595,0.03228759765625,2018,variant_election_vote_hindcast,0.8203125,84,B_rc1_full,2018-06-17,L,"[0.8,0.9)",False,0.03228759765625,2018-09-09,4.0
True,8.607745,0.0,2018,variant_election_vote_hindcast,1.0,84,B_rc1_full,2018-06-17,C,"[0.9,1]",False,0.0,2018-09-09,4.0
True,6.3223,1.0,2018,variant_election_vote_hindcast,0.0,84,B_rc1_full,2018-06-17,KD,"[0,0.1)",False,1.0,2018-09-09,4.0
True,28.260981,0.0,2018,variant_election_vote_hindcast,1.0,84,B_rc1_full,2018-06-17,S,"[0.9,1]",False,0.0,2018-09-09,4.0
True,8.004879,0.0,2018,variant_election_vote_hindcast,1.0,84,B_rc1_full,2018-06-17,V,"[0.9,1]",False,0.0,2018-09-09,4.0
True,4.414253,0.1263580322265625,2018,variant_election_vote_hindcast,0.64453125,84,B_rc1_full,2018-06-17,MP,"[0.6,0.7)",False,0.1263580322265625,2018-09-09,4.0
True,17.53397,0.0,2018,variant_election_vote_hindcast,1.0,84,B_rc1_full,2018-06-17,SD,"[0.9,1]",False,0.0,2018-09-09,4.0
True,19.835611,0.0,2018,variant_election_vote_hindcast,1.0,84,C_rc1_without_opinion_state_uncertainty,2018-06-17,M,"[0.9,1]",False,0.0,2018-09-09,4.0
True,5.489595,0.02691650390625,2018,variant_election_vote_hindcast,0.8359375,84,C_rc1_without_opinion_state_uncertainty,2018-06-17,L,"[0.8,0.9)",False,0.02691650390625,2018-09-09,4.0
True,8.607745,0.0,2018,variant_election_vote_hindcast,1.0,84,C_rc1_without_opinion_state_uncertainty,2018-06-17,C,"[0.9,1]",False,0.0,2018-09-09,4.0
True,6.3223,1.0,2018,variant_election_vote_hindcast,0.0,84,C_rc1_without_opinion_state_uncertainty,2018-06-17,KD,"[0,0.1)",False,1.0,2018-09-09,4.0
True,28.260981,0.0,2018,variant_election_vote_hindcast,1.0,84,C_rc1_without_opinion_state_uncertainty,2018-06-17,S,"[0.9,1]",False,0.0,2018-09-09,4.0
True,8.004879,0.0,2018,variant_election_vote_hindcast,1.0,84,C_rc1_without_opinion_state_uncertainty,2018-06-17,V,"[0.9,1]",False,0.0,2018-09-09,4.0
True,4.414253,0.12359619140625,2018,variant_election_vote_hindcast,0.6484375,84,C_rc1_without_opinion_state_uncertainty,2018-06-17,MP,"[0.6,0.7)",False,0.12359619140625,2018-09-09,4.0
True,17.53397,0.0,2018,variant_election_vote_hindcast,1.0,84,C_rc1_without_opinion_state_uncertainty,2018-06-17,SD,"[0.9,1]",False,0.0,2018-09-09,4.0
True,19.835611,0.0,2018,variant_election_vote_hindcast,1.0,84,D_rc1_without_pp_centered_noise,2018-06-17,M,"[0.9,1]",False,0.0,2018-09-09,4.0
True,5.489595,6.103515625e-05,2018,variant_election_vote_hindcast,0.9921875,84,D_rc1_without_pp_centered_noise,2018-06-17,L,"[0.9,1]",False,6.103515625e-05,2018-09-09,4.0
True,8.607745,0.0,2018,variant_election_vote_hindcast,1.0,84,D_rc1_without_pp_centered_noise,2018-06-17,C,"[0.9,1]",False,0.0,2018-09-09,4.0
True,6.3223,1.0,2018,variant_election_vote_hindcast,0.0,84,D_rc1_without_pp_centered_noise,2018-06-17,KD,"[0,0.1)",False,1.0,2018-09-09,4.0
True,28.260981,0.0,2018,variant_election_vote_hindcast,1.0,84,D_rc1_without_pp_centered_noise,2018-06-17,S,"[0.9,1]",False,0.0,2018-09-09,4.0
True,8.004879,0.0,2018,variant_election_vote_hindcast,1.0,84,D_rc1_without_pp_centered_noise,2018-06-17,V,"[0.9,1]",False,0.0,2018-09-09,4.0
True,4.414253,0.03515625,2018,variant_election_vote_hindcast,0.8125,84,D_rc1_without_pp_centered_noise,2018-06-17,MP,"[0.8,0.9)",False,0.03515625,2018-09-09,4.0
True,17.53397,0.0,2018,variant_election_vote_hindcast,1.0,84,D_rc1_without_pp_centered_noise,2018-06-17,SD,"[0.9,1]",False,0.0,2018-09-09,4.0
True,19.835611,0.0,2018,variant_election_vote_hindcast,1.0,84,E_rc1_pop_style_dynamics,2018-06-17,M,"[0.9,1]",False,0.0,2018-09-09,4.0
True,5.489595,0.0244140625,2018,variant_election_vote_hindcast,0.84375,84,E_rc1_pop_style_dynamics,2018-06-17,L,"[0.8,0.9)",False,0.0244140625,2018-09-09,4.0
True,8.607745,0.0,2018,variant_election_vote_hindcast,1.0,84,E_rc1_pop_style_dynamics,2018-06-17,C,"[0.9,1]",False,0.0,2018-09-09,4.0
True,6.3223,1.0,2018,variant_election_vote_hindcast,0.0,84,E_rc1_pop_style_dynamics,2018-06-17,KD,"[0,0.1)",False,1.0,2018-09-09,4.0
True,28.260981,0.0,2018,variant_election_vote_hindcast,1.0,84,E_rc1_pop_style_dynamics,2018-06-17,S,"[0.9,1]",False,0.0,2018-09-09,4.0
True,8.004879,0.0,2018,variant_election_vote_hindcast,1.0,84,E_rc1_pop_style_dynamics,2018-06-17,V,"[0.9,1]",False,0.0,2018-09-09,4.0
True,4.414253,0.1001129150390625,2018,variant_election_vote_hindcast,0.68359375,84,E_rc1_pop_style_dynamics,2018-06-17,MP,"[0.6,0.7)",False,0.1001129150390625,2018-09-09,4.0
True,17.53397,0.0,2018,variant_election_vote_hindcast,1.0,84,E_rc1_pop_style_dynamics,2018-06-17,SD,"[0.9,1]",False,0.0,2018-09-09,4.0
True,19.835611,0.0,2018,variant_election_vote_hindcast,1.0,84,F_pop_baseline_support_disabled,2018-06-17,M,"[0.9,1]",False,0.0,2018-09-09,4.0
True,5.489595,0.0,2018,variant_election_vote_hindcast,1.0,84,F_pop_baseline_support_disabled,2018-06-17,L,"[0.9,1]",False,0.0,2018-09-09,4.0
True,8.607745,0.0,2018,variant_election_vote_hindcast,1.0,84,F_pop_baseline_support_disabled,2018-06-17,C,"[0.9,1]",False,0.0,2018-09-09,4.0
True,6.3223,1.0,2018,variant_election_vote_hindcast,0.0,84,F_pop_baseline_support_disabled,2018-06-17,KD,"[0,0.1)",False,1.0,2018-09-09,4.0
True,28.260981,0.0,2018,variant_election_vote_hindcast,1.0,84,F_pop_baseline_support_disabled,2018-06-17,S,"[0.9,1]",False,0.0,2018-09-09,4.0
True,8.004879,0.0,2018,variant_election_vote_hindcast,1.0,84,F_pop_baseline_support_disabled,2018-06-17,V,"[0.9,1]",False,0.0,2018-09-09,4.0
True,4.414253,0.006103515625,2018,variant_election_vote_hindcast,0.921875,84,F_pop_baseline_support_disabled,2018-06-17,MP,"[0.9,1]",False,0.006103515625,2018-09-09,4.0
True,17.53397,0.0,2018,variant_election_vote_hindcast,1.0,84,F_pop_baseline_support_disabled,2018-06-17,SD,"[0.9,1]",False,0.0,2018-09-09,4.0
True,19.835611,0.0,2018,variant_election_vote_hindcast,1.0,56,A_pop_baseline,2018-07-15,M,"[0.9,1]",False,0.0,2018-09-09,4.0
True,5.489595,0.0,2018,variant_election_vote_hindcast,1.0,56,A_pop_baseline,2018-07-15,L,"[0.9,1]",False,0.0,2018-09-09,4.0
True,8.607745,0.0,2018,variant_election_vote_hindcast,1.0,56,A_pop_baseline,2018-07-15,C,"[0.9,1]",False,0.0,2018-09-09,4.0
True,6.3223,0.19830322265625,2018,variant_election_vote_hindcast,0.5546875,56,A_pop_baseline,2018-07-15,KD,"[0.5,0.6)",False,0.19830322265625,2018-09-09,4.0
True,28.260981,0.0,2018,variant_election_vote_hindcast,1.0,56,A_pop_baseline,2018-07-15,S,"[0.9,1]",False,0.0,2018-09-09,4.0
True,8.004879,0.0,2018,variant_election_vote_hindcast,1.0,56,A_pop_baseline,2018-07-15,V,"[0.9,1]",False,0.0,2018-09-09,4.0
True,4.414253,0.0,2018,variant_election_vote_hindcast,1.0,56,A_pop_baseline,2018-07-15,MP,"[0.9,1]",False,0.0,2018-09-09,4.0
True,17.53397,0.0,2018,variant_election_vote_hindcast,1.0,56,A_pop_baseline,2018-07-15,SD,"[0.9,1]",False,0.0,2018-09-09,4.0
True,19.835611,0.0,2018,variant_election_vote_hindcast,1.0,56,B_rc1_full,2018-07-15,M,"[0.9,1]",False,0.0,2018-09-09,4.0
True,5.489595,0.00390625,2018,variant_election_vote_hindcast,0.9375,56,B_rc1_full,2018-07-15,L,"[0.9,1]",False,0.00390625,2018-09-09,4.0
True,8.607745,0.0,2018,variant_election_vote_hindcast,1.0,56,B_rc1_full,2018-07-15,C,"[0.9,1]",False,0.0,2018-09-09,4.0
True,6.3223,0.9159088134765625,2018,variant_election_vote_hindcast,0.04296875,56,B_rc1_full,2018-07-15,KD,"[0,0.1)",False,0.9159088134765625,2018-09-09,4.0
True,28.260981,0.0,2018,variant_election_vote_hindcast,1.0,56,B_rc1_full,2018-07-15,S,"[0.9,1]",False,0.0,2018-09-09,4.0
True,8.004879,0.0,2018,variant_election_vote_hindcast,1.0,56,B_rc1_full,2018-07-15,V,"[0.9,1]",False,0.0,2018-09-09,4.0
True,4.414253,0.03515625,2018,variant_election_vote_hindcast,0.8125,56,B_rc1_full,2018-07-15,MP,"[0.8,0.9)",False,0.03515625,2018-09-09,4.0
True,17.53397,0.0,2018,variant_election_vote_hindcast,1.0,56,B_rc1_full,2018-07-15,SD,"[0.9,1]",False,0.0,2018-09-09,4.0
True,19.835611,0.0,2018,variant_election_vote_hindcast,1.0,56,C_rc1_without_opinion_state_uncertainty,2018-07-15,M,"[0.9,1]",False,0.0,2018-09-09,4.0
True,5.489595,0.002197265625,2018,variant_election_vote_hindcast,0.953125,56,C_rc1_without_opinion_state_uncertainty,2018-07-15,L,"[0.9,1]",False,0.002197265625,2018-09-09,4.0
True,8.607745,0.0,2018,variant_election_vote_hindcast,1.0,56,C_rc1_without_opinion_state_uncertainty,2018-07-15,C,"[0.9,1]",False,0.0,2018-09-09,4.0
True,6.3223,0.95367431640625,2018,variant_election_vote_hindcast,0.0234375,56,C_rc1_without_opinion_state_uncertainty,2018-07-15,KD,"[0,0.1)",False,0.95367431640625,2018-09-09,4.0
True,28.260981,0.0,2018,variant_election_vote_hindcast,1.0,56,C_rc1_without_opinion_state_uncertainty,2018-07-15,S,"[0.9,1]",False,0.0,2018-09-09,4.0
True,8.004879,0.0,2018,variant_election_vote_hindcast,1.0,56,C_rc1_without_opinion_state_uncertainty,2018-07-15,V,"[0.9,1]",False,0.0,2018-09-09,4.0
True,4.414253,0.02691650390625,2018,variant_election_vote_hindcast,0.8359375,56,C_rc1_without_opinion_state_uncertainty,2018-07-15,MP,"[0.8,0.9)",False,0.02691650390625,2018-09-09,4.0
True,17.53397,0.0,2018,variant_election_vote_hindcast,1.0,56,C_rc1_without_opinion_state_uncertainty,2018-07-15,SD,"[0.9,1]",False,0.0,2018-09-09,4.0
True,19.835611,0.0,2018,variant_election_vote_hindcast,1.0,56,D_rc1_without_pp_centered_noise,2018-07-15,M,"[0.9,1]",False,0.0,2018-09-09,4.0
True,5.489595,0.0,2018,variant_election_vote_hindcast,1.0,56,D_rc1_without_pp_centered_noise,2018-07-15,L,"[0.9,1]",False,0.0,2018-09-09,4.0
True,8.607745,0.0,2018,variant_election_vote_hindcast,1.0,56,D_rc1_without_pp_centered_noise,2018-07-15,C,"[0.9,1]",False,0.0,2018-09-09,4.0
True,6.3223,0.9766998291015625,2018,variant_election_vote_hindcast,0.01171875,56,D_rc1_without_pp_centered_noise,2018-07-15,KD,"[0,0.1)",False,0.9766998291015625,2018-09-09,4.0
True,28.260981,0.0,2018,variant_election_vote_hindcast,1.0,56,D_rc1_without_pp_centered_noise,2018-07-15,S,"[0.9,1]",False,0.0,2018-09-09,4.0
True,8.004879,0.0,2018,variant_election_vote_hindcast,1.0,56,D_rc1_without_pp_centered_noise,2018-07-15,V,"[0.9,1]",False,0.0,2018-09-09,4.0
True,4.414253,0.0001373291015625,2018,variant_election_vote_hindcast,0.98828125,56,D_rc1_without_pp_centered_noise,2018-07-15,MP,"[0.9,1]",False,0.0001373291015625,2018-09-09,4.0
True,17.53397,0.0,2018,variant_election_vote_hindcast,1.0,56,D_rc1_without_pp_centered_noise,2018-07-15,SD,"[0.9,1]",False,0.0,2018-09-09,4.0
True,19.835611,0.0,2018,variant_election_vote_hindcast,1.0,56,E_rc1_pop_style_dynamics,2018-07-15,M,"[0.9,1]",False,0.0,2018-09-09,4.0
True,5.489595,0.00152587890625,2018,variant_election_vote_hindcast,0.9609375,56,E_rc1_pop_style_dynamics,2018-07-15,L,"[0.9,1]",False,0.00152587890625,2018-09-09,4.0
True,8.607745,0.0,2018,variant_election_vote_hindcast,1.0,56,E_rc1_pop_style_dynamics,2018-07-15,C,"[0.9,1]",False,0.0,2018-09-09,4.0
True,6.3223,0.8862457275390625,2018,variant_election_vote_hindcast,0.05859375,56,E_rc1_pop_style_dynamics,2018-07-15,KD,"[0,0.1)",False,0.8862457275390625,2018-09-09,4.0
True,28.260981,0.0,2018,variant_election_vote_hindcast,1.0,56,E_rc1_pop_style_dynamics,2018-07-15,S,"[0.9,1]",False,0.0,2018-09-09,4.0
True,8.004879,0.0,2018,variant_election_vote_hindcast,1.0,56,E_rc1_pop_style_dynamics,2018-07-15,V,"[0.9,1]",False,0.0,2018-09-09,4.0
True,4.414253,0.0366363525390625,2018,variant_election_vote_hindcast,0.80859375,56,E_rc1_pop_style_dynamics,2018-07-15,MP,"[0.8,0.9)",False,0.0366363525390625,2018-09-09,4.0
True,17.53397,0.0,2018,variant_election_vote_hindcast,1.0,56,E_rc1_pop_style_dynamics,2018-07-15,SD,"[0.9,1]",False,0.0,2018-09-09,4.0
True,19.835611,0.0,2018,variant_election_vote_hindcast,1.0,56,F_pop_baseline_support_disabled,2018-07-15,M,"[0.9,1]",False,0.0,2018-09-09,4.0
True,5.489595,0.0,2018,variant_election_vote_hindcast,1.0,56,F_pop_baseline_support_disabled,2018-07-15,L,"[0.9,1]",False,0.0,2018-09-09,4.0
True,8.607745,0.0,2018,variant_election_vote_hindcast,1.0,56,F_pop_baseline_support_disabled,2018-07-15,C,"[0.9,1]",False,0.0,2018-09-09,4.0
True,6.3223,1.0,2018,variant_election_vote_hindcast,0.0,56,F_pop_baseline_support_disabled,2018-07-15,KD,"[0,0.1)",False,1.0,2018-09-09,4.0
True,28.260981,0.0,2018,variant_election_vote_hindcast,1.0,56,F_pop_baseline_support_disabled,2018-07-15,S,"[0.9,1]",False,0.0,2018-09-09,4.0
True,8.004879,0.0,2018,variant_election_vote_hindcast,1.0,56,F_pop_baseline_support_disabled,2018-07-15,V,"[0.9,1]",False,0.0,2018-09-09,4.0
True,4.414253,0.0,2018,variant_election_vote_hindcast,1.0,56,F_pop_baseline_support_disabled,2018-07-15,MP,"[0.9,1]",False,0.0,2018-09-09,4.0
True,17.53397,0.0,2018,variant_election_vote_hindcast,1.0,56,F_pop_baseline_support_disabled,2018-07-15,SD,"[0.9,1]",False,0.0,2018-09-09,4.0
True,19.835611,0.0,2018,variant_election_vote_hindcast,1.0,28,A_pop_baseline,2018-08-12,M,"[0.9,1]",False,0.0,2018-09-09,4.0
True,5.489595,0.0,2018,variant_election_vote_hindcast,1.0,28,A_pop_baseline,2018-08-12,L,"[0.9,1]",False,0.0,2018-09-09,4.0
True,8.607745,0.0,2018,variant_election_vote_hindcast,1.0,28,A_pop_baseline,2018-08-12,C,"[0.9,1]",False,0.0,2018-09-09,4.0
True,6.3223,0.00494384765625,2018,variant_election_vote_hindcast,0.9296875,28,A_pop_baseline,2018-08-12,KD,"[0.9,1]",False,0.00494384765625,2018-09-09,4.0
True,28.260981,0.0,2018,variant_election_vote_hindcast,1.0,28,A_pop_baseline,2018-08-12,S,"[0.9,1]",False,0.0,2018-09-09,4.0
True,8.004879,0.0,2018,variant_election_vote_hindcast,1.0,28,A_pop_baseline,2018-08-12,V,"[0.9,1]",False,0.0,2018-09-09,4.0
True,4.414253,0.0,2018,variant_election_vote_hindcast,1.0,28,A_pop_baseline,2018-08-12,MP,"[0.9,1]",False,0.0,2018-09-09,4.0
True,17.53397,0.0,2018,variant_election_vote_hindcast,1.0,28,A_pop_baseline,2018-08-12,SD,"[0.9,1]",False,0.0,2018-09-09,4.0
True,19.835611,0.0,2018,variant_election_vote_hindcast,1.0,28,B_rc1_full,2018-08-12,M,"[0.9,1]",False,0.0,2018-09-09,4.0
True,5.489595,0.0,2018,variant_election_vote_hindcast,1.0,28,B_rc1_full,2018-08-12,L,"[0.9,1]",False,0.0,2018-09-09,4.0
True,8.607745,0.0,2018,variant_election_vote_hindcast,1.0,28,B_rc1_full,2018-08-12,C,"[0.9,1]",False,0.0,2018-09-09,4.0
True,6.3223,0.17144775390625,2018,variant_election_vote_hindcast,0.5859375,28,B_rc1_full,2018-08-12,KD,"[0.5,0.6)",False,0.17144775390625,2018-09-09,4.0
True,28.260981,0.0,2018,variant_election_vote_hindcast,1.0,28,B_rc1_full,2018-08-12,S,"[0.9,1]",False,0.0,2018-09-09,4.0
True,8.004879,0.0,2018,variant_election_vote_hindcast,1.0,28,B_rc1_full,2018-08-12,V,"[0.9,1]",False,0.0,2018-09-09,4.0
True,4.414253,0.0007476806640625,2018,variant_election_vote_hindcast,0.97265625,28,B_rc1_full,2018-08-12,MP,"[0.9,1]",False,0.0007476806640625,2018-09-09,4.0
True,17.53397,0.0,2018,variant_election_vote_hindcast,1.0,28,B_rc1_full,2018-08-12,SD,"[0.9,1]",False,0.0,2018-09-09,4.0
True,19.835611,0.0,2018,variant_election_vote_hindcast,1.0,28,C_rc1_without_opinion_state_uncertainty,2018-08-12,M,"[0.9,1]",False,0.0,2018-09-09,4.0
True,5.489595,0.0,2018,variant_election_vote_hindcast,1.0,28,C_rc1_without_opinion_state_uncertainty,2018-08-12,L,"[0.9,1]",False,0.0,2018-09-09,4.0
True,8.607745,0.0,2018,variant_election_vote_hindcast,1.0,28,C_rc1_without_opinion_state_uncertainty,2018-08-12,C,"[0.9,1]",False,0.0,2018-09-09,4.0
True,6.3223,0.1495513916015625,2018,variant_election_vote_hindcast,0.61328125,28,C_rc1_without_opinion_state_uncertainty,2018-08-12,KD,"[0.6,0.7)",False,0.1495513916015625,2018-09-09,4.0
True,28.260981,0.0,2018,variant_election_vote_hindcast,1.0,28,C_rc1_without_opinion_state_uncertainty,2018-08-12,S,"[0.9,1]",False,0.0,2018-09-09,4.0
True,8.004879,0.0,2018,variant_election_vote_hindcast,1.0,28,C_rc1_without_opinion_state_uncertainty,2018-08-12,V,"[0.9,1]",False,0.0,2018-09-09,4.0
True,4.414253,6.103515625e-05,2018,variant_election_vote_hindcast,0.9921875,28,C_rc1_without_opinion_state_uncertainty,2018-08-12,MP,"[0.9,1]",False,6.103515625e-05,2018-09-09,4.0
True,17.53397,0.0,2018,variant_election_vote_hindcast,1.0,28,C_rc1_without_opinion_state_uncertainty,2018-08-12,SD,"[0.9,1]",False,0.0,2018-09-09,4.0
True,19.835611,0.0,2018,variant_election_vote_hindcast,1.0,28,D_rc1_without_pp_centered_noise,2018-08-12,M,"[0.9,1]",False,0.0,2018-09-09,4.0
True,5.489595,0.0,2018,variant_election_vote_hindcast,1.0,28,D_rc1_without_pp_centered_noise,2018-08-12,L,"[0.9,1]",False,0.0,2018-09-09,4.0
True,8.607745,0.0,2018,variant_election_vote_hindcast,1.0,28,D_rc1_without_pp_centered_noise,2018-08-12,C,"[0.9,1]",False,0.0,2018-09-09,4.0
True,6.3223,0.1051177978515625,2018,variant_election_vote_hindcast,0.67578125,28,D_rc1_without_pp_centered_noise,2018-08-12,KD,"[0.6,0.7)",False,0.1051177978515625,2018-09-09,4.0
True,28.260981,0.0,2018,variant_election_vote_hindcast,1.0,28,D_rc1_without_pp_centered_noise,2018-08-12,S,"[0.9,1]",False,0.0,2018-09-09,4.0
True,8.004879,0.0,2018,variant_election_vote_hindcast,1.0,28,D_rc1_without_pp_centered_noise,2018-08-12,V,"[0.9,1]",False,0.0,2018-09-09,4.0
True,4.414253,0.0,2018,variant_election_vote_hindcast,1.0,28,D_rc1_without_pp_centered_noise,2018-08-12,MP,"[0.9,1]",False,0.0,2018-09-09,4.0
True,17.53397,0.0,2018,variant_election_vote_hindcast,1.0,28,D_rc1_without_pp_centered_noise,2018-08-12,SD,"[0.9,1]",False,0.0,2018-09-09,4.0
True,19.835611,0.0,2018,variant_election_vote_hindcast,1.0,28,E_rc1_pop_style_dynamics,2018-08-12,M,"[0.9,1]",False,0.0,2018-09-09,4.0
True,5.489595,0.0,2018,variant_election_vote_hindcast,1.0,28,E_rc1_pop_style_dynamics,2018-08-12,L,"[0.9,1]",False,0.0,2018-09-09,4.0
True,8.607745,0.0,2018,variant_election_vote_hindcast,1.0,28,E_rc1_pop_style_dynamics,2018-08-12,C,"[0.9,1]",False,0.0,2018-09-09,4.0
True,6.3223,0.1682281494140625,2018,variant_election_vote_hindcast,0.58984375,28,E_rc1_pop_style_dynamics,2018-08-12,KD,"[0.5,0.6)",False,0.1682281494140625,2018-09-09,4.0
True,28.260981,0.0,2018,variant_election_vote_hindcast,1.0,28,E_rc1_pop_style_dynamics,2018-08-12,S,"[0.9,1]",False,0.0,2018-09-09,4.0
True,8.004879,0.0,2018,variant_election_vote_hindcast,1.0,28,E_rc1_pop_style_dynamics,2018-08-12,V,"[0.9,1]",False,0.0,2018-09-09,4.0
True,4.414253,0.00054931640625,2018,variant_election_vote_hindcast,0.9765625,28,E_rc1_pop_style_dynamics,2018-08-12,MP,"[0.9,1]",False,0.00054931640625,2018-09-09,4.0
True,17.53397,0.0,2018,variant_election_vote_hindcast,1.0,28,E_rc1_pop_style_dynamics,2018-08-12,SD,"[0.9,1]",False,0.0,2018-09-09,4.0
True,19.835611,0.0,2018,variant_election_vote_hindcast,1.0,28,F_pop_baseline_support_disabled,2018-08-12,M,"[0.9,1]",False,0.0,2018-09-09,4.0
True,5.489595,0.0,2018,variant_election_vote_hindcast,1.0,28,F_pop_baseline_support_disabled,2018-08-12,L,"[0.9,1]",False,0.0,2018-09-09,4.0
True,8.607745,0.0,2018,variant_election_vote_hindcast,1.0,28,F_pop_baseline_support_disabled,2018-08-12,C,"[0.9,1]",False,0.0,2018-09-09,4.0
True,6.3223,0.107666015625,2018,variant_election_vote_hindcast,0.671875,28,F_pop_baseline_support_disabled,2018-08-12,KD,"[0.6,0.7)",False,0.107666015625,2018-09-09,4.0
True,28.260981,0.0,2018,variant_election_vote_hindcast,1.0,28,F_pop_baseline_support_disabled,2018-08-12,S,"[0.9,1]",False,0.0,2018-09-09,4.0
True,8.004879,0.0,2018,variant_election_vote_hindcast,1.0,28,F_pop_baseline_support_disabled,2018-08-12,V,"[0.9,1]",False,0.0,2018-09-09,4.0
True,4.414253,0.0,2018,variant_election_vote_hindcast,1.0,28,F_pop_baseline_support_disabled,2018-08-12,MP,"[0.9,1]",False,0.0,2018-09-09,4.0
True,17.53397,0.0,2018,variant_election_vote_hindcast,1.0,28,F_pop_baseline_support_disabled,2018-08-12,SD,"[0.9,1]",False,0.0,2018-09-09,4.0
True,19.835611,0.0,2018,variant_election_vote_hindcast,1.0,14,A_pop_baseline,2018-08-26,M,"[0.9,1]",False,0.0,2018-09-09,4.0
True,5.489595,0.0,2018,variant_election_vote_hindcast,1.0,14,A_pop_baseline,2018-08-26,L,"[0.9,1]",False,0.0,2018-09-09,4.0
True,8.607745,0.0,2018,variant_election_vote_hindcast,1.0,14,A_pop_baseline,2018-08-26,C,"[0.9,1]",False,0.0,2018-09-09,4.0
True,6.3223,0.0,2018,variant_election_vote_hindcast,1.0,14,A_pop_baseline,2018-08-26,KD,"[0.9,1]",False,0.0,2018-09-09,4.0
True,28.260981,0.0,2018,variant_election_vote_hindcast,1.0,14,A_pop_baseline,2018-08-26,S,"[0.9,1]",False,0.0,2018-09-09,4.0
True,8.004879,0.0,2018,variant_election_vote_hindcast,1.0,14,A_pop_baseline,2018-08-26,V,"[0.9,1]",False,0.0,2018-09-09,4.0
True,4.414253,0.0,2018,variant_election_vote_hindcast,1.0,14,A_pop_baseline,2018-08-26,MP,"[0.9,1]",False,0.0,2018-09-09,4.0
True,17.53397,0.0,2018,variant_election_vote_hindcast,1.0,14,A_pop_baseline,2018-08-26,SD,"[0.9,1]",False,0.0,2018-09-09,4.0
True,19.835611,0.0,2018,variant_election_vote_hindcast,1.0,14,B_rc1_full,2018-08-26,M,"[0.9,1]",False,0.0,2018-09-09,4.0
True,5.489595,0.0,2018,variant_election_vote_hindcast,1.0,14,B_rc1_full,2018-08-26,L,"[0.9,1]",False,0.0,2018-09-09,4.0
True,8.607745,0.0,2018,variant_election_vote_hindcast,1.0,14,B_rc1_full,2018-08-26,C,"[0.9,1]",False,0.0,2018-09-09,4.0
True,6.3223,0.000244140625,2018,variant_election_vote_hindcast,0.984375,14,B_rc1_full,2018-08-26,KD,"[0.9,1]",False,0.000244140625,2018-09-09,4.0
True,28.260981,0.0,2018,variant_election_vote_hindcast,1.0,14,B_rc1_full,2018-08-26,S,"[0.9,1]",False,0.0,2018-09-09,4.0
True,8.004879,0.0,2018,variant_election_vote_hindcast,1.0,14,B_rc1_full,2018-08-26,V,"[0.9,1]",False,0.0,2018-09-09,4.0
True,4.414253,0.00390625,2018,variant_election_vote_hindcast,0.9375,14,B_rc1_full,2018-08-26,MP,"[0.9,1]",False,0.00390625,2018-09-09,4.0
True,17.53397,0.0,2018,variant_election_vote_hindcast,1.0,14,B_rc1_full,2018-08-26,SD,"[0.9,1]",False,0.0,2018-09-09,4.0
True,19.835611,0.0,2018,variant_election_vote_hindcast,1.0,14,C_rc1_without_opinion_state_uncertainty,2018-08-26,M,"[0.9,1]",False,0.0,2018-09-09,4.0
True,5.489595,0.0,2018,variant_election_vote_hindcast,1.0,14,C_rc1_without_opinion_state_uncertainty,2018-08-26,L,"[0.9,1]",False,0.0,2018-09-09,4.0
True,8.607745,0.0,2018,variant_election_vote_hindcast,1.0,14,C_rc1_without_opinion_state_uncertainty,2018-08-26,C,"[0.9,1]",False,0.0,2018-09-09,4.0
True,6.3223,0.0,2018,variant_election_vote_hindcast,1.0,14,C_rc1_without_opinion_state_uncertainty,2018-08-26,KD,"[0.9,1]",False,0.0,2018-09-09,4.0
True,28.260981,0.0,2018,variant_election_vote_hindcast,1.0,14,C_rc1_without_opinion_state_uncertainty,2018-08-26,S,"[0.9,1]",False,0.0,2018-09-09,4.0
True,8.004879,0.0,2018,variant_election_vote_hindcast,1.0,14,C_rc1_without_opinion_state_uncertainty,2018-08-26,V,"[0.9,1]",False,0.0,2018-09-09,4.0
True,4.414253,0.0001373291015625,2018,variant_election_vote_hindcast,0.98828125,14,C_rc1_without_opinion_state_uncertainty,2018-08-26,MP,"[0.9,1]",False,0.0001373291015625,2018-09-09,4.0
True,17.53397,0.0,2018,variant_election_vote_hindcast,1.0,14,C_rc1_without_opinion_state_uncertainty,2018-08-26,SD,"[0.9,1]",False,0.0,2018-09-09,4.0
True,19.835611,0.0,2018,variant_election_vote_hindcast,1.0,14,D_rc1_without_pp_centered_noise,2018-08-26,M,"[0.9,1]",False,0.0,2018-09-09,4.0
True,5.489595,0.0,2018,variant_election_vote_hindcast,1.0,14,D_rc1_without_pp_centered_noise,2018-08-26,L,"[0.9,1]",False,0.0,2018-09-09,4.0
True,8.607745,0.0,2018,variant_election_vote_hindcast,1.0,14,D_rc1_without_pp_centered_noise,2018-08-26,C,"[0.9,1]",False,0.0,2018-09-09,4.0
True,6.3223,0.0,2018,variant_election_vote_hindcast,1.0,14,D_rc1_without_pp_centered_noise,2018-08-26,KD,"[0.9,1]",False,0.0,2018-09-09,4.0
True,28.260981,0.0,2018,variant_election_vote_hindcast,1.0,14,D_rc1_without_pp_centered_noise,2018-08-26,S,"[0.9,1]",False,0.0,2018-09-09,4.0
True,8.004879,0.0,2018,variant_election_vote_hindcast,1.0,14,D_rc1_without_pp_centered_noise,2018-08-26,V,"[0.9,1]",False,0.0,2018-09-09,4.0
True,4.414253,0.0,2018,variant_election_vote_hindcast,1.0,14,D_rc1_without_pp_centered_noise,2018-08-26,MP,"[0.9,1]",False,0.0,2018-09-09,4.0
True,17.53397,0.0,2018,variant_election_vote_hindcast,1.0,14,D_rc1_without_pp_centered_noise,2018-08-26,SD,"[0.9,1]",False,0.0,2018-09-09,4.0
True,19.835611,0.0,2018,variant_election_vote_hindcast,1.0,14,E_rc1_pop_style_dynamics,2018-08-26,M,"[0.9,1]",False,0.0,2018-09-09,4.0
True,5.489595,0.0,2018,variant_election_vote_hindcast,1.0,14,E_rc1_pop_style_dynamics,2018-08-26,L,"[0.9,1]",False,0.0,2018-09-09,4.0
True,8.607745,0.0,2018,variant_election_vote_hindcast,1.0,14,E_rc1_pop_style_dynamics,2018-08-26,C,"[0.9,1]",False,0.0,2018-09-09,4.0
True,6.3223,0.0003814697265625,2018,variant_election_vote_hindcast,0.98046875,14,E_rc1_pop_style_dynamics,2018-08-26,KD,"[0.9,1]",False,0.0003814697265625,2018-09-09,4.0
True,28.260981,0.0,2018,variant_election_vote_hindcast,1.0,14,E_rc1_pop_style_dynamics,2018-08-26,S,"[0.9,1]",False,0.0,2018-09-09,4.0
True,8.004879,0.0,2018,variant_election_vote_hindcast,1.0,14,E_rc1_pop_style_dynamics,2018-08-26,V,"[0.9,1]",False,0.0,2018-09-09,4.0
True,4.414253,0.0034332275390625,2018,variant_election_vote_hindcast,0.94140625,14,E_rc1_pop_style_dynamics,2018-08-26,MP,"[0.9,1]",False,0.0034332275390625,2018-09-09,4.0
True,17.53397,0.0,2018,variant_election_vote_hindcast,1.0,14,E_rc1_pop_style_dynamics,2018-08-26,SD,"[0.9,1]",False,0.0,2018-09-09,4.0
True,19.835611,0.0,2018,variant_election_vote_hindcast,1.0,14,F_pop_baseline_support_disabled,2018-08-26,M,"[0.9,1]",False,0.0,2018-09-09,4.0
True,5.489595,0.0,2018,variant_election_vote_hindcast,1.0,14,F_pop_baseline_support_disabled,2018-08-26,L,"[0.9,1]",False,0.0,2018-09-09,4.0
True,8.607745,0.0,2018,variant_election_vote_hindcast,1.0,14,F_pop_baseline_support_disabled,2018-08-26,C,"[0.9,1]",False,0.0,2018-09-09,4.0
True,6.3223,0.0,2018,variant_election_vote_hindcast,1.0,14,F_pop_baseline_support_disabled,2018-08-26,KD,"[0.9,1]",False,0.0,2018-09-09,4.0
True,28.260981,0.0,2018,variant_election_vote_hindcast,1.0,14,F_pop_baseline_support_disabled,2018-08-26,S,"[0.9,1]",False,0.0,2018-09-09,4.0
True,8.004879,0.0,2018,variant_election_vote_hindcast,1.0,14,F_pop_baseline_support_disabled,2018-08-26,V,"[0.9,1]",False,0.0,2018-09-09,4.0
True,4.414253,0.0,2018,variant_election_vote_hindcast,1.0,14,F_pop_baseline_support_disabled,2018-08-26,MP,"[0.9,1]",False,0.0,2018-09-09,4.0
True,17.53397,0.0,2018,variant_election_vote_hindcast,1.0,14,F_pop_baseline_support_disabled,2018-08-26,SD,"[0.9,1]",False,0.0,2018-09-09,4.0
True,19.835611,0.0,2018,variant_election_vote_hindcast,1.0,7,A_pop_baseline,2018-09-02,M,"[0.9,1]",False,0.0,2018-09-09,4.0
True,5.489595,0.0,2018,variant_election_vote_hindcast,1.0,7,A_pop_baseline,2018-09-02,L,"[0.9,1]",False,0.0,2018-09-09,4.0
True,8.607745,0.0,2018,variant_election_vote_hindcast,1.0,7,A_pop_baseline,2018-09-02,C,"[0.9,1]",False,0.0,2018-09-09,4.0
True,6.3223,0.0,2018,variant_election_vote_hindcast,1.0,7,A_pop_baseline,2018-09-02,KD,"[0.9,1]",False,0.0,2018-09-09,4.0
True,28.260981,0.0,2018,variant_election_vote_hindcast,1.0,7,A_pop_baseline,2018-09-02,S,"[0.9,1]",False,0.0,2018-09-09,4.0
True,8.004879,0.0,2018,variant_election_vote_hindcast,1.0,7,A_pop_baseline,2018-09-02,V,"[0.9,1]",False,0.0,2018-09-09,4.0
True,4.414253,0.0,2018,variant_election_vote_hindcast,1.0,7,A_pop_baseline,2018-09-02,MP,"[0.9,1]",False,0.0,2018-09-09,4.0
True,17.53397,0.0,2018,variant_election_vote_hindcast,1.0,7,A_pop_baseline,2018-09-02,SD,"[0.9,1]",False,0.0,2018-09-09,4.0
True,19.835611,0.0,2018,variant_election_vote_hindcast,1.0,7,B_rc1_full,2018-09-02,M,"[0.9,1]",False,0.0,2018-09-09,4.0
True,5.489595,0.0,2018,variant_election_vote_hindcast,1.0,7,B_rc1_full,2018-09-02,L,"[0.9,1]",False,0.0,2018-09-09,4.0
True,8.607745,0.0,2018,variant_election_vote_hindcast,1.0,7,B_rc1_full,2018-09-02,C,"[0.9,1]",False,0.0,2018-09-09,4.0
True,6.3223,0.0,2018,variant_election_vote_hindcast,1.0,7,B_rc1_full,2018-09-02,KD,"[0.9,1]",False,0.0,2018-09-09,4.0
True,28.260981,0.0,2018,variant_election_vote_hindcast,1.0,7,B_rc1_full,2018-09-02,S,"[0.9,1]",False,0.0,2018-09-09,4.0
True,8.004879,0.0,2018,variant_election_vote_hindcast,1.0,7,B_rc1_full,2018-09-02,V,"[0.9,1]",False,0.0,2018-09-09,4.0
True,4.414253,0.0095367431640625,2018,variant_election_vote_hindcast,0.90234375,7,B_rc1_full,2018-09-02,MP,"[0.9,1]",False,0.0095367431640625,2018-09-09,4.0
True,17.53397,0.0,2018,variant_election_vote_hindcast,1.0,7,B_rc1_full,2018-09-02,SD,"[0.9,1]",False,0.0,2018-09-09,4.0
True,19.835611,0.0,2018,variant_election_vote_hindcast,1.0,7,C_rc1_without_opinion_state_uncertainty,2018-09-02,M,"[0.9,1]",False,0.0,2018-09-09,4.0
True,5.489595,0.0,2018,variant_election_vote_hindcast,1.0,7,C_rc1_without_opinion_state_uncertainty,2018-09-02,L,"[0.9,1]",False,0.0,2018-09-09,4.0
True,8.607745,0.0,2018,variant_election_vote_hindcast,1.0,7,C_rc1_without_opinion_state_uncertainty,2018-09-02,C,"[0.9,1]",False,0.0,2018-09-09,4.0
True,6.3223,0.0,2018,variant_election_vote_hindcast,1.0,7,C_rc1_without_opinion_state_uncertainty,2018-09-02,KD,"[0.9,1]",False,0.0,2018-09-09,4.0
True,28.260981,0.0,2018,variant_election_vote_hindcast,1.0,7,C_rc1_without_opinion_state_uncertainty,2018-09-02,S,"[0.9,1]",False,0.0,2018-09-09,4.0
True,8.004879,0.0,2018,variant_election_vote_hindcast,1.0,7,C_rc1_without_opinion_state_uncertainty,2018-09-02,V,"[0.9,1]",False,0.0,2018-09-09,4.0
True,4.414253,0.002197265625,2018,variant_election_vote_hindcast,0.953125,7,C_rc1_without_opinion_state_uncertainty,2018-09-02,MP,"[0.9,1]",False,0.002197265625,2018-09-09,4.0
True,17.53397,0.0,2018,variant_election_vote_hindcast,1.0,7,C_rc1_without_opinion_state_uncertainty,2018-09-02,SD,"[0.9,1]",False,0.0,2018-09-09,4.0
True,19.835611,0.0,2018,variant_election_vote_hindcast,1.0,7,D_rc1_without_pp_centered_noise,2018-09-02,M,"[0.9,1]",False,0.0,2018-09-09,4.0
True,5.489595,0.0,2018,variant_election_vote_hindcast,1.0,7,D_rc1_without_pp_centered_noise,2018-09-02,L,"[0.9,1]",False,0.0,2018-09-09,4.0
True,8.607745,0.0,2018,variant_election_vote_hindcast,1.0,7,D_rc1_without_pp_centered_noise,2018-09-02,C,"[0.9,1]",False,0.0,2018-09-09,4.0
True,6.3223,0.0,2018,variant_election_vote_hindcast,1.0,7,D_rc1_without_pp_centered_noise,2018-09-02,KD,"[0.9,1]",False,0.0,2018-09-09,4.0
True,28.260981,0.0,2018,variant_election_vote_hindcast,1.0,7,D_rc1_without_pp_centered_noise,2018-09-02,S,"[0.9,1]",False,0.0,2018-09-09,4.0
True,8.004879,0.0,2018,variant_election_vote_hindcast,1.0,7,D_rc1_without_pp_centered_noise,2018-09-02,V,"[0.9,1]",False,0.0,2018-09-09,4.0
True,4.414253,0.0,2018,variant_election_vote_hindcast,1.0,7,D_rc1_without_pp_centered_noise,2018-09-02,MP,"[0.9,1]",False,0.0,2018-09-09,4.0
True,17.53397,0.0,2018,variant_election_vote_hindcast,1.0,7,D_rc1_without_pp_centered_noise,2018-09-02,SD,"[0.9,1]",False,0.0,2018-09-09,4.0
True,19.835611,0.0,2018,variant_election_vote_hindcast,1.0,7,E_rc1_pop_style_dynamics,2018-09-02,M,"[0.9,1]",False,0.0,2018-09-09,4.0
True,5.489595,0.0,2018,variant_election_vote_hindcast,1.0,7,E_rc1_pop_style_dynamics,2018-09-02,L,"[0.9,1]",False,0.0,2018-09-09,4.0
True,8.607745,0.0,2018,variant_election_vote_hindcast,1.0,7,E_rc1_pop_style_dynamics,2018-09-02,C,"[0.9,1]",False,0.0,2018-09-09,4.0
True,6.3223,0.0,2018,variant_election_vote_hindcast,1.0,7,E_rc1_pop_style_dynamics,2018-09-02,KD,"[0.9,1]",False,0.0,2018-09-09,4.0
True,28.260981,0.0,2018,variant_election_vote_hindcast,1.0,7,E_rc1_pop_style_dynamics,2018-09-02,S,"[0.9,1]",False,0.0,2018-09-09,4.0
True,8.004879,0.0,2018,variant_election_vote_hindcast,1.0,7,E_rc1_pop_style_dynamics,2018-09-02,V,"[0.9,1]",False,0.0,2018-09-09,4.0
True,4.414253,0.006103515625,2018,variant_election_vote_hindcast,0.921875,7,E_rc1_pop_style_dynamics,2018-09-02,MP,"[0.9,1]",False,0.006103515625,2018-09-09,4.0
True,17.53397,0.0,2018,variant_election_vote_hindcast,1.0,7,E_rc1_pop_style_dynamics,2018-09-02,SD,"[0.9,1]",False,0.0,2018-09-09,4.0
True,19.835611,0.0,2018,variant_election_vote_hindcast,1.0,7,F_pop_baseline_support_disabled,2018-09-02,M,"[0.9,1]",False,0.0,2018-09-09,4.0
True,5.489595,0.0,2018,variant_election_vote_hindcast,1.0,7,F_pop_baseline_support_disabled,2018-09-02,L,"[0.9,1]",False,0.0,2018-09-09,4.0
True,8.607745,0.0,2018,variant_election_vote_hindcast,1.0,7,F_pop_baseline_support_disabled,2018-09-02,C,"[0.9,1]",False,0.0,2018-09-09,4.0
True,6.3223,0.0,2018,variant_election_vote_hindcast,1.0,7,F_pop_baseline_support_disabled,2018-09-02,KD,"[0.9,1]",False,0.0,2018-09-09,4.0
True,28.260981,0.0,2018,variant_election_vote_hindcast,1.0,7,F_pop_baseline_support_disabled,2018-09-02,S,"[0.9,1]",False,0.0,2018-09-09,4.0
True,8.004879,0.0,2018,variant_election_vote_hindcast,1.0,7,F_pop_baseline_support_disabled,2018-09-02,V,"[0.9,1]",False,0.0,2018-09-09,4.0
True,4.414253,0.0,2018,variant_election_vote_hindcast,1.0,7,F_pop_baseline_support_disabled,2018-09-02,MP,"[0.9,1]",False,0.0,2018-09-09,4.0
True,17.53397,0.0,2018,variant_election_vote_hindcast,1.0,7,F_pop_baseline_support_disabled,2018-09-02,SD,"[0.9,1]",False,0.0,2018-09-09,4.0
True,19.102095,0.0,2022,variant_election_vote_hindcast,1.0,112,A_pop_baseline,2022-05-22,M,"[0.9,1]",False,0.0,2022-09-11,4.0
True,4.608573,0.054931640625,2022,variant_election_vote_hindcast,0.765625,112,A_pop_baseline,2022-05-22,L,"[0.7,0.8)",False,0.054931640625,2022-09-11,4.0
True,6.714218,0.0,2022,variant_election_vote_hindcast,1.0,112,A_pop_baseline,2022-05-22,C,"[0.9,1]",False,0.0,2022-09-11,4.0
True,5.336734,6.103515625e-05,2022,variant_election_vote_hindcast,0.9921875,112,A_pop_baseline,2022-05-22,KD,"[0.9,1]",False,6.103515625e-05,2022-09-11,4.0
True,30.325457,0.0,2022,variant_election_vote_hindcast,1.0,112,A_pop_baseline,2022-05-22,S,"[0.9,1]",False,0.0,2022-09-11,4.0
True,6.746712,0.0,2022,variant_election_vote_hindcast,1.0,112,A_pop_baseline,2022-05-22,V,"[0.9,1]",False,0.0,2022-09-11,4.0
True,5.082487,0.2863922119140625,2022,variant_election_vote_hindcast,0.46484375,112,A_pop_baseline,2022-05-22,MP,"[0.4,0.5)",False,0.2863922119140625,2022-09-11,4.0
True,20.53614,0.0,2022,variant_election_vote_hindcast,1.0,112,A_pop_baseline,2022-05-22,SD,"[0.9,1]",False,0.0,2022-09-11,4.0
True,19.102095,0.0,2022,variant_election_vote_hindcast,1.0,112,B_rc1_full,2022-05-22,M,"[0.9,1]",False,0.0,2022-09-11,4.0
True,4.608573,0.48345947265625,2022,variant_election_vote_hindcast,0.3046875,112,B_rc1_full,2022-05-22,L,"[0.3,0.4)",False,0.48345947265625,2022-09-11,4.0
True,6.714218,1.52587890625e-05,2022,variant_election_vote_hindcast,0.99609375,112,B_rc1_full,2022-05-22,C,"[0.9,1]",False,1.52587890625e-05,2022-09-11,4.0
True,5.336734,0.002197265625,2022,variant_election_vote_hindcast,0.953125,112,B_rc1_full,2022-05-22,KD,"[0.9,1]",False,0.002197265625,2022-09-11,4.0
True,30.325457,0.0,2022,variant_election_vote_hindcast,1.0,112,B_rc1_full,2022-05-22,S,"[0.9,1]",False,0.0,2022-09-11,4.0
True,6.746712,0.0,2022,variant_election_vote_hindcast,1.0,112,B_rc1_full,2022-05-22,V,"[0.9,1]",False,0.0,2022-09-11,4.0
True,5.082487,0.6922760009765625,2022,variant_election_vote_hindcast,0.16796875,112,B_rc1_full,2022-05-22,MP,"[0.1,0.2)",False,0.6922760009765625,2022-09-11,4.0
True,20.53614,0.0,2022,variant_election_vote_hindcast,1.0,112,B_rc1_full,2022-05-22,SD,"[0.9,1]",False,0.0,2022-09-11,4.0
True,19.102095,0.0,2022,variant_election_vote_hindcast,1.0,112,C_rc1_without_opinion_state_uncertainty,2022-05-22,M,"[0.9,1]",False,0.0,2022-09-11,4.0
True,4.608573,0.46197509765625,2022,variant_election_vote_hindcast,0.3203125,112,C_rc1_without_opinion_state_uncertainty,2022-05-22,L,"[0.3,0.4)",False,0.46197509765625,2022-09-11,4.0
True,6.714218,1.52587890625e-05,2022,variant_election_vote_hindcast,0.99609375,112,C_rc1_without_opinion_state_uncertainty,2022-05-22,C,"[0.9,1]",False,1.52587890625e-05,2022-09-11,4.0
True,5.336734,0.0025787353515625,2022,variant_election_vote_hindcast,0.94921875,112,C_rc1_without_opinion_state_uncertainty,2022-05-22,KD,"[0.9,1]",False,0.0025787353515625,2022-09-11,4.0
True,30.325457,0.0,2022,variant_election_vote_hindcast,1.0,112,C_rc1_without_opinion_state_uncertainty,2022-05-22,S,"[0.9,1]",False,0.0,2022-09-11,4.0
True,6.746712,0.0,2022,variant_election_vote_hindcast,1.0,112,C_rc1_without_opinion_state_uncertainty,2022-05-22,V,"[0.9,1]",False,0.0,2022-09-11,4.0
True,5.082487,0.72515869140625,2022,variant_election_vote_hindcast,0.1484375,112,C_rc1_without_opinion_state_uncertainty,2022-05-22,MP,"[0.1,0.2)",False,0.72515869140625,2022-09-11,4.0
True,20.53614,0.0,2022,variant_election_vote_hindcast,1.0,112,C_rc1_without_opinion_state_uncertainty,2022-05-22,SD,"[0.9,1]",False,0.0,2022-09-11,4.0
True,19.102095,0.0,2022,variant_election_vote_hindcast,1.0,112,D_rc1_without_pp_centered_noise,2022-05-22,M,"[0.9,1]",False,0.0,2022-09-11,4.0
True,4.608573,0.64752197265625,2022,variant_election_vote_hindcast,0.1953125,112,D_rc1_without_pp_centered_noise,2022-05-22,L,"[0.1,0.2)",False,0.64752197265625,2022-09-11,4.0
True,6.714218,0.0,2022,variant_election_vote_hindcast,1.0,112,D_rc1_without_pp_centered_noise,2022-05-22,C,"[0.9,1]",False,0.0,2022-09-11,4.0
True,5.336734,0.0012359619140625,2022,variant_election_vote_hindcast,0.96484375,112,D_rc1_without_pp_centered_noise,2022-05-22,KD,"[0.9,1]",False,0.0012359619140625,2022-09-11,4.0
True,30.325457,0.0,2022,variant_election_vote_hindcast,1.0,112,D_rc1_without_pp_centered_noise,2022-05-22,S,"[0.9,1]",False,0.0,2022-09-11,4.0
True,6.746712,0.0,2022,variant_election_vote_hindcast,1.0,112,D_rc1_without_pp_centered_noise,2022-05-22,V,"[0.9,1]",False,0.0,2022-09-11,4.0
True,5.082487,0.9309234619140625,2022,variant_election_vote_hindcast,0.03515625,112,D_rc1_without_pp_centered_noise,2022-05-22,MP,"[0,0.1)",False,0.9309234619140625,2022-09-11,4.0
True,20.53614,0.0,2022,variant_election_vote_hindcast,1.0,112,D_rc1_without_pp_centered_noise,2022-05-22,SD,"[0.9,1]",False,0.0,2022-09-11,4.0
True,19.102095,0.0,2022,variant_election_vote_hindcast,1.0,112,E_rc1_pop_style_dynamics,2022-05-22,M,"[0.9,1]",False,0.0,2022-09-11,4.0
True,4.608573,0.3955230712890625,2022,variant_election_vote_hindcast,0.37109375,112,E_rc1_pop_style_dynamics,2022-05-22,L,"[0.3,0.4)",False,0.3955230712890625,2022-09-11,4.0
True,6.714218,0.0,2022,variant_election_vote_hindcast,1.0,112,E_rc1_pop_style_dynamics,2022-05-22,C,"[0.9,1]",False,0.0,2022-09-11,4.0
True,5.336734,0.0003814697265625,2022,variant_election_vote_hindcast,0.98046875,112,E_rc1_pop_style_dynamics,2022-05-22,KD,"[0.9,1]",False,0.0003814697265625,2022-09-11,4.0
True,30.325457,0.0,2022,variant_election_vote_hindcast,1.0,112,E_rc1_pop_style_dynamics,2022-05-22,S,"[0.9,1]",False,0.0,2022-09-11,4.0
True,6.746712,0.0,2022,variant_election_vote_hindcast,1.0,112,E_rc1_pop_style_dynamics,2022-05-22,V,"[0.9,1]",False,0.0,2022-09-11,4.0
True,5.082487,0.685791015625,2022,variant_election_vote_hindcast,0.171875,112,E_rc1_pop_style_dynamics,2022-05-22,MP,"[0.1,0.2)",False,0.685791015625,2022-09-11,4.0
True,20.53614,0.0,2022,variant_election_vote_hindcast,1.0,112,E_rc1_pop_style_dynamics,2022-05-22,SD,"[0.9,1]",False,0.0,2022-09-11,4.0
True,19.102095,0.0,2022,variant_election_vote_hindcast,1.0,112,F_pop_baseline_support_disabled,2022-05-22,M,"[0.9,1]",False,0.0,2022-09-11,4.0
True,4.608573,0.59820556640625,2022,variant_election_vote_hindcast,0.2265625,112,F_pop_baseline_support_disabled,2022-05-22,L,"[0.2,0.3)",False,0.59820556640625,2022-09-11,4.0
True,6.714218,0.0,2022,variant_election_vote_hindcast,1.0,112,F_pop_baseline_support_disabled,2022-05-22,C,"[0.9,1]",False,0.0,2022-09-11,4.0
True,5.336734,0.0001373291015625,2022,variant_election_vote_hindcast,0.98828125,112,F_pop_baseline_support_disabled,2022-05-22,KD,"[0.9,1]",False,0.0001373291015625,2022-09-11,4.0
True,30.325457,0.0,2022,variant_election_vote_hindcast,1.0,112,F_pop_baseline_support_disabled,2022-05-22,S,"[0.9,1]",False,0.0,2022-09-11,4.0
True,6.746712,0.0,2022,variant_election_vote_hindcast,1.0,112,F_pop_baseline_support_disabled,2022-05-22,V,"[0.9,1]",False,0.0,2022-09-11,4.0
True,5.082487,0.9460601806640625,2022,variant_election_vote_hindcast,0.02734375,112,F_pop_baseline_support_disabled,2022-05-22,MP,"[0,0.1)",False,0.9460601806640625,2022-09-11,4.0
True,20.53614,0.0,2022,variant_election_vote_hindcast,1.0,112,F_pop_baseline_support_disabled,2022-05-22,SD,"[0.9,1]",False,0.0,2022-09-11,4.0
True,19.102095,0.0,2022,variant_election_vote_hindcast,1.0,84,A_pop_baseline,2022-06-19,M,"[0.9,1]",False,0.0,2022-09-11,4.0
True,4.608573,0.0003814697265625,2022,variant_election_vote_hindcast,0.98046875,84,A_pop_baseline,2022-06-19,L,"[0.9,1]",False,0.0003814697265625,2022-09-11,4.0
True,6.714218,0.0,2022,variant_election_vote_hindcast,1.0,84,A_pop_baseline,2022-06-19,C,"[0.9,1]",False,0.0,2022-09-11,4.0
True,5.336734,1.52587890625e-05,2022,variant_election_vote_hindcast,0.99609375,84,A_pop_baseline,2022-06-19,KD,"[0.9,1]",False,1.52587890625e-05,2022-09-11,4.0
True,30.325457,0.0,2022,variant_election_vote_hindcast,1.0,84,A_pop_baseline,2022-06-19,S,"[0.9,1]",False,0.0,2022-09-11,4.0
True,6.746712,0.0,2022,variant_election_vote_hindcast,1.0,84,A_pop_baseline,2022-06-19,V,"[0.9,1]",False,0.0,2022-09-11,4.0
True,5.082487,0.1001129150390625,2022,variant_election_vote_hindcast,0.68359375,84,A_pop_baseline,2022-06-19,MP,"[0.6,0.7)",False,0.1001129150390625,2022-09-11,4.0
True,20.53614,0.0,2022,variant_election_vote_hindcast,1.0,84,A_pop_baseline,2022-06-19,SD,"[0.9,1]",False,0.0,2022-09-11,4.0
True,19.102095,0.0,2022,variant_election_vote_hindcast,1.0,84,B_rc1_full,2022-06-19,M,"[0.9,1]",False,0.0,2022-09-11,4.0
True,4.608573,0.0337066650390625,2022,variant_election_vote_hindcast,0.81640625,84,B_rc1_full,2022-06-19,L,"[0.8,0.9)",False,0.0337066650390625,2022-09-11,4.0
True,6.714218,1.52587890625e-05,2022,variant_election_vote_hindcast,0.99609375,84,B_rc1_full,2022-06-19,C,"[0.9,1]",False,1.52587890625e-05,2022-09-11,4.0
True,5.336734,0.0001373291015625,2022,variant_election_vote_hindcast,0.98828125,84,B_rc1_full,2022-06-19,KD,"[0.9,1]",False,0.0001373291015625,2022-09-11,4.0
True,30.325457,0.0,2022,variant_election_vote_hindcast,1.0,84,B_rc1_full,2022-06-19,S,"[0.9,1]",False,0.0,2022-09-11,4.0
True,6.746712,0.0,2022,variant_election_vote_hindcast,1.0,84,B_rc1_full,2022-06-19,V,"[0.9,1]",False,0.0,2022-09-11,4.0
True,5.082487,0.52789306640625,2022,variant_election_vote_hindcast,0.2734375,84,B_rc1_full,2022-06-19,MP,"[0.2,0.3)",False,0.52789306640625,2022-09-11,4.0
True,20.53614,0.0,2022,variant_election_vote_hindcast,1.0,84,B_rc1_full,2022-06-19,SD,"[0.9,1]",False,0.0,2022-09-11,4.0
True,19.102095,0.0,2022,variant_election_vote_hindcast,1.0,84,C_rc1_without_opinion_state_uncertainty,2022-06-19,M,"[0.9,1]",False,0.0,2022-09-11,4.0
True,4.608573,0.029541015625,2022,variant_election_vote_hindcast,0.828125,84,C_rc1_without_opinion_state_uncertainty,2022-06-19,L,"[0.8,0.9)",False,0.029541015625,2022-09-11,4.0
True,6.714218,1.52587890625e-05,2022,variant_election_vote_hindcast,0.99609375,84,C_rc1_without_opinion_state_uncertainty,2022-06-19,C,"[0.9,1]",False,1.52587890625e-05,2022-09-11,4.0
True,5.336734,0.0001373291015625,2022,variant_election_vote_hindcast,0.98828125,84,C_rc1_without_opinion_state_uncertainty,2022-06-19,KD,"[0.9,1]",False,0.0001373291015625,2022-09-11,4.0
True,30.325457,0.0,2022,variant_election_vote_hindcast,1.0,84,C_rc1_without_opinion_state_uncertainty,2022-06-19,S,"[0.9,1]",False,0.0,2022-09-11,4.0
True,6.746712,0.0,2022,variant_election_vote_hindcast,1.0,84,C_rc1_without_opinion_state_uncertainty,2022-06-19,V,"[0.9,1]",False,0.0,2022-09-11,4.0
True,5.082487,0.5110015869140625,2022,variant_election_vote_hindcast,0.28515625,84,C_rc1_without_opinion_state_uncertainty,2022-06-19,MP,"[0.2,0.3)",False,0.5110015869140625,2022-09-11,4.0
True,20.53614,0.0,2022,variant_election_vote_hindcast,1.0,84,C_rc1_without_opinion_state_uncertainty,2022-06-19,SD,"[0.9,1]",False,0.0,2022-09-11,4.0
True,19.102095,0.0,2022,variant_election_vote_hindcast,1.0,84,D_rc1_without_pp_centered_noise,2022-06-19,M,"[0.9,1]",False,0.0,2022-09-11,4.0
True,4.608573,0.0080718994140625,2022,variant_election_vote_hindcast,0.91015625,84,D_rc1_without_pp_centered_noise,2022-06-19,L,"[0.9,1]",False,0.0080718994140625,2022-09-11,4.0
True,6.714218,0.0,2022,variant_election_vote_hindcast,1.0,84,D_rc1_without_pp_centered_noise,2022-06-19,C,"[0.9,1]",False,0.0,2022-09-11,4.0
True,5.336734,1.52587890625e-05,2022,variant_election_vote_hindcast,0.99609375,84,D_rc1_without_pp_centered_noise,2022-06-19,KD,"[0.9,1]",False,1.52587890625e-05,2022-09-11,4.0
True,30.325457,0.0,2022,variant_election_vote_hindcast,1.0,84,D_rc1_without_pp_centered_noise,2022-06-19,S,"[0.9,1]",False,0.0,2022-09-11,4.0
True,6.746712,0.0,2022,variant_election_vote_hindcast,1.0,84,D_rc1_without_pp_centered_noise,2022-06-19,V,"[0.9,1]",False,0.0,2022-09-11,4.0
True,5.082487,0.685791015625,2022,variant_election_vote_hindcast,0.171875,84,D_rc1_without_pp_centered_noise,2022-06-19,MP,"[0.1,0.2)",False,0.685791015625,2022-09-11,4.0
True,20.53614,0.0,2022,variant_election_vote_hindcast,1.0,84,D_rc1_without_pp_centered_noise,2022-06-19,SD,"[0.9,1]",False,0.0,2022-09-11,4.0
True,19.102095,0.0,2022,variant_election_vote_hindcast,1.0,84,E_rc1_pop_style_dynamics,2022-06-19,M,"[0.9,1]",False,0.0,2022-09-11,4.0
True,4.608573,0.03228759765625,2022,variant_election_vote_hindcast,0.8203125,84,E_rc1_pop_style_dynamics,2022-06-19,L,"[0.8,0.9)",False,0.03228759765625,2022-09-11,4.0
True,6.714218,0.0,2022,variant_election_vote_hindcast,1.0,84,E_rc1_pop_style_dynamics,2022-06-19,C,"[0.9,1]",False,0.0,2022-09-11,4.0
True,5.336734,6.103515625e-05,2022,variant_election_vote_hindcast,0.9921875,84,E_rc1_pop_style_dynamics,2022-06-19,KD,"[0.9,1]",False,6.103515625e-05,2022-09-11,4.0
True,30.325457,0.0,2022,variant_election_vote_hindcast,1.0,84,E_rc1_pop_style_dynamics,2022-06-19,S,"[0.9,1]",False,0.0,2022-09-11,4.0
True,6.746712,0.0,2022,variant_election_vote_hindcast,1.0,84,E_rc1_pop_style_dynamics,2022-06-19,V,"[0.9,1]",False,0.0,2022-09-11,4.0
True,5.082487,0.5166015625,2022,variant_election_vote_hindcast,0.28125,84,E_rc1_pop_style_dynamics,2022-06-19,MP,"[0.2,0.3)",False,0.5166015625,2022-09-11,4.0
True,20.53614,0.0,2022,variant_election_vote_hindcast,1.0,84,E_rc1_pop_style_dynamics,2022-06-19,SD,"[0.9,1]",False,0.0,2022-09-11,4.0
True,19.102095,0.0,2022,variant_election_vote_hindcast,1.0,84,F_pop_baseline_support_disabled,2022-06-19,M,"[0.9,1]",False,0.0,2022-09-11,4.0
True,4.608573,0.0018463134765625,2022,variant_election_vote_hindcast,0.95703125,84,F_pop_baseline_support_disabled,2022-06-19,L,"[0.9,1]",False,0.0018463134765625,2022-09-11,4.0
True,6.714218,0.0,2022,variant_election_vote_hindcast,1.0,84,F_pop_baseline_support_disabled,2022-06-19,C,"[0.9,1]",False,0.0,2022-09-11,4.0
True,5.336734,0.0001373291015625,2022,variant_election_vote_hindcast,0.98828125,84,F_pop_baseline_support_disabled,2022-06-19,KD,"[0.9,1]",False,0.0001373291015625,2022-09-11,4.0
True,30.325457,0.0,2022,variant_election_vote_hindcast,1.0,84,F_pop_baseline_support_disabled,2022-06-19,S,"[0.9,1]",False,0.0,2022-09-11,4.0
True,6.746712,0.0,2022,variant_election_vote_hindcast,1.0,84,F_pop_baseline_support_disabled,2022-06-19,V,"[0.9,1]",False,0.0,2022-09-11,4.0
True,5.082487,0.908447265625,2022,variant_election_vote_hindcast,0.046875,84,F_pop_baseline_support_disabled,2022-06-19,MP,"[0,0.1)",False,0.908447265625,2022-09-11,4.0
True,20.53614,0.0,2022,variant_election_vote_hindcast,1.0,84,F_pop_baseline_support_disabled,2022-06-19,SD,"[0.9,1]",False,0.0,2022-09-11,4.0
True,19.102095,0.0,2022,variant_election_vote_hindcast,1.0,56,A_pop_baseline,2022-07-17,M,"[0.9,1]",False,0.0,2022-09-11,4.0
True,4.608573,0.0,2022,variant_election_vote_hindcast,1.0,56,A_pop_baseline,2022-07-17,L,"[0.9,1]",False,0.0,2022-09-11,4.0
True,6.714218,0.0,2022,variant_election_vote_hindcast,1.0,56,A_pop_baseline,2022-07-17,C,"[0.9,1]",False,0.0,2022-09-11,4.0
True,5.336734,0.0,2022,variant_election_vote_hindcast,1.0,56,A_pop_baseline,2022-07-17,KD,"[0.9,1]",False,0.0,2022-09-11,4.0
True,30.325457,0.0,2022,variant_election_vote_hindcast,1.0,56,A_pop_baseline,2022-07-17,S,"[0.9,1]",False,0.0,2022-09-11,4.0
True,6.746712,0.0,2022,variant_election_vote_hindcast,1.0,56,A_pop_baseline,2022-07-17,V,"[0.9,1]",False,0.0,2022-09-11,4.0
True,5.082487,0.0012359619140625,2022,variant_election_vote_hindcast,0.96484375,56,A_pop_baseline,2022-07-17,MP,"[0.9,1]",False,0.0012359619140625,2022-09-11,4.0
True,20.53614,0.0,2022,variant_election_vote_hindcast,1.0,56,A_pop_baseline,2022-07-17,SD,"[0.9,1]",False,0.0,2022-09-11,4.0
True,19.102095,0.0,2022,variant_election_vote_hindcast,1.0,56,B_rc1_full,2022-07-17,M,"[0.9,1]",False,0.0,2022-09-11,4.0
True,4.608573,0.00738525390625,2022,variant_election_vote_hindcast,0.9140625,56,B_rc1_full,2022-07-17,L,"[0.9,1]",False,0.00738525390625,2022-09-11,4.0
True,6.714218,0.0,2022,variant_election_vote_hindcast,1.0,56,B_rc1_full,2022-07-17,C,"[0.9,1]",False,0.0,2022-09-11,4.0
True,5.336734,0.000244140625,2022,variant_election_vote_hindcast,0.984375,56,B_rc1_full,2022-07-17,KD,"[0.9,1]",False,0.000244140625,2022-09-11,4.0
True,30.325457,0.0,2022,variant_election_vote_hindcast,1.0,56,B_rc1_full,2022-07-17,S,"[0.9,1]",False,0.0,2022-09-11,4.0
True,6.746712,0.0,2022,variant_election_vote_hindcast,1.0,56,B_rc1_full,2022-07-17,V,"[0.9,1]",False,0.0,2022-09-11,4.0
True,5.082487,0.088134765625,2022,variant_election_vote_hindcast,0.703125,56,B_rc1_full,2022-07-17,MP,"[0.7,0.8)",False,0.088134765625,2022-09-11,4.0
True,20.53614,0.0,2022,variant_election_vote_hindcast,1.0,56,B_rc1_full,2022-07-17,SD,"[0.9,1]",False,0.0,2022-09-11,4.0
True,19.102095,0.0,2022,variant_election_vote_hindcast,1.0,56,C_rc1_without_opinion_state_uncertainty,2022-07-17,M,"[0.9,1]",False,0.0,2022-09-11,4.0
True,4.608573,0.00390625,2022,variant_election_vote_hindcast,0.9375,56,C_rc1_without_opinion_state_uncertainty,2022-07-17,L,"[0.9,1]",False,0.00390625,2022-09-11,4.0
True,6.714218,0.0,2022,variant_election_vote_hindcast,1.0,56,C_rc1_without_opinion_state_uncertainty,2022-07-17,C,"[0.9,1]",False,0.0,2022-09-11,4.0
True,5.336734,0.0001373291015625,2022,variant_election_vote_hindcast,0.98828125,56,C_rc1_without_opinion_state_uncertainty,2022-07-17,KD,"[0.9,1]",False,0.0001373291015625,2022-09-11,4.0
True,30.325457,0.0,2022,variant_election_vote_hindcast,1.0,56,C_rc1_without_opinion_state_uncertainty,2022-07-17,S,"[0.9,1]",False,0.0,2022-09-11,4.0
True,6.746712,0.0,2022,variant_election_vote_hindcast,1.0,56,C_rc1_without_opinion_state_uncertainty,2022-07-17,V,"[0.9,1]",False,0.0,2022-09-11,4.0
True,5.082487,0.1208648681640625,2022,variant_election_vote_hindcast,0.65234375,56,C_rc1_without_opinion_state_uncertainty,2022-07-17,MP,"[0.6,0.7)",False,0.1208648681640625,2022-09-11,4.0
True,20.53614,0.0,2022,variant_election_vote_hindcast,1.0,56,C_rc1_without_opinion_state_uncertainty,2022-07-17,SD,"[0.9,1]",False,0.0,2022-09-11,4.0
True,19.102095,0.0,2022,variant_election_vote_hindcast,1.0,56,D_rc1_without_pp_centered_noise,2022-07-17,M,"[0.9,1]",False,0.0,2022-09-11,4.0
True,4.608573,6.103515625e-05,2022,variant_election_vote_hindcast,0.9921875,56,D_rc1_without_pp_centered_noise,2022-07-17,L,"[0.9,1]",False,6.103515625e-05,2022-09-11,4.0
True,6.714218,0.0,2022,variant_election_vote_hindcast,1.0,56,D_rc1_without_pp_centered_noise,2022-07-17,C,"[0.9,1]",False,0.0,2022-09-11,4.0
True,5.336734,1.52587890625e-05,2022,variant_election_vote_hindcast,0.99609375,56,D_rc1_without_pp_centered_noise,2022-07-17,KD,"[0.9,1]",False,1.52587890625e-05,2022-09-11,4.0
True,30.325457,0.0,2022,variant_election_vote_hindcast,1.0,56,D_rc1_without_pp_centered_noise,2022-07-17,S,"[0.9,1]",False,0.0,2022-09-11,4.0
True,6.746712,0.0,2022,variant_election_vote_hindcast,1.0,56,D_rc1_without_pp_centered_noise,2022-07-17,V,"[0.9,1]",False,0.0,2022-09-11,4.0
True,5.082487,0.029541015625,2022,variant_election_vote_hindcast,0.828125,56,D_rc1_without_pp_centered_noise,2022-07-17,MP,"[0.8,0.9)",False,0.029541015625,2022-09-11,4.0
True,20.53614,0.0,2022,variant_election_vote_hindcast,1.0,56,D_rc1_without_pp_centered_noise,2022-07-17,SD,"[0.9,1]",False,0.0,2022-09-11,4.0
True,19.102095,0.0,2022,variant_election_vote_hindcast,1.0,56,E_rc1_pop_style_dynamics,2022-07-17,M,"[0.9,1]",False,0.0,2022-09-11,4.0
True,4.608573,0.0025787353515625,2022,variant_election_vote_hindcast,0.94921875,56,E_rc1_pop_style_dynamics,2022-07-17,L,"[0.9,1]",False,0.0025787353515625,2022-09-11,4.0
True,6.714218,0.0,2022,variant_election_vote_hindcast,1.0,56,E_rc1_pop_style_dynamics,2022-07-17,C,"[0.9,1]",False,0.0,2022-09-11,4.0
True,5.336734,1.52587890625e-05,2022,variant_election_vote_hindcast,0.99609375,56,E_rc1_pop_style_dynamics,2022-07-17,KD,"[0.9,1]",False,1.52587890625e-05,2022-09-11,4.0
True,30.325457,0.0,2022,variant_election_vote_hindcast,1.0,56,E_rc1_pop_style_dynamics,2022-07-17,S,"[0.9,1]",False,0.0,2022-09-11,4.0
True,6.746712,0.0,2022,variant_election_vote_hindcast,1.0,56,E_rc1_pop_style_dynamics,2022-07-17,V,"[0.9,1]",False,0.0,2022-09-11,4.0
True,5.082487,0.1181640625,2022,variant_election_vote_hindcast,0.65625,56,E_rc1_pop_style_dynamics,2022-07-17,MP,"[0.6,0.7)",False,0.1181640625,2022-09-11,4.0
True,20.53614,0.0,2022,variant_election_vote_hindcast,1.0,56,E_rc1_pop_style_dynamics,2022-07-17,SD,"[0.9,1]",False,0.0,2022-09-11,4.0
True,19.102095,0.0,2022,variant_election_vote_hindcast,1.0,56,F_pop_baseline_support_disabled,2022-07-17,M,"[0.9,1]",False,0.0,2022-09-11,4.0
True,4.608573,1.52587890625e-05,2022,variant_election_vote_hindcast,0.99609375,56,F_pop_baseline_support_disabled,2022-07-17,L,"[0.9,1]",False,1.52587890625e-05,2022-09-11,4.0
True,6.714218,0.0,2022,variant_election_vote_hindcast,1.0,56,F_pop_baseline_support_disabled,2022-07-17,C,"[0.9,1]",False,0.0,2022-09-11,4.0
True,5.336734,0.0,2022,variant_election_vote_hindcast,1.0,56,F_pop_baseline_support_disabled,2022-07-17,KD,"[0.9,1]",False,0.0,2022-09-11,4.0
True,30.325457,0.0,2022,variant_election_vote_hindcast,1.0,56,F_pop_baseline_support_disabled,2022-07-17,S,"[0.9,1]",False,0.0,2022-09-11,4.0
True,6.746712,0.0,2022,variant_election_vote_hindcast,1.0,56,F_pop_baseline_support_disabled,2022-07-17,V,"[0.9,1]",False,0.0,2022-09-11,4.0
True,5.082487,0.0208892822265625,2022,variant_election_vote_hindcast,0.85546875,56,F_pop_baseline_support_disabled,2022-07-17,MP,"[0.8,0.9)",False,0.0208892822265625,2022-09-11,4.0
True,20.53614,0.0,2022,variant_election_vote_hindcast,1.0,56,F_pop_baseline_support_disabled,2022-07-17,SD,"[0.9,1]",False,0.0,2022-09-11,4.0
True,19.102095,0.0,2022,variant_election_vote_hindcast,1.0,28,A_pop_baseline,2022-08-14,M,"[0.9,1]",False,0.0,2022-09-11,4.0
True,4.608573,0.0,2022,variant_election_vote_hindcast,1.0,28,A_pop_baseline,2022-08-14,L,"[0.9,1]",False,0.0,2022-09-11,4.0
True,6.714218,0.0,2022,variant_election_vote_hindcast,1.0,28,A_pop_baseline,2022-08-14,C,"[0.9,1]",False,0.0,2022-09-11,4.0
True,5.336734,0.0,2022,variant_election_vote_hindcast,1.0,28,A_pop_baseline,2022-08-14,KD,"[0.9,1]",False,0.0,2022-09-11,4.0
True,30.325457,0.0,2022,variant_election_vote_hindcast,1.0,28,A_pop_baseline,2022-08-14,S,"[0.9,1]",False,0.0,2022-09-11,4.0
True,6.746712,0.0,2022,variant_election_vote_hindcast,1.0,28,A_pop_baseline,2022-08-14,V,"[0.9,1]",False,0.0,2022-09-11,4.0
True,5.082487,0.0,2022,variant_election_vote_hindcast,1.0,28,A_pop_baseline,2022-08-14,MP,"[0.9,1]",False,0.0,2022-09-11,4.0
True,20.53614,0.0,2022,variant_election_vote_hindcast,1.0,28,A_pop_baseline,2022-08-14,SD,"[0.9,1]",False,0.0,2022-09-11,4.0
True,19.102095,0.0,2022,variant_election_vote_hindcast,1.0,28,B_rc1_full,2022-08-14,M,"[0.9,1]",False,0.0,2022-09-11,4.0
True,4.608573,0.0009765625,2022,variant_election_vote_hindcast,0.96875,28,B_rc1_full,2022-08-14,L,"[0.9,1]",False,0.0009765625,2022-09-11,4.0
True,6.714218,0.0,2022,variant_election_vote_hindcast,1.0,28,B_rc1_full,2022-08-14,C,"[0.9,1]",False,0.0,2022-09-11,4.0
True,5.336734,1.52587890625e-05,2022,variant_election_vote_hindcast,0.99609375,28,B_rc1_full,2022-08-14,KD,"[0.9,1]",False,1.52587890625e-05,2022-09-11,4.0
True,30.325457,0.0,2022,variant_election_vote_hindcast,1.0,28,B_rc1_full,2022-08-14,S,"[0.9,1]",False,0.0,2022-09-11,4.0
True,6.746712,0.0,2022,variant_election_vote_hindcast,1.0,28,B_rc1_full,2022-08-14,V,"[0.9,1]",False,0.0,2022-09-11,4.0
True,5.082487,0.00390625,2022,variant_election_vote_hindcast,0.9375,28,B_rc1_full,2022-08-14,MP,"[0.9,1]",False,0.00390625,2022-09-11,4.0
True,20.53614,0.0,2022,variant_election_vote_hindcast,1.0,28,B_rc1_full,2022-08-14,SD,"[0.9,1]",False,0.0,2022-09-11,4.0
True,19.102095,0.0,2022,variant_election_vote_hindcast,1.0,28,C_rc1_without_opinion_state_uncertainty,2022-08-14,M,"[0.9,1]",False,0.0,2022-09-11,4.0
True,4.608573,0.0003814697265625,2022,variant_election_vote_hindcast,0.98046875,28,C_rc1_without_opinion_state_uncertainty,2022-08-14,L,"[0.9,1]",False,0.0003814697265625,2022-09-11,4.0
True,6.714218,0.0,2022,variant_election_vote_hindcast,1.0,28,C_rc1_without_opinion_state_uncertainty,2022-08-14,C,"[0.9,1]",False,0.0,2022-09-11,4.0
True,5.336734,1.52587890625e-05,2022,variant_election_vote_hindcast,0.99609375,28,C_rc1_without_opinion_state_uncertainty,2022-08-14,KD,"[0.9,1]",False,1.52587890625e-05,2022-09-11,4.0
True,30.325457,0.0,2022,variant_election_vote_hindcast,1.0,28,C_rc1_without_opinion_state_uncertainty,2022-08-14,S,"[0.9,1]",False,0.0,2022-09-11,4.0
True,6.746712,0.0,2022,variant_election_vote_hindcast,1.0,28,C_rc1_without_opinion_state_uncertainty,2022-08-14,V,"[0.9,1]",False,0.0,2022-09-11,4.0
True,5.082487,0.002197265625,2022,variant_election_vote_hindcast,0.953125,28,C_rc1_without_opinion_state_uncertainty,2022-08-14,MP,"[0.9,1]",False,0.002197265625,2022-09-11,4.0
True,20.53614,0.0,2022,variant_election_vote_hindcast,1.0,28,C_rc1_without_opinion_state_uncertainty,2022-08-14,SD,"[0.9,1]",False,0.0,2022-09-11,4.0
True,19.102095,0.0,2022,variant_election_vote_hindcast,1.0,28,D_rc1_without_pp_centered_noise,2022-08-14,M,"[0.9,1]",False,0.0,2022-09-11,4.0
True,4.608573,0.0,2022,variant_election_vote_hindcast,1.0,28,D_rc1_without_pp_centered_noise,2022-08-14,L,"[0.9,1]",False,0.0,2022-09-11,4.0
True,6.714218,0.0,2022,variant_election_vote_hindcast,1.0,28,D_rc1_without_pp_centered_noise,2022-08-14,C,"[0.9,1]",False,0.0,2022-09-11,4.0
True,5.336734,0.0,2022,variant_election_vote_hindcast,1.0,28,D_rc1_without_pp_centered_noise,2022-08-14,KD,"[0.9,1]",False,0.0,2022-09-11,4.0
True,30.325457,0.0,2022,variant_election_vote_hindcast,1.0,28,D_rc1_without_pp_centered_noise,2022-08-14,S,"[0.9,1]",False,0.0,2022-09-11,4.0
True,6.746712,0.0,2022,variant_election_vote_hindcast,1.0,28,D_rc1_without_pp_centered_noise,2022-08-14,V,"[0.9,1]",False,0.0,2022-09-11,4.0
True,5.082487,0.0,2022,variant_election_vote_hindcast,1.0,28,D_rc1_without_pp_centered_noise,2022-08-14,MP,"[0.9,1]",False,0.0,2022-09-11,4.0
True,20.53614,0.0,2022,variant_election_vote_hindcast,1.0,28,D_rc1_without_pp_centered_noise,2022-08-14,SD,"[0.9,1]",False,0.0,2022-09-11,4.0
True,19.102095,0.0,2022,variant_election_vote_hindcast,1.0,28,E_rc1_pop_style_dynamics,2022-08-14,M,"[0.9,1]",False,0.0,2022-09-11,4.0
True,4.608573,0.0012359619140625,2022,variant_election_vote_hindcast,0.96484375,28,E_rc1_pop_style_dynamics,2022-08-14,L,"[0.9,1]",False,0.0012359619140625,2022-09-11,4.0
True,6.714218,0.0,2022,variant_election_vote_hindcast,1.0,28,E_rc1_pop_style_dynamics,2022-08-14,C,"[0.9,1]",False,0.0,2022-09-11,4.0
True,5.336734,1.52587890625e-05,2022,variant_election_vote_hindcast,0.99609375,28,E_rc1_pop_style_dynamics,2022-08-14,KD,"[0.9,1]",False,1.52587890625e-05,2022-09-11,4.0
True,30.325457,0.0,2022,variant_election_vote_hindcast,1.0,28,E_rc1_pop_style_dynamics,2022-08-14,S,"[0.9,1]",False,0.0,2022-09-11,4.0
True,6.746712,0.0,2022,variant_election_vote_hindcast,1.0,28,E_rc1_pop_style_dynamics,2022-08-14,V,"[0.9,1]",False,0.0,2022-09-11,4.0
True,5.082487,0.0055084228515625,2022,variant_election_vote_hindcast,0.92578125,28,E_rc1_pop_style_dynamics,2022-08-14,MP,"[0.9,1]",False,0.0055084228515625,2022-09-11,4.0
True,20.53614,0.0,2022,variant_election_vote_hindcast,1.0,28,E_rc1_pop_style_dynamics,2022-08-14,SD,"[0.9,1]",False,0.0,2022-09-11,4.0
True,19.102095,0.0,2022,variant_election_vote_hindcast,1.0,28,F_pop_baseline_support_disabled,2022-08-14,M,"[0.9,1]",False,0.0,2022-09-11,4.0
True,4.608573,0.0,2022,variant_election_vote_hindcast,1.0,28,F_pop_baseline_support_disabled,2022-08-14,L,"[0.9,1]",False,0.0,2022-09-11,4.0
True,6.714218,0.0,2022,variant_election_vote_hindcast,1.0,28,F_pop_baseline_support_disabled,2022-08-14,C,"[0.9,1]",False,0.0,2022-09-11,4.0
True,5.336734,0.0,2022,variant_election_vote_hindcast,1.0,28,F_pop_baseline_support_disabled,2022-08-14,KD,"[0.9,1]",False,0.0,2022-09-11,4.0
True,30.325457,0.0,2022,variant_election_vote_hindcast,1.0,28,F_pop_baseline_support_disabled,2022-08-14,S,"[0.9,1]",False,0.0,2022-09-11,4.0
True,6.746712,0.0,2022,variant_election_vote_hindcast,1.0,28,F_pop_baseline_support_disabled,2022-08-14,V,"[0.9,1]",False,0.0,2022-09-11,4.0
True,5.082487,0.0,2022,variant_election_vote_hindcast,1.0,28,F_pop_baseline_support_disabled,2022-08-14,MP,"[0.9,1]",False,0.0,2022-09-11,4.0
True,20.53614,0.0,2022,variant_election_vote_hindcast,1.0,28,F_pop_baseline_support_disabled,2022-08-14,SD,"[0.9,1]",False,0.0,2022-09-11,4.0
True,19.102095,0.0,2022,variant_election_vote_hindcast,1.0,14,A_pop_baseline,2022-08-28,M,"[0.9,1]",False,0.0,2022-09-11,4.0
True,4.608573,0.0,2022,variant_election_vote_hindcast,1.0,14,A_pop_baseline,2022-08-28,L,"[0.9,1]",False,0.0,2022-09-11,4.0
True,6.714218,0.0,2022,variant_election_vote_hindcast,1.0,14,A_pop_baseline,2022-08-28,C,"[0.9,1]",False,0.0,2022-09-11,4.0
True,5.336734,0.0,2022,variant_election_vote_hindcast,1.0,14,A_pop_baseline,2022-08-28,KD,"[0.9,1]",False,0.0,2022-09-11,4.0
True,30.325457,0.0,2022,variant_election_vote_hindcast,1.0,14,A_pop_baseline,2022-08-28,S,"[0.9,1]",False,0.0,2022-09-11,4.0
True,6.746712,0.0,2022,variant_election_vote_hindcast,1.0,14,A_pop_baseline,2022-08-28,V,"[0.9,1]",False,0.0,2022-09-11,4.0
True,5.082487,0.0,2022,variant_election_vote_hindcast,1.0,14,A_pop_baseline,2022-08-28,MP,"[0.9,1]",False,0.0,2022-09-11,4.0
True,20.53614,0.0,2022,variant_election_vote_hindcast,1.0,14,A_pop_baseline,2022-08-28,SD,"[0.9,1]",False,0.0,2022-09-11,4.0
True,19.102095,0.0,2022,variant_election_vote_hindcast,1.0,14,B_rc1_full,2022-08-28,M,"[0.9,1]",False,0.0,2022-09-11,4.0
True,4.608573,0.00152587890625,2022,variant_election_vote_hindcast,0.9609375,14,B_rc1_full,2022-08-28,L,"[0.9,1]",False,0.00152587890625,2022-09-11,4.0
True,6.714218,0.0,2022,variant_election_vote_hindcast,1.0,14,B_rc1_full,2022-08-28,C,"[0.9,1]",False,0.0,2022-09-11,4.0
True,5.336734,0.0,2022,variant_election_vote_hindcast,1.0,14,B_rc1_full,2022-08-28,KD,"[0.9,1]",False,0.0,2022-09-11,4.0
True,30.325457,0.0,2022,variant_election_vote_hindcast,1.0,14,B_rc1_full,2022-08-28,S,"[0.9,1]",False,0.0,2022-09-11,4.0
True,6.746712,0.0,2022,variant_election_vote_hindcast,1.0,14,B_rc1_full,2022-08-28,V,"[0.9,1]",False,0.0,2022-09-11,4.0
True,5.082487,0.0012359619140625,2022,variant_election_vote_hindcast,0.96484375,14,B_rc1_full,2022-08-28,MP,"[0.9,1]",False,0.0012359619140625,2022-09-11,4.0
True,20.53614,0.0,2022,variant_election_vote_hindcast,1.0,14,B_rc1_full,2022-08-28,SD,"[0.9,1]",False,0.0,2022-09-11,4.0
True,19.102095,0.0,2022,variant_election_vote_hindcast,1.0,14,C_rc1_without_opinion_state_uncertainty,2022-08-28,M,"[0.9,1]",False,0.0,2022-09-11,4.0
True,4.608573,1.52587890625e-05,2022,variant_election_vote_hindcast,0.99609375,14,C_rc1_without_opinion_state_uncertainty,2022-08-28,L,"[0.9,1]",False,1.52587890625e-05,2022-09-11,4.0
True,6.714218,0.0,2022,variant_election_vote_hindcast,1.0,14,C_rc1_without_opinion_state_uncertainty,2022-08-28,C,"[0.9,1]",False,0.0,2022-09-11,4.0
True,5.336734,0.0,2022,variant_election_vote_hindcast,1.0,14,C_rc1_without_opinion_state_uncertainty,2022-08-28,KD,"[0.9,1]",False,0.0,2022-09-11,4.0
True,30.325457,0.0,2022,variant_election_vote_hindcast,1.0,14,C_rc1_without_opinion_state_uncertainty,2022-08-28,S,"[0.9,1]",False,0.0,2022-09-11,4.0
True,6.746712,0.0,2022,variant_election_vote_hindcast,1.0,14,C_rc1_without_opinion_state_uncertainty,2022-08-28,V,"[0.9,1]",False,0.0,2022-09-11,4.0
True,5.082487,0.0003814697265625,2022,variant_election_vote_hindcast,0.98046875,14,C_rc1_without_opinion_state_uncertainty,2022-08-28,MP,"[0.9,1]",False,0.0003814697265625,2022-09-11,4.0
True,20.53614,0.0,2022,variant_election_vote_hindcast,1.0,14,C_rc1_without_opinion_state_uncertainty,2022-08-28,SD,"[0.9,1]",False,0.0,2022-09-11,4.0
True,19.102095,0.0,2022,variant_election_vote_hindcast,1.0,14,D_rc1_without_pp_centered_noise,2022-08-28,M,"[0.9,1]",False,0.0,2022-09-11,4.0
True,4.608573,0.0,2022,variant_election_vote_hindcast,1.0,14,D_rc1_without_pp_centered_noise,2022-08-28,L,"[0.9,1]",False,0.0,2022-09-11,4.0
True,6.714218,0.0,2022,variant_election_vote_hindcast,1.0,14,D_rc1_without_pp_centered_noise,2022-08-28,C,"[0.9,1]",False,0.0,2022-09-11,4.0
True,5.336734,0.0,2022,variant_election_vote_hindcast,1.0,14,D_rc1_without_pp_centered_noise,2022-08-28,KD,"[0.9,1]",False,0.0,2022-09-11,4.0
True,30.325457,0.0,2022,variant_election_vote_hindcast,1.0,14,D_rc1_without_pp_centered_noise,2022-08-28,S,"[0.9,1]",False,0.0,2022-09-11,4.0
True,6.746712,0.0,2022,variant_election_vote_hindcast,1.0,14,D_rc1_without_pp_centered_noise,2022-08-28,V,"[0.9,1]",False,0.0,2022-09-11,4.0
True,5.082487,0.0,2022,variant_election_vote_hindcast,1.0,14,D_rc1_without_pp_centered_noise,2022-08-28,MP,"[0.9,1]",False,0.0,2022-09-11,4.0
True,20.53614,0.0,2022,variant_election_vote_hindcast,1.0,14,D_rc1_without_pp_centered_noise,2022-08-28,SD,"[0.9,1]",False,0.0,2022-09-11,4.0
True,19.102095,0.0,2022,variant_election_vote_hindcast,1.0,14,E_rc1_pop_style_dynamics,2022-08-28,M,"[0.9,1]",False,0.0,2022-09-11,4.0
True,4.608573,0.002197265625,2022,variant_election_vote_hindcast,0.953125,14,E_rc1_pop_style_dynamics,2022-08-28,L,"[0.9,1]",False,0.002197265625,2022-09-11,4.0
True,6.714218,0.0,2022,variant_election_vote_hindcast,1.0,14,E_rc1_pop_style_dynamics,2022-08-28,C,"[0.9,1]",False,0.0,2022-09-11,4.0
True,5.336734,0.0,2022,variant_election_vote_hindcast,1.0,14,E_rc1_pop_style_dynamics,2022-08-28,KD,"[0.9,1]",False,0.0,2022-09-11,4.0
True,30.325457,0.0,2022,variant_election_vote_hindcast,1.0,14,E_rc1_pop_style_dynamics,2022-08-28,S,"[0.9,1]",False,0.0,2022-09-11,4.0
True,6.746712,0.0,2022,variant_election_vote_hindcast,1.0,14,E_rc1_pop_style_dynamics,2022-08-28,V,"[0.9,1]",False,0.0,2022-09-11,4.0
True,5.082487,0.00152587890625,2022,variant_election_vote_hindcast,0.9609375,14,E_rc1_pop_style_dynamics,2022-08-28,MP,"[0.9,1]",False,0.00152587890625,2022-09-11,4.0
True,20.53614,0.0,2022,variant_election_vote_hindcast,1.0,14,E_rc1_pop_style_dynamics,2022-08-28,SD,"[0.9,1]",False,0.0,2022-09-11,4.0
True,19.102095,0.0,2022,variant_election_vote_hindcast,1.0,14,F_pop_baseline_support_disabled,2022-08-28,M,"[0.9,1]",False,0.0,2022-09-11,4.0
True,4.608573,0.0,2022,variant_election_vote_hindcast,1.0,14,F_pop_baseline_support_disabled,2022-08-28,L,"[0.9,1]",False,0.0,2022-09-11,4.0
True,6.714218,0.0,2022,variant_election_vote_hindcast,1.0,14,F_pop_baseline_support_disabled,2022-08-28,C,"[0.9,1]",False,0.0,2022-09-11,4.0
True,5.336734,0.0,2022,variant_election_vote_hindcast,1.0,14,F_pop_baseline_support_disabled,2022-08-28,KD,"[0.9,1]",False,0.0,2022-09-11,4.0
True,30.325457,0.0,2022,variant_election_vote_hindcast,1.0,14,F_pop_baseline_support_disabled,2022-08-28,S,"[0.9,1]",False,0.0,2022-09-11,4.0
True,6.746712,0.0,2022,variant_election_vote_hindcast,1.0,14,F_pop_baseline_support_disabled,2022-08-28,V,"[0.9,1]",False,0.0,2022-09-11,4.0
True,5.082487,0.0,2022,variant_election_vote_hindcast,1.0,14,F_pop_baseline_support_disabled,2022-08-28,MP,"[0.9,1]",False,0.0,2022-09-11,4.0
True,20.53614,0.0,2022,variant_election_vote_hindcast,1.0,14,F_pop_baseline_support_disabled,2022-08-28,SD,"[0.9,1]",False,0.0,2022-09-11,4.0
True,19.102095,0.0,2022,variant_election_vote_hindcast,1.0,7,A_pop_baseline,2022-09-04,M,"[0.9,1]",False,0.0,2022-09-11,4.0
True,4.608573,0.0,2022,variant_election_vote_hindcast,1.0,7,A_pop_baseline,2022-09-04,L,"[0.9,1]",False,0.0,2022-09-11,4.0
True,6.714218,0.0,2022,variant_election_vote_hindcast,1.0,7,A_pop_baseline,2022-09-04,C,"[0.9,1]",False,0.0,2022-09-11,4.0
True,5.336734,0.0,2022,variant_election_vote_hindcast,1.0,7,A_pop_baseline,2022-09-04,KD,"[0.9,1]",False,0.0,2022-09-11,4.0
True,30.325457,0.0,2022,variant_election_vote_hindcast,1.0,7,A_pop_baseline,2022-09-04,S,"[0.9,1]",False,0.0,2022-09-11,4.0
True,6.746712,0.0,2022,variant_election_vote_hindcast,1.0,7,A_pop_baseline,2022-09-04,V,"[0.9,1]",False,0.0,2022-09-11,4.0
True,5.082487,0.0,2022,variant_election_vote_hindcast,1.0,7,A_pop_baseline,2022-09-04,MP,"[0.9,1]",False,0.0,2022-09-11,4.0
True,20.53614,0.0,2022,variant_election_vote_hindcast,1.0,7,A_pop_baseline,2022-09-04,SD,"[0.9,1]",False,0.0,2022-09-11,4.0
True,19.102095,0.0,2022,variant_election_vote_hindcast,1.0,7,B_rc1_full,2022-09-04,M,"[0.9,1]",False,0.0,2022-09-11,4.0
True,4.608573,0.0034332275390625,2022,variant_election_vote_hindcast,0.94140625,7,B_rc1_full,2022-09-04,L,"[0.9,1]",False,0.0034332275390625,2022-09-11,4.0
True,6.714218,0.0,2022,variant_election_vote_hindcast,1.0,7,B_rc1_full,2022-09-04,C,"[0.9,1]",False,0.0,2022-09-11,4.0
True,5.336734,0.0,2022,variant_election_vote_hindcast,1.0,7,B_rc1_full,2022-09-04,KD,"[0.9,1]",False,0.0,2022-09-11,4.0
True,30.325457,0.0,2022,variant_election_vote_hindcast,1.0,7,B_rc1_full,2022-09-04,S,"[0.9,1]",False,0.0,2022-09-11,4.0
True,6.746712,0.0,2022,variant_election_vote_hindcast,1.0,7,B_rc1_full,2022-09-04,V,"[0.9,1]",False,0.0,2022-09-11,4.0
True,5.082487,0.0080718994140625,2022,variant_election_vote_hindcast,0.91015625,7,B_rc1_full,2022-09-04,MP,"[0.9,1]",False,0.0080718994140625,2022-09-11,4.0
True,20.53614,0.0,2022,variant_election_vote_hindcast,1.0,7,B_rc1_full,2022-09-04,SD,"[0.9,1]",False,0.0,2022-09-11,4.0
True,19.102095,0.0,2022,variant_election_vote_hindcast,1.0,7,C_rc1_without_opinion_state_uncertainty,2022-09-04,M,"[0.9,1]",False,0.0,2022-09-11,4.0
True,4.608573,0.0007476806640625,2022,variant_election_vote_hindcast,0.97265625,7,C_rc1_without_opinion_state_uncertainty,2022-09-04,L,"[0.9,1]",False,0.0007476806640625,2022-09-11,4.0
True,6.714218,0.0,2022,variant_election_vote_hindcast,1.0,7,C_rc1_without_opinion_state_uncertainty,2022-09-04,C,"[0.9,1]",False,0.0,2022-09-11,4.0
True,5.336734,0.0,2022,variant_election_vote_hindcast,1.0,7,C_rc1_without_opinion_state_uncertainty,2022-09-04,KD,"[0.9,1]",False,0.0,2022-09-11,4.0
True,30.325457,0.0,2022,variant_election_vote_hindcast,1.0,7,C_rc1_without_opinion_state_uncertainty,2022-09-04,S,"[0.9,1]",False,0.0,2022-09-11,4.0
True,6.746712,0.0,2022,variant_election_vote_hindcast,1.0,7,C_rc1_without_opinion_state_uncertainty,2022-09-04,V,"[0.9,1]",False,0.0,2022-09-11,4.0
True,5.082487,0.0001373291015625,2022,variant_election_vote_hindcast,0.98828125,7,C_rc1_without_opinion_state_uncertainty,2022-09-04,MP,"[0.9,1]",False,0.0001373291015625,2022-09-11,4.0
True,20.53614,0.0,2022,variant_election_vote_hindcast,1.0,7,C_rc1_without_opinion_state_uncertainty,2022-09-04,SD,"[0.9,1]",False,0.0,2022-09-11,4.0
True,19.102095,0.0,2022,variant_election_vote_hindcast,1.0,7,D_rc1_without_pp_centered_noise,2022-09-04,M,"[0.9,1]",False,0.0,2022-09-11,4.0
True,4.608573,0.0,2022,variant_election_vote_hindcast,1.0,7,D_rc1_without_pp_centered_noise,2022-09-04,L,"[0.9,1]",False,0.0,2022-09-11,4.0
True,6.714218,0.0,2022,variant_election_vote_hindcast,1.0,7,D_rc1_without_pp_centered_noise,2022-09-04,C,"[0.9,1]",False,0.0,2022-09-11,4.0
True,5.336734,0.0,2022,variant_election_vote_hindcast,1.0,7,D_rc1_without_pp_centered_noise,2022-09-04,KD,"[0.9,1]",False,0.0,2022-09-11,4.0
True,30.325457,0.0,2022,variant_election_vote_hindcast,1.0,7,D_rc1_without_pp_centered_noise,2022-09-04,S,"[0.9,1]",False,0.0,2022-09-11,4.0
True,6.746712,0.0,2022,variant_election_vote_hindcast,1.0,7,D_rc1_without_pp_centered_noise,2022-09-04,V,"[0.9,1]",False,0.0,2022-09-11,4.0
True,5.082487,0.0,2022,variant_election_vote_hindcast,1.0,7,D_rc1_without_pp_centered_noise,2022-09-04,MP,"[0.9,1]",False,0.0,2022-09-11,4.0
True,20.53614,0.0,2022,variant_election_vote_hindcast,1.0,7,D_rc1_without_pp_centered_noise,2022-09-04,SD,"[0.9,1]",False,0.0,2022-09-11,4.0
True,19.102095,0.0,2022,variant_election_vote_hindcast,1.0,7,E_rc1_pop_style_dynamics,2022-09-04,M,"[0.9,1]",False,0.0,2022-09-11,4.0
True,4.608573,0.0025787353515625,2022,variant_election_vote_hindcast,0.94921875,7,E_rc1_pop_style_dynamics,2022-09-04,L,"[0.9,1]",False,0.0025787353515625,2022-09-11,4.0
True,6.714218,0.0,2022,variant_election_vote_hindcast,1.0,7,E_rc1_pop_style_dynamics,2022-09-04,C,"[0.9,1]",False,0.0,2022-09-11,4.0
True,5.336734,0.0,2022,variant_election_vote_hindcast,1.0,7,E_rc1_pop_style_dynamics,2022-09-04,KD,"[0.9,1]",False,0.0,2022-09-11,4.0
True,30.325457,0.0,2022,variant_election_vote_hindcast,1.0,7,E_rc1_pop_style_dynamics,2022-09-04,S,"[0.9,1]",False,0.0,2022-09-11,4.0
True,6.746712,0.0,2022,variant_election_vote_hindcast,1.0,7,E_rc1_pop_style_dynamics,2022-09-04,V,"[0.9,1]",False,0.0,2022-09-11,4.0
True,5.082487,0.00390625,2022,variant_election_vote_hindcast,0.9375,7,E_rc1_pop_style_dynamics,2022-09-04,MP,"[0.9,1]",False,0.00390625,2022-09-11,4.0
True,20.53614,0.0,2022,variant_election_vote_hindcast,1.0,7,E_rc1_pop_style_dynamics,2022-09-04,SD,"[0.9,1]",False,0.0,2022-09-11,4.0
True,19.102095,0.0,2022,variant_election_vote_hindcast,1.0,7,F_pop_baseline_support_disabled,2022-09-04,M,"[0.9,1]",False,0.0,2022-09-11,4.0
True,4.608573,0.0,2022,variant_election_vote_hindcast,1.0,7,F_pop_baseline_support_disabled,2022-09-04,L,"[0.9,1]",False,0.0,2022-09-11,4.0
True,6.714218,0.0,2022,variant_election_vote_hindcast,1.0,7,F_pop_baseline_support_disabled,2022-09-04,C,"[0.9,1]",False,0.0,2022-09-11,4.0
True,5.336734,0.0,2022,variant_election_vote_hindcast,1.0,7,F_pop_baseline_support_disabled,2022-09-04,KD,"[0.9,1]",False,0.0,2022-09-11,4.0
True,30.325457,0.0,2022,variant_election_vote_hindcast,1.0,7,F_pop_baseline_support_disabled,2022-09-04,S,"[0.9,1]",False,0.0,2022-09-11,4.0
True,6.746712,0.0,2022,variant_election_vote_hindcast,1.0,7,F_pop_baseline_support_disabled,2022-09-04,V,"[0.9,1]",False,0.0,2022-09-11,4.0
True,5.082487,0.0,2022,variant_election_vote_hindcast,1.0,7,F_pop_baseline_support_disabled,2022-09-04,MP,"[0.9,1]",False,0.0,2022-09-11,4.0
True,20.53614,0.0,2022,variant_election_vote_hindcast,1.0,7,F_pop_baseline_support_disabled,2022-09-04,SD,"[0.9,1]",False,0.0,2022-09-11,4.0
