tier,target_year,horizon_days,seed,mean_lambda,min_lambda,p01_lambda,p05_lambda,p10_lambda,fraction_lambda_lt_1,fraction_lambda_lt_0_99,fraction_lambda_lt_0_90,fraction_lambda_lt_0_75
tier1,2014,14,12345,1.0,1.0,1.0,1.0,1.0,0.0,0.0,0.0,0.0
tier1,2014,14,24680,1.0,1.0,1.0,1.0,1.0,0.0,0.0,0.0,0.0
tier1,2014,14,98765,1.0,1.0,1.0,1.0,1.0,0.0,0.0,0.0,0.0
tier1,2014,14,54321,1.0,1.0,1.0,1.0,1.0,0.0,0.0,0.0,0.0
tier1,2014,14,13579,1.0,1.0,1.0,1.0,1.0,0.0,0.0,0.0,0.0
tier1,2018,14,12345,1.0,1.0,1.0,1.0,1.0,0.0,0.0,0.0,0.0
tier1,2018,14,24680,1.0,1.0,1.0,1.0,1.0,0.0,0.0,0.0,0.0
tier1,2018,14,98765,1.0,1.0,1.0,1.0,1.0,0.0,0.0,0.0,0.0
tier1,2018,14,54321,1.0,1.0,1.0,1.0,1.0,0.0,0.0,0.0,0.0
tier1,2018,14,13579,1.0,1.0,1.0,1.0,1.0,0.0,0.0,0.0,0.0
tier1,2022,14,12345,1.0,1.0,1.0,1.0,1.0,0.0,0.0,0.0,0.0
tier1,2022,14,24680,1.0,1.0,1.0,1.0,1.0,0.0,0.0,0.0,0.0
tier1,2022,14,98765,1.0,1.0,1.0,1.0,1.0,0.0,0.0,0.0,0.0
tier1,2022,14,54321,1.0,1.0,1.0,1.0,1.0,0.0,0.0,0.0,0.0
tier1,2022,14,13579,1.0,1.0,1.0,1.0,1.0,0.0,0.0,0.0,0.0
tier2,2018,112,12345,1.0,1.0,1.0,1.0,1.0,0.0,0.0,0.0,0.0
tier3,2018,112,12345,1.0,1.0,1.0,1.0,1.0,0.0,0.0,0.0,0.0
tier2,2018,112,24680,1.0,1.0,1.0,1.0,1.0,0.0,0.0,0.0,0.0
tier3,2018,112,24680,1.0,1.0,1.0,1.0,1.0,0.0,0.0,0.0,0.0
tier2,2018,112,98765,1.0,1.0,1.0,1.0,1.0,0.0,0.0,0.0,0.0
tier3,2018,112,98765,1.0,1.0,1.0,1.0,1.0,0.0,0.0,0.0,0.0
tier2,2018,112,54321,1.0,1.0,1.0,1.0,1.0,0.0,0.0,0.0,0.0
tier3,2018,112,54321,1.0,1.0,1.0,1.0,1.0,0.0,0.0,0.0,0.0
tier2,2018,112,13579,1.0,1.0,1.0,1.0,1.0,0.0,0.0,0.0,0.0
tier3,2018,112,13579,1.0,1.0,1.0,1.0,1.0,0.0,0.0,0.0,0.0
tier2,2018,84,12345,1.0,1.0,1.0,1.0,1.0,0.0,0.0,0.0,0.0
tier3,2018,84,12345,1.0,1.0,1.0,1.0,1.0,0.0,0.0,0.0,0.0
tier2,2018,84,24680,1.0,1.0,1.0,1.0,1.0,0.0,0.0,0.0,0.0
tier3,2018,84,24680,1.0,1.0,1.0,1.0,1.0,0.0,0.0,0.0,0.0
tier2,2018,84,98765,1.0,1.0,1.0,1.0,1.0,0.0,0.0,0.0,0.0
tier3,2018,84,98765,1.0,1.0,1.0,1.0,1.0,0.0,0.0,0.0,0.0
tier2,2018,84,54321,1.0,1.0,1.0,1.0,1.0,0.0,0.0,0.0,0.0
tier3,2018,84,54321,1.0,1.0,1.0,1.0,1.0,0.0,0.0,0.0,0.0
tier2,2018,84,13579,1.0,1.0,1.0,1.0,1.0,0.0,0.0,0.0,0.0
tier3,2018,84,13579,1.0,1.0,1.0,1.0,1.0,0.0,0.0,0.0,0.0
tier2,2018,56,12345,1.0,1.0,1.0,1.0,1.0,0.0,0.0,0.0,0.0
tier3,2018,56,12345,1.0,1.0,1.0,1.0,1.0,0.0,0.0,0.0,0.0
tier2,2018,56,24680,1.0,1.0,1.0,1.0,1.0,0.0,0.0,0.0,0.0
tier3,2018,56,24680,1.0,1.0,1.0,1.0,1.0,0.0,0.0,0.0,0.0
tier2,2018,56,98765,1.0,1.0,1.0,1.0,1.0,0.0,0.0,0.0,0.0
tier3,2018,56,98765,1.0,1.0,1.0,1.0,1.0,0.0,0.0,0.0,0.0
tier2,2018,56,54321,1.0,1.0,1.0,1.0,1.0,0.0,0.0,0.0,0.0
tier3,2018,56,54321,1.0,1.0,1.0,1.0,1.0,0.0,0.0,0.0,0.0
tier2,2018,56,13579,1.0,1.0,1.0,1.0,1.0,0.0,0.0,0.0,0.0
tier3,2018,56,13579,1.0,1.0,1.0,1.0,1.0,0.0,0.0,0.0,0.0
tier2,2018,28,12345,1.0,1.0,1.0,1.0,1.0,0.0,0.0,0.0,0.0
tier3,2018,28,12345,1.0,1.0,1.0,1.0,1.0,0.0,0.0,0.0,0.0
tier2,2018,28,24680,1.0,1.0,1.0,1.0,1.0,0.0,0.0,0.0,0.0
tier3,2018,28,24680,1.0,1.0,1.0,1.0,1.0,0.0,0.0,0.0,0.0
tier2,2018,28,98765,1.0,1.0,1.0,1.0,1.0,0.0,0.0,0.0,0.0
tier3,2018,28,98765,1.0,1.0,1.0,1.0,1.0,0.0,0.0,0.0,0.0
tier2,2018,28,54321,1.0,1.0,1.0,1.0,1.0,0.0,0.0,0.0,0.0
tier3,2018,28,54321,1.0,1.0,1.0,1.0,1.0,0.0,0.0,0.0,0.0
tier2,2018,28,13579,1.0,1.0,1.0,1.0,1.0,0.0,0.0,0.0,0.0
tier3,2018,28,13579,1.0,1.0,1.0,1.0,1.0,0.0,0.0,0.0,0.0
tier2,2018,14,12345,1.0,1.0,1.0,1.0,1.0,0.0,0.0,0.0,0.0
tier3,2018,14,12345,1.0,1.0,1.0,1.0,1.0,0.0,0.0,0.0,0.0
tier2,2018,14,24680,1.0,1.0,1.0,1.0,1.0,0.0,0.0,0.0,0.0
tier3,2018,14,24680,1.0,1.0,1.0,1.0,1.0,0.0,0.0,0.0,0.0
tier2,2018,14,98765,1.0,1.0,1.0,1.0,1.0,0.0,0.0,0.0,0.0
tier3,2018,14,98765,1.0,1.0,1.0,1.0,1.0,0.0,0.0,0.0,0.0
tier2,2018,14,54321,1.0,1.0,1.0,1.0,1.0,0.0,0.0,0.0,0.0
tier3,2018,14,54321,1.0,1.0,1.0,1.0,1.0,0.0,0.0,0.0,0.0
tier2,2018,14,13579,1.0,1.0,1.0,1.0,1.0,0.0,0.0,0.0,0.0
tier3,2018,14,13579,1.0,1.0,1.0,1.0,1.0,0.0,0.0,0.0,0.0
tier2,2018,7,12345,1.0,1.0,1.0,1.0,1.0,0.0,0.0,0.0,0.0
tier3,2018,7,12345,1.0,1.0,1.0,1.0,1.0,0.0,0.0,0.0,0.0
tier2,2018,7,24680,1.0,1.0,1.0,1.0,1.0,0.0,0.0,0.0,0.0
tier3,2018,7,24680,1.0,1.0,1.0,1.0,1.0,0.0,0.0,0.0,0.0
tier2,2018,7,98765,1.0,1.0,1.0,1.0,1.0,0.0,0.0,0.0,0.0
tier3,2018,7,98765,1.0,1.0,1.0,1.0,1.0,0.0,0.0,0.0,0.0
tier2,2018,7,54321,1.0,1.0,1.0,1.0,1.0,0.0,0.0,0.0,0.0
tier3,2018,7,54321,1.0,1.0,1.0,1.0,1.0,0.0,0.0,0.0,0.0
tier2,2018,7,13579,1.0,1.0,1.0,1.0,1.0,0.0,0.0,0.0,0.0
tier3,2018,7,13579,1.0,1.0,1.0,1.0,1.0,0.0,0.0,0.0,0.0
tier2,2022,112,12345,0.9995,0.5633407086614486,1.0,1.0,1.0,0.00345,0.0034,0.002,0.0004
tier3,2022,112,12345,0.9995,0.5633407086614486,1.0,1.0,1.0,0.00345,0.0034,0.002,0.0004
tier2,2022,112,24680,0.9996,0.5492298554215309,1.0,1.0,1.0,0.0029,0.0028,0.0016,0.0008
tier3,2022,112,24680,0.9996,0.5492298554215309,1.0,1.0,1.0,0.0029,0.0028,0.0016,0.0008
tier2,2022,112,98765,0.9997,0.5321413221756648,1.0,1.0,1.0,0.002,0.0019,0.0014,0.0005
tier3,2022,112,98765,0.9997,0.5321413221756648,1.0,1.0,1.0,0.002,0.0019,0.0014,0.0005
tier2,2022,112,54321,0.9994,0.5561777102331713,1.0,1.0,1.0,0.00355,0.0035,0.0022,0.001
tier3,2022,112,54321,0.9994,0.5561777102331713,1.0,1.0,1.0,0.00355,0.0035,0.0022,0.001
tier2,2022,112,13579,0.9995,0.5406280139501787,1.0,1.0,1.0,0.0034,0.0032,0.0016,0.0006
tier3,2022,112,13579,0.9995,0.5406280139501787,1.0,1.0,1.0,0.0034,0.0032,0.0016,0.0006
tier2,2022,84,12345,0.9992,0.4968658355571119,1.0,1.0,1.0,0.0064,0.006,0.0029,0.0009
tier3,2022,84,12345,0.9992,0.4968658355571119,1.0,1.0,1.0,0.0064,0.006,0.0029,0.0009
tier2,2022,84,24680,0.9988,0.4780600541745818,1.0,1.0,1.0,0.0081,0.0077,0.0047,0.0019
tier3,2022,84,24680,0.9988,0.4780600541745818,1.0,1.0,1.0,0.0081,0.0077,0.0047,0.0019
tier2,2022,84,98765,0.9989,0.5076001572684089,1.0,1.0,1.0,0.00695,0.0067,0.0044,0.0017
tier3,2022,84,98765,0.9989,0.5076001572684089,1.0,1.0,1.0,0.00695,0.0067,0.0044,0.0017
tier2,2022,84,54321,0.9991,0.4676111343052829,1.0,1.0,1.0,0.0064,0.006,0.0036,0.0011
tier3,2022,84,54321,0.9991,0.4676111343052829,1.0,1.0,1.0,0.0064,0.006,0.0036,0.0011
tier2,2022,84,13579,0.9989,0.3415494844982148,1.0,1.0,1.0,0.00745,0.0069,0.0039,0.0014
tier3,2022,84,13579,0.9989,0.3415494844982148,1.0,1.0,1.0,0.00745,0.0069,0.0039,0.0014
tier2,2022,56,12345,0.9991,0.4615222311454081,1.0,1.0,1.0,0.00755,0.0072,0.0035,0.0011
tier3,2022,56,12345,0.9991,0.4615222311454081,1.0,1.0,1.0,0.00755,0.0072,0.0035,0.0011
tier2,2022,56,24680,0.9989,0.4538800046056243,1.0,1.0,1.0,0.0081,0.0076,0.004,0.0015
tier3,2022,56,24680,0.9989,0.4538800046056243,1.0,1.0,1.0,0.0081,0.0076,0.004,0.0015
tier2,2022,56,98765,0.9989,0.5224591189908026,1.0,1.0,1.0,0.00825,0.0075,0.0041,0.0013
tier3,2022,56,98765,0.9989,0.5224591189908026,1.0,1.0,1.0,0.00825,0.0075,0.0041,0.0013
tier2,2022,56,54321,0.9989,0.41977726920362346,1.0,1.0,1.0,0.0084,0.0081,0.0047,0.001
tier3,2022,56,54321,0.9989,0.41977726920362346,1.0,1.0,1.0,0.0084,0.0081,0.0047,0.001
tier2,2022,56,13579,0.9989,0.5522435474685847,1.0,1.0,1.0,0.00815,0.0075,0.004,0.0011
tier3,2022,56,13579,0.9989,0.5522435474685847,1.0,1.0,1.0,0.00815,0.0075,0.004,0.0011
tier2,2022,28,12345,0.9985,0.48854266520990847,0.9924355400300077,1.0,1.0,0.01045,0.0098,0.0057,0.0018
tier3,2022,28,12345,0.9985,0.48854266520990847,0.9924355400300077,1.0,1.0,0.01045,0.0098,0.0057,0.0018
tier2,2022,28,24680,0.9986,0.5244222624971095,0.9947104327546786,1.0,1.0,0.0105,0.0095,0.0053,0.0013
tier3,2022,28,24680,0.9986,0.5244222624971095,0.9947104327546786,1.0,1.0,0.0105,0.0095,0.0053,0.0013
tier2,2022,28,98765,0.9988,0.4426677597838257,1.0,1.0,1.0,0.0097,0.0089,0.0052,0.0011
tier3,2022,28,98765,0.9988,0.4426677597838257,1.0,1.0,1.0,0.0097,0.0089,0.0052,0.0011
tier2,2022,28,54321,0.9986,0.5023191984033348,1.0,1.0,1.0,0.00965,0.0092,0.006,0.0018
tier3,2022,28,54321,0.9986,0.5023191984033348,1.0,1.0,1.0,0.00965,0.0092,0.006,0.0018
tier2,2022,28,13579,0.9986,0.4805234250340493,1.0,1.0,1.0,0.0096,0.0089,0.0056,0.0018
tier3,2022,28,13579,0.9986,0.4805234250340493,1.0,1.0,1.0,0.0096,0.0089,0.0056,0.0018
tier2,2022,14,12345,0.9969,0.5264605272375529,0.8687458853928376,1.0,1.0,0.02505,0.0238,0.0127,0.0034
tier3,2022,14,12345,0.9969,0.5264605272375529,0.8687458853928376,1.0,1.0,0.02505,0.0238,0.0127,0.0034
tier2,2022,14,24680,0.997,0.5336550837291152,0.8748818734505307,1.0,1.0,0.02355,0.0219,0.0122,0.0035
tier3,2022,14,24680,0.997,0.5336550837291152,0.8748818734505307,1.0,1.0,0.02355,0.0219,0.0122,0.0035
tier2,2022,14,98765,0.9971,0.4784481445551239,0.8779644853096078,1.0,1.0,0.0252,0.0236,0.0118,0.0024
tier3,2022,14,98765,0.9971,0.4784481445551239,0.8779644853096078,1.0,1.0,0.0252,0.0236,0.0118,0.0024
tier2,2022,14,54321,0.9973,0.5319887356720725,0.8865601175780842,1.0,1.0,0.0217,0.0204,0.0109,0.0028
tier3,2022,14,54321,0.9973,0.5319887356720725,0.8865601175780842,1.0,1.0,0.0217,0.0204,0.0109,0.0028
tier2,2022,14,13579,0.9968,0.5381189931792767,0.8642678717342016,1.0,1.0,0.02615,0.0245,0.0131,0.003
tier3,2022,14,13579,0.9968,0.5381189931792767,0.8642678717342016,1.0,1.0,0.02615,0.0245,0.0131,0.003
tier2,2022,7,12345,0.9972,0.42839009365687725,0.8853579410164284,1.0,1.0,0.02205,0.021,0.0113,0.0027
tier3,2022,7,12345,0.9972,0.42839009365687725,0.8853579410164284,1.0,1.0,0.02205,0.021,0.0113,0.0027
tier2,2022,7,24680,0.9972,0.4814396458236481,0.8850712694757199,1.0,1.0,0.02275,0.0214,0.0118,0.0025
tier3,2022,7,24680,0.9972,0.4814396458236481,0.8850712694757199,1.0,1.0,0.02275,0.0214,0.0118,0.0025
tier2,2022,7,98765,0.9973,0.45827943662341514,0.8893754004464968,1.0,1.0,0.02325,0.022,0.0111,0.0021
tier3,2022,7,98765,0.9973,0.45827943662341514,0.8893754004464968,1.0,1.0,0.02325,0.022,0.0111,0.0021
tier2,2022,7,54321,0.9974,0.5515206124487902,0.888109971405466,1.0,1.0,0.022,0.021,0.0117,0.0023
tier3,2022,7,54321,0.9974,0.5515206124487902,0.888109971405466,1.0,1.0,0.022,0.021,0.0117,0.0023
tier2,2022,7,13579,0.9973,0.3851821329638791,0.8901238140046233,1.0,1.0,0.02415,0.0223,0.011,0.0024
tier3,2022,7,13579,0.9973,0.3851821329638791,0.8901238140046233,1.0,1.0,0.02415,0.0223,0.011,0.0024
