tier,case,metric,five_seed_mean,five_seed_sd,relative_sd_pct,n_seeds
tier1,2014,es_9cat,3.5671053023332275,0.0017743434850667954,0.04974183083146453,5
tier1,2014,es_8party,3.5210117013093267,0.0015445282275549416,0.04386603506544985,5
tier1,2014,crps_8party_mean,0.9744144844875968,0.0007507522525867644,0.07704649967119004,5
tier1,2014,crps_all9_mean,0.923459610597483,0.0009141311434109484,0.09898983484718957,5
tier1,2014,coverage_50,0.3333333333333333,0.0,0.0,5
tier1,2014,coverage_80,0.3333333333333333,0.0,0.0,5
tier1,2014,coverage_90,0.3333333333333333,0.0,0.0,5
tier1,2014,mean_width_50,1.5498235432098757,0.0,0.0,5
tier1,2014,mean_width_80,1.5498235432098757,0.0,0.0,5
tier1,2014,mean_width_90,1.5498235432098757,0.0,0.0,5
tier1,2014,mean_lambda,1.0,0.0,0.0,5
tier1,2018,es_9cat,3.8657101829679887,0.0019734816905059497,0.05105094787501021,5
tier1,2018,es_8party,3.618990102886386,0.001525326161201469,0.04214784008347853,5
tier1,2018,crps_8party_mean,0.8854480949313273,0.0005247324850140427,0.05926180066542911,5
tier1,2018,crps_all9_mean,0.9484232741531526,0.0006154560742510784,0.06489255283202737,5
tier1,2018,coverage_50,0.31111111111111106,0.049690399499995326,15.9719141249985,5
tier1,2018,coverage_80,0.4444444444444445,0.0,0.0,5
tier1,2018,coverage_90,0.4444444444444445,0.0,0.0,5
tier1,2018,mean_width_50,1.279273943209876,0.4743007659403496,37.075777901820075,5
tier1,2018,mean_width_80,1.8888171234567896,0.0,0.0,5
tier1,2018,mean_width_90,1.8888171234567896,0.0,0.0,5
tier1,2018,mean_lambda,1.0,0.0,0.0,5
tier1,2022,es_9cat,1.9668768325700525,0.00790620486381541,0.40196746094592184,5
tier1,2022,es_8party,1.9277184427798748,0.008496287410147376,0.44074317190716233,5
tier1,2022,crps_8party_mean,0.4717561975029416,0.00196642310228922,0.4168303697328658,5
tier1,2022,crps_all9_mean,0.43971721198942443,0.0016329002980503369,0.3713523722809398,5
tier1,2022,coverage_50,0.22222222222222224,0.0,0.0,5
tier1,2022,coverage_80,0.6666666666666666,0.0,0.0,5
tier1,2022,coverage_90,0.6666666666666666,0.0,0.0,5
tier1,2022,mean_width_50,1.000822567901234,0.0,0.0,5
tier1,2022,mean_width_80,2.3077046913580244,0.0,0.0,5
tier1,2022,mean_width_90,2.3077046913580244,0.0,0.0,5
tier1,2022,mean_lambda,1.0,0.0,0.0,5
tier2,2018_h112,es_9cat,3.9198182221788174,0.00826963501082817,0.21096985987864314,5
tier2,2018_h112,es_8party,3.730418495901838,0.00888559142262505,0.23819288458886262,5
tier2,2018_h112,crps_8party_mean,1.099901858945551,0.0028297842004341225,0.25727606307957035,5
tier2,2018_h112,crps_all9_mean,1.1234042910808149,0.002598308888651651,0.23128885204380398,5
tier2,2018_h112,coverage_50,0.4444444444444445,0.0,0.0,5
tier2,2018_h112,coverage_80,0.6666666666666666,0.0,0.0,5
tier2,2018_h112,coverage_90,0.7777777777777778,0.0,0.0,5
tier2,2018_h112,mean_width_50,1.8296672266008716,0.005065773740145619,0.27686858388761426,5
tier2,2018_h112,mean_width_80,3.4428837579320173,0.007466901601946402,0.2168792828030717,5
tier2,2018_h112,mean_width_90,4.451346712125773,0.010317371115020624,0.23178089199197627,5
tier2,2018_h112,mean_lambda,1.0,0.0,0.0,5
tier2,2018_h84,es_9cat,4.388027140357577,0.012149248621931995,0.27687268636497,5
tier2,2018_h84,es_8party,4.269458063452399,0.01229744728023045,0.28803297977088926,5
tier2,2018_h84,crps_8party_mean,1.2645792349310632,0.00406717320919213,0.32162264703119586,5
tier2,2018_h84,crps_all9_mean,1.2387525783877478,0.0036215987330778638,0.2923585222959875,5
tier2,2018_h84,coverage_50,0.3333333333333333,0.0,0.0,5
tier2,2018_h84,coverage_80,0.5333333333333334,0.04969039949999535,9.316949906249125,5
tier2,2018_h84,coverage_90,0.6666666666666666,0.0,0.0,5
tier2,2018_h84,mean_width_50,1.660320735690369,0.006038259726210739,0.3636803176887387,5
tier2,2018_h84,mean_width_80,3.114534348729007,0.012989165150568088,0.4170499887364788,5
tier2,2018_h84,mean_width_90,3.9719785116611215,0.017975519678305074,0.45255833145954083,5
tier2,2018_h84,mean_lambda,1.0,0.0,0.0,5
tier2,2018_h56,es_9cat,4.40715688359402,0.009572696227170092,0.2172079751189523,5
tier2,2018_h56,es_8party,4.302627729767747,0.009984667184786517,0.23205975073575522,5
tier2,2018_h56,crps_8party_mean,1.2685770013338664,0.0018836716982130618,0.14848698157324652,5
tier2,2018_h56,crps_all9_mean,1.2328585117110546,0.0015646362109849154,0.12691125511340262,5
tier2,2018_h56,coverage_50,0.3333333333333333,0.0,0.0,5
tier2,2018_h56,coverage_80,0.4444444444444445,0.0,0.0,5
tier2,2018_h56,coverage_90,0.4444444444444445,0.0,0.0,5
tier2,2018_h56,mean_width_50,1.5076965813724912,0.006750483026110241,0.4477348499367903,5
tier2,2018_h56,mean_width_80,2.758557022006195,0.007824851147510456,0.2836574007746897,5
tier2,2018_h56,mean_width_90,3.4389988923438937,0.009232829639102881,0.26847434175269913,5
tier2,2018_h56,mean_lambda,1.0,0.0,0.0,5
tier2,2018_h28,es_9cat,3.7534624429580554,0.0024570667841712656,0.06546133927038532,5
tier2,2018_h28,es_8party,3.6505739694674104,0.0020577665298101558,0.05636830117731781,5
tier2,2018_h28,crps_8party_mean,1.0596802339481735,0.0009905253794507125,0.09347398844651442,5
tier2,2018_h28,crps_all9_mean,1.0380558909369804,0.0010379715992898009,0.09999187985464796,5
tier2,2018_h28,coverage_50,0.22222222222222224,0.0,0.0,5
tier2,2018_h28,coverage_80,0.4444444444444445,0.0,0.0,5
tier2,2018_h28,coverage_90,0.4444444444444445,0.0,0.0,5
tier2,2018_h28,mean_width_50,1.3461122811268882,0.010740967948929005,0.7979251136418785,5
tier2,2018_h28,mean_width_80,2.399682780545915,0.005143800742176603,0.21435336303102595,5
tier2,2018_h28,mean_width_90,2.890087937046507,0.004659271059692917,0.16121554641878497,5
tier2,2018_h28,mean_lambda,1.0,0.0,0.0,5
tier2,2018_h14,es_9cat,2.693278044923024,0.0032747933548320936,0.12159135819657602,5
tier2,2018_h14,es_8party,2.602007132190655,0.0029943084006620892,0.11507687137433602,5
tier2,2018_h14,crps_8party_mean,0.7165986974417619,0.0009420145846483368,0.13145636295618507,5
tier2,2018_h14,crps_all9_mean,0.7125172284497727,0.0009587817497978493,0.13456260585921206,5
tier2,2018_h14,coverage_50,0.3333333333333333,0.0,0.0,5
tier2,2018_h14,coverage_80,0.4444444444444445,0.0,0.0,5
tier2,2018_h14,coverage_90,0.6666666666666666,0.0,0.0,5
tier2,2018_h14,mean_width_50,1.2825145609707143,0.031170717584990255,2.4304377145938716,5
tier2,2018_h14,mean_width_80,2.2400421872582905,0.002591313439418318,0.11568145699032426,5
tier2,2018_h14,mean_width_90,2.608975120250481,0.004557749643719644,0.17469502136463708,5
tier2,2018_h14,mean_lambda,1.0,0.0,0.0,5
tier2,2018_h7,es_9cat,2.0231483180286425,0.0017376416265308127,0.08588799995760926,5
tier2,2018_h7,es_8party,1.9530428155813209,0.001535599934047084,0.07862602508230289,5
tier2,2018_h7,crps_8party_mean,0.5090389607278449,0.00048292125136900486,0.09486921210873606,5
tier2,2018_h7,crps_all9_mean,0.5063339701045092,0.0005530959736037156,0.10923540711470624,5
tier2,2018_h7,coverage_50,0.4444444444444445,0.0,0.0,5
tier2,2018_h7,coverage_80,0.7777777777777778,0.0,0.0,5
tier2,2018_h7,coverage_90,0.7777777777777778,0.0,0.0,5
tier2,2018_h7,mean_width_50,1.3167382960586704,0.07701725679926816,5.84909370600067,5
tier2,2018_h7,mean_width_80,2.1892197041894628,0.0027668242626061007,0.12638403798902817,5
tier2,2018_h7,mean_width_90,2.5103212893251543,0.0022875041236615334,0.0911239582514348,5
tier2,2018_h7,mean_lambda,1.0,0.0,0.0,5
tier2,2022_h112,es_9cat,3.1851818034142987,0.012343486272313086,0.38752846883282166,5
tier2,2022_h112,es_8party,3.148790051208084,0.012455040838371956,0.39555005687322276,5
tier2,2022_h112,crps_8party_mean,0.9447224448458764,0.0036429628575992846,0.385611972857658,5
tier2,2022_h112,crps_all9_mean,0.8815271219305314,0.0033832484798726934,0.38379403148293717,5
tier2,2022_h112,coverage_50,0.3333333333333333,0.0,0.0,5
tier2,2022_h112,coverage_80,0.7777777777777778,0.0,0.0,5
tier2,2022_h112,coverage_90,0.888888888888889,0.0,0.0,5
tier2,2022_h112,mean_width_50,1.9553447268517723,0.0036229553142170415,0.18528473595805414,5
tier2,2022_h112,mean_width_80,3.7715267661556005,0.01048321047068694,0.27795667698184484,5
tier2,2022_h112,mean_width_90,4.93325320221445,0.025224607685364088,0.5113179204757057,5
tier2,2022_h112,mean_lambda,0.99954,0.00011401754250993532,0.0114070014716705,5
tier2,2022_h84,es_9cat,3.1023105195507723,0.009634649840426108,0.3105636840576889,5
tier2,2022_h84,es_8party,3.0949958469225187,0.010110102875795734,0.32665965887639636,5
tier2,2022_h84,crps_8party_mean,0.906365090385975,0.002357612599660935,0.2601173218903375,5
tier2,2022_h84,crps_all9_mean,0.8325557149674557,0.0020669231166660727,0.2482624381176541,5
tier2,2022_h84,coverage_50,0.3333333333333333,0.0,0.0,5
tier2,2022_h84,coverage_80,0.6666666666666666,0.0,0.0,5
tier2,2022_h84,coverage_90,0.7777777777777778,0.0,0.0,5
tier2,2022_h84,mean_width_50,1.7870677175909058,0.006420614863731792,0.3592821245961086,5
tier2,2022_h84,mean_width_80,3.421259790471826,0.00941261754614722,0.27512139161022686,5
tier2,2022_h84,mean_width_90,4.408331180412864,0.009812118633383488,0.22258124972508372,5
tier2,2022_h84,mean_lambda,0.9989800000000001,0.00016431676725153175,0.016448454148384528,5
tier2,2022_h56,es_9cat,2.540451332935844,0.005454374611230256,0.2147010076720096,5
tier2,2022_h56,es_8party,2.538291898231842,0.0054431466082642726,0.21444131827611843,5
tier2,2022_h56,crps_8party_mean,0.7084802785334253,0.0018020448140971513,0.25435356052922686,5
tier2,2022_h56,crps_all9_mean,0.6525903505581537,0.00157199902589475,0.24088603586464857,5
tier2,2022_h56,coverage_50,0.3333333333333333,0.0,0.0,5
tier2,2022_h56,coverage_80,0.7777777777777778,0.0,0.0,5
tier2,2022_h56,coverage_90,0.888888888888889,0.0,0.0,5
tier2,2022_h56,mean_width_50,1.6009960807562904,0.008363475999539542,0.522392034563179,5
tier2,2022_h56,mean_width_80,3.054527667873405,0.008944387362732058,0.2928239104463322,5
tier2,2022_h56,mean_width_90,3.853160480818006,0.010085658376970995,0.26175028076769496,5
tier2,2022_h56,mean_lambda,0.9989399999999999,8.944271909998174e-05,0.008953762898670765,5
tier2,2022_h28,es_9cat,1.871111475865429,0.0033657694677956622,0.1798807559682633,5
tier2,2022_h28,es_8party,1.8607569966011426,0.0031485745070898297,0.16920933323593643,5
tier2,2022_h28,crps_8party_mean,0.49845079404507525,0.0007539005467919818,0.15124874025655702,5
tier2,2022_h28,crps_all9_mean,0.46659622221403974,0.0007342683207728957,0.15736696651522994,5
tier2,2022_h28,coverage_50,0.5555555555555556,0.0,0.0,5
tier2,2022_h28,coverage_80,0.888888888888889,0.0,0.0,5
tier2,2022_h28,coverage_90,0.888888888888889,0.0,0.0,5
tier2,2022_h28,mean_width_50,1.4325196202623691,0.004526558706177881,0.31598580865153053,5
tier2,2022_h28,mean_width_80,2.7497560201635833,0.004118698022663117,0.14978412602650087,5
tier2,2022_h28,mean_width_90,3.362295787564689,0.0051357978200698325,0.15274675830319173,5
tier2,2022_h28,mean_lambda,0.9986200000000001,0.00010954451150102115,0.010969589183174895,5
tier2,2022_h14,es_9cat,1.3467283659499958,0.0026962834330403074,0.20020989393346014,5
tier2,2022_h14,es_8party,1.3330479677807787,0.0028220118158425807,0.21169619428928635,5
tier2,2022_h14,crps_8party_mean,0.34806600363931517,0.0008218506649901379,0.23611920049560026,5
tier2,2022_h14,crps_all9_mean,0.32712919900107484,0.00074982416157029,0.22921346179428828,5
tier2,2022_h14,coverage_50,0.7777777777777778,0.0,0.0,5
tier2,2022_h14,coverage_80,1.0,0.0,0.0,5
tier2,2022_h14,coverage_90,1.0,0.0,0.0,5
tier2,2022_h14,mean_width_50,1.3020770814497928,0.00522018694972861,0.4009122826980575,5
tier2,2022_h14,mean_width_80,2.508958729760171,0.004584484464931955,0.18272458652080661,5
tier2,2022_h14,mean_width_90,2.929565199787006,0.004886113845377561,0.16678631510685632,5
tier2,2022_h14,mean_lambda,0.99702,0.00019235384061669226,0.019292876834636444,5
tier2,2022_h7,es_9cat,1.189351222618041,0.002525143900782787,0.21231271745148192,5
tier2,2022_h7,es_8party,1.1719001862767877,0.0025558714557707726,0.21809634350268023,5
tier2,2022_h7,crps_8party_mean,0.3000812441991422,0.0006495762649820724,0.21646679942149122,5
tier2,2022_h7,crps_all9_mean,0.28429616104197686,0.0005923175158882142,0.20834523889359075,5
tier2,2022_h7,coverage_50,0.888888888888889,0.0,0.0,5
tier2,2022_h7,coverage_80,1.0,0.0,0.0,5
tier2,2022_h7,coverage_90,1.0,0.0,0.0,5
tier2,2022_h7,mean_width_50,1.2679254863841973,0.0027247528659499515,0.21489850115090417,5
tier2,2022_h7,mean_width_80,2.4673770222093565,0.004048859587910338,0.16409569966266763,5
tier2,2022_h7,mean_width_90,2.8338770371216646,0.005287714721893225,0.18658941981702543,5
tier2,2022_h7,mean_lambda,0.9972799999999999,8.366600265339834e-05,0.008389419486342685,5
tier3,2018_h112,seat_energy_score,22.107640000000004,0.044331625280379816,0.20052626730116743,5
tier3,2018_h112,seat_crps_8party_mean,6.4063225,0.016345644966626587,0.2551486436504966,5
tier3,2018_h112,seat_coverage_50,0.375,0.0,0.0,5
tier3,2018_h112,seat_coverage_80,0.75,0.0,0.0,5
tier3,2018_h112,seat_coverage_90,0.875,0.0,0.0,5
tier3,2018_h112,coalition_brier_mean_over_masks,0.03249160234251968,8.381151524558963e-05,0.25794823647681686,5
tier3,2018_h84,seat_energy_score,22.613099999999996,0.05258882961238083,0.2325591343618559,5
tier3,2018_h84,seat_crps_8party_mean,6.6983575,0.019582596706004294,0.2923492319722304,5
tier3,2018_h84,seat_coverage_50,0.375,0.0,0.0,5
tier3,2018_h84,seat_coverage_80,0.625,0.0,0.0,5
tier3,2018_h84,seat_coverage_90,0.7,0.06846531968814576,9.780759955449394,5
tier3,2018_h84,coalition_brier_mean_over_masks,0.03196632462598425,0.00013212223609268236,0.4133169441233949,5
tier3,2018_h56,seat_energy_score,21.70686,0.0525517173839256,0.24209727885067484,5
tier3,2018_h56,seat_crps_8party_mean,6.2969725,0.012777697856030229,0.20291811431652637,5
tier3,2018_h56,seat_coverage_50,0.375,0.0,0.0,5
tier3,2018_h56,seat_coverage_80,0.625,0.0,0.0,5
tier3,2018_h56,seat_coverage_90,0.625,0.0,0.0,5
tier3,2018_h56,coalition_brier_mean_over_masks,0.0301926008976378,0.00012566185852437816,0.4162008399024996,5
tier3,2018_h28,seat_energy_score,13.969979999999998,0.021403667909963314,0.15321187224293317,5
tier3,2018_h28,seat_crps_8party_mean,3.9709725,0.006315966869767565,0.1590534024037579,5
tier3,2018_h28,seat_coverage_50,0.275,0.05590169943749474,20.32789070454354,5
tier3,2018_h28,seat_coverage_80,0.625,0.0,0.0,5
tier3,2018_h28,seat_coverage_90,0.625,0.0,0.0,5
tier3,2018_h28,coalition_brier_mean_over_masks,0.018532333417322834,5.0221367601057124e-05,0.2709932228723741,5
tier3,2018_h14,seat_energy_score,8.58638,0.009382270514113571,0.10926922072064794,5
tier3,2018_h14,seat_crps_8party_mean,2.4400725000000003,0.0033671250719271915,0.13799282898058116,5
tier3,2018_h14,seat_coverage_50,0.5,0.0,0.0,5
tier3,2018_h14,seat_coverage_80,0.5,0.0,0.0,5
tier3,2018_h14,seat_coverage_90,0.875,0.0,0.0,5
tier3,2018_h14,coalition_brier_mean_over_masks,0.005702269448818897,2.1226355503132106e-05,0.3722439932670788,5
tier3,2018_h7,seat_energy_score,6.412520000000001,0.0033573799308388034,0.052356638744811765,5
tier3,2018_h7,seat_crps_8party_mean,1.7039475,0.0012645218958167598,0.07421131788489727,5
tier3,2018_h7,seat_coverage_50,0.5,0.0,0.0,5
tier3,2018_h7,seat_coverage_80,1.0,0.0,0.0,5
tier3,2018_h7,seat_coverage_90,1.0,0.0,0.0,5
tier3,2018_h7,coalition_brier_mean_over_masks,0.004221630677165355,2.721531448200653e-05,0.6446635568860433,5
tier3,2022_h112,seat_energy_score,18.890859999999996,0.05899451669435004,0.312291323393165,5
tier3,2022_h112,seat_crps_8party_mean,5.85145,0.019255354368980127,0.3290697924271783,5
tier3,2022_h112,seat_coverage_50,0.4,0.05590169943749474,13.975424859373685,5
tier3,2022_h112,seat_coverage_80,0.75,0.0,0.0,5
tier3,2022_h112,seat_coverage_90,0.75,0.0,0.0,5
tier3,2022_h112,coalition_brier_mean_over_masks,0.028381966866141733,0.0001349606683860417,0.47551555895529934,5
tier3,2022_h84,seat_energy_score,15.059180000000001,0.07717458778639484,0.5124753657662292,5
tier3,2022_h84,seat_crps_8party_mean,4.485645,0.0252021926749441,0.5618409988963482,5
tier3,2022_h84,seat_coverage_50,0.25,0.0,0.0,5
tier3,2022_h84,seat_coverage_80,0.75,0.0,0.0,5
tier3,2022_h84,seat_coverage_90,0.75,0.0,0.0,5
tier3,2022_h84,coalition_brier_mean_over_masks,0.03155875647244095,0.00013384439043959484,0.42411173759801346,5
tier3,2022_h56,seat_energy_score,10.21696,0.03597016819532538,0.3520633162440234,5
tier3,2022_h56,seat_crps_8party_mean,2.83525,0.011062757765358635,0.390186324499026,5
tier3,2022_h56,seat_coverage_50,0.25,0.0,0.0,5
tier3,2022_h56,seat_coverage_80,0.875,0.0,0.0,5
tier3,2022_h56,seat_coverage_90,1.0,0.0,0.0,5
tier3,2022_h56,coalition_brier_mean_over_masks,0.029032044472440944,6.026289543712927e-05,0.2075737225269637,5
tier3,2022_h28,seat_energy_score,6.6491,0.012791403363196847,0.19237796638938875,5
tier3,2022_h28,seat_crps_8party_mean,1.7472825,0.003238339659455067,0.18533578053091398,5
tier3,2022_h28,seat_coverage_50,0.5,0.0,0.0,5
tier3,2022_h28,seat_coverage_80,0.875,0.0,0.0,5
tier3,2022_h28,seat_coverage_90,1.0,0.0,0.0,5
tier3,2022_h28,coalition_brier_mean_over_masks,0.026506340854330707,3.855934852212773e-05,0.14547216733549156,5
tier3,2022_h14,seat_energy_score,4.86448,0.008774223612377494,0.18037331045409774,5
tier3,2022_h14,seat_crps_8party_mean,1.20206,0.0023441149715831425,0.19500815030723448,5
tier3,2022_h14,seat_coverage_50,0.875,0.0,0.0,5
tier3,2022_h14,seat_coverage_80,1.0,0.0,0.0,5
tier3,2022_h14,seat_coverage_90,1.0,0.0,0.0,5
tier3,2022_h14,coalition_brier_mean_over_masks,0.019197191047244093,8.352259090225522e-05,0.43507714590487206,5
tier3,2022_h7,seat_energy_score,4.35296,0.007990494352666562,0.18356461701156365,5
tier3,2022_h7,seat_crps_8party_mean,1.03148,0.0013842190939299362,0.13419737599662002,5
tier3,2022_h7,seat_coverage_50,1.0,0.0,0.0,5
tier3,2022_h7,seat_coverage_80,1.0,0.0,0.0,5
tier3,2022_h7,seat_coverage_90,1.0,0.0,0.0,5
tier3,2022_h7,coalition_brier_mean_over_masks,0.017047428464566926,0.00010946503477175124,0.642120511015924,5
