election_year,constituency_code,constituency_name,eligible_voters,valid_votes,turnout_rate
2006,1,Stockholms kommun,,482455.0,
2006,2,Stockholms län,,657224.0,
2006,3,Uppsala län,,196389.0,
2006,4,Södermanlands län,,159750.0,
2006,5,Östergötlands län,,262168.0,
2006,6,Jönköpings län,,205300.0,
2006,7,Kronobergs län,,111327.0,
2006,8,Kalmar län,,147531.0,
2006,9,Gotlands län,,35750.0,
2006,10,Blekinge län,,95781.0,
2006,11,Malmö kommun,,155302.0,
2006,12,Skåne läns västra,,161931.0,
2006,13,Skåne läns södra,,211334.0,
2006,14,Skåne läns norra och östra,,178664.0,
2006,15,Hallands län,,179470.0,
2006,16,Göteborgs kommun,,292726.0,
2006,17,Västra Götalands läns västra,,207718.0,
2006,18,Västra Götalands läns norra,,162432.0,
2006,19,Västra Götalands läns södra,,113271.0,
2006,20,Västra Götalands läns östra,,159388.0,
2006,21,Värmlands län,,168426.0,
2006,22,Örebro län,,171303.0,
2006,23,Västmanlands län,,148299.0,
2006,24,Dalarnas län,,169110.0,
2006,25,Gävleborgs län,,167728.0,
2006,26,Västernorrlands län,,153417.0,
2006,27,Jämtlands län,,78018.0,
2006,28,Västerbottens län,,162490.0,
2006,29,Norrbottens län,,156576.0,
2010,1,Stockholms kommun,,534887.0,
2010,2,Stockholms län,,716349.0,
2010,3,Uppsala län,,215030.0,
2010,4,Södermanlands län,,171427.0,
2010,5,Östergötlands län,,279741.0,
2010,6,Jönköpings län,,216564.0,
2010,7,Kronobergs län,,116513.0,
2010,8,Kalmar län,,154736.0,
2010,9,Gotlands län,,38640.0,
2010,10,Blekinge län,,100162.0,
2010,11,Malmö kommun,,169108.0,
2010,12,Skåne läns västra,,173435.0,
2010,13,Skåne läns södra,,228526.0,
2010,14,Skåne läns norra och östra,,190154.0,
2010,15,Hallands län,,195565.0,
2010,16,Göteborgs kommun,,319302.0,
2010,17,Västra Götalands läns västra,,225037.0,
2010,18,Västra Götalands läns norra,,172860.0,
2010,19,Västra Götalands läns södra,,121187.0,
2010,20,Västra Götalands läns östra,,168561.0,
2010,21,Värmlands län,,177215.0,
2010,22,Örebro län,,182378.0,
2010,23,Västmanlands län,,160143.0,
2010,24,Dalarnas län,,179168.0,
2010,25,Gävleborgs län,,177248.0,
2010,26,Västernorrlands län,,159975.0,
2010,27,Jämtlands län,,81936.0,
2010,28,Västerbottens län,,170598.0,
2010,29,Norrbottens län,,163963.0,
2014,1,Stockholms kommun,677144.0,577565.0,0.852943
2014,2,Stockholms län,900574.0,764195.0,0.848564
2014,3,Uppsala län,263680.0,228351.0,0.866016
2014,4,Södermanlands län,210085.0,178632.0,0.850284
2014,5,Östergötlands län,338664.0,291484.0,0.860688
2014,6,Jönköpings län,260633.0,224596.0,0.861733
2014,7,Kronobergs län,140723.0,120775.0,0.858246
2014,8,Kalmar län,185052.0,158822.0,0.858256
2014,9,Gotlands län,46466.0,39655.0,0.85342
2014,10,Blekinge län,118864.0,102225.0,0.860016
2014,11,Malmö kommun,226651.0,179103.0,0.790215
2014,12,Skåne läns västra,220254.0,182009.0,0.82636
2014,13,Skåne läns södra,275515.0,239845.0,0.870533
2014,14,Skåne läns norra och östra,235147.0,196700.0,0.836498
2014,15,Hallands län,238402.0,206559.0,0.866431
2014,16,Göteborgs kommun,406851.0,334294.0,0.821662
2014,17,Västra Götalands läns västra,272370.0,234945.0,0.862595
2014,18,Västra Götalands läns norra,209467.0,179053.0,0.854803
2014,19,Västra Götalands läns södra,147255.0,124892.0,0.848134
2014,20,Västra Götalands läns östra,202294.0,174445.0,0.862334
2014,21,Värmlands län,213761.0,182077.0,0.851778
2014,22,Örebro län,219922.0,188704.0,0.85805
2014,23,Västmanlands län,198080.0,166939.0,0.842786
2014,24,Dalarnas län,217293.0,184911.0,0.850975
2014,25,Gävleborgs län,216949.0,183515.0,0.84589
2014,26,Västernorrlands län,189842.0,162112.0,0.853931
2014,27,Jämtlands län,99192.0,83714.0,0.843959
2014,28,Västerbottens län,203654.0,175279.0,0.860671
2014,29,Norrbottens län,195648.0,166177.0,0.849367
2018,1,Stockholms kommun,704157.0,611206.0,0.867997
2018,2,Stockholms län,947622.0,815031.0,0.86008
2018,3,Uppsala län,273898.0,241489.0,0.881675
2018,4,Södermanlands län,213370.0,183449.0,0.859769
2018,5,Östergötlands län,344396.0,300778.0,0.873349
2018,6,Jönköpings län,262981.0,229580.0,0.872991
2018,7,Kronobergs län,142597.0,124570.0,0.873581
2018,8,Kalmar län,184447.0,160864.0,0.872142
2018,9,Gotlands län,46871.0,41129.0,0.877494
2018,10,Blekinge län,119376.0,104514.0,0.875503
2018,11,Malmö kommun,237691.0,193298.0,0.813232
2018,12,Skåne läns västra,226876.0,191506.0,0.8441
2018,13,Skåne läns södra,285170.0,252804.0,0.886503
2018,14,Skåne läns norra och östra,237178.0,202502.0,0.853798
2018,15,Hallands län,245991.0,216982.0,0.882073
2018,16,Göteborgs kommun,418425.0,349645.0,0.835622
2018,17,Västra Götalands läns västra,273965.0,243278.0,0.887989
2018,18,Västra Götalands läns norra,203176.0,174573.0,0.859221
2018,19,Västra Götalands läns södra,165725.0,143505.0,0.865922
2018,20,Västra Götalands läns östra,202936.0,177001.0,0.872201
2018,21,Värmlands län,213173.0,183966.0,0.862989
2018,22,Örebro län,224811.0,195157.0,0.868094
2018,23,Västmanlands län,201215.0,172719.0,0.85838
2018,24,Dalarnas län,217205.0,188027.0,0.865666
2018,25,Gävleborgs län,217235.0,185413.0,0.853513
2018,26,Västernorrlands län,187500.0,163001.0,0.869339
2018,27,Jämtlands län,99012.0,85223.0,0.860734
2018,28,Västerbottens län,205278.0,178837.0,0.871194
2018,29,Norrbottens län,193659.0,166678.0,0.860678
2022,1,Stockholms kommun,728089.0,606754.0,0.833351
2022,2,Stockholms län,1006456.0,822512.0,0.817236
2022,3,Uppsala län,292255.0,248891.0,0.851623
2022,4,Södermanlands län,223767.0,184883.0,0.82623
2022,5,Östergötlands län,356210.0,300600.0,0.843884
2022,6,Jönköpings län,271666.0,229125.0,0.843407
2022,7,Kronobergs län,147910.0,124992.0,0.845054
2022,8,Kalmar län,189781.0,161267.0,0.849753
2022,9,Gotlands län,48274.0,41459.0,0.858827
2022,10,Blekinge län,121789.0,103580.0,0.850487
2022,11,Malmö kommun,251172.0,192045.0,0.764596
2022,12,Skåne läns västra,236712.0,191683.0,0.809773
2022,13,Skåne läns södra,299809.0,259372.0,0.865124
2022,14,Skåne läns norra och östra,244489.0,202971.0,0.830185
2022,15,Hallands län,258794.0,221675.0,0.856569
2022,16,Göteborgs kommun,434273.0,347103.0,0.799274
2022,17,Västra Götalands läns västra,285927.0,247863.0,0.866875
2022,18,Västra Götalands läns norra,208144.0,173655.0,0.834302
2022,19,Västra Götalands läns södra,170107.0,141906.0,0.834216
2022,20,Västra Götalands läns östra,207560.0,176526.0,0.850482
2022,21,Värmlands län,216666.0,182237.0,0.841096
2022,22,Örebro län,232024.0,194190.0,0.836939
2022,23,Västmanlands län,208376.0,170749.0,0.819427
2022,24,Dalarnas län,221344.0,186599.0,0.843027
2022,25,Gävleborgs län,221395.0,182587.0,0.824711
2022,26,Västernorrlands län,188542.0,158723.0,0.841844
2022,27,Jämtlands län,101363.0,85024.0,0.838807
2022,28,Västerbottens län,209485.0,177543.0,0.847521
2022,29,Norrbottens län,193011.0,161456.0,0.836512
2026,1,Stockholms kommun,764889.0,,
2026,2,Stockholms län,1067172.0,,
2026,3,Uppsala län,309333.0,,
2026,4,Södermanlands län,229568.0,,
2026,5,Östergötlands län,367060.0,,
2026,6,Jönköpings län,279005.0,,
2026,7,Kronobergs län,151650.0,,
2026,8,Kalmar län,191083.0,,
2026,9,Gotlands län,48435.0,,
2026,10,Blekinge län,123298.0,,
2026,11,Malmö kommun,267820.0,,
2026,12,Skåne läns västra,246130.0,,
2026,13,Skåne läns södra,313023.0,,
2026,14,Skåne läns norra och östra,248742.0,,
2026,15,Hallands län,268009.0,,
2026,16,Göteborgs kommun,462708.0,,
2026,17,Västra Götalands läns västra,297167.0,,
2026,18,Västra Götalands läns norra,210138.0,,
2026,19,Västra Götalands läns södra,174136.0,,
2026,20,Västra Götalands läns östra,210051.0,,
2026,21,Värmlands län,219299.0,,
2026,22,Örebro län,238704.0,,
2026,23,Västmanlands län,213717.0,,
2026,24,Dalarnas län,223629.0,,
2026,25,Gävleborgs län,222290.0,,
2026,26,Västernorrlands län,189501.0,,
2026,27,Jämtlands län,103291.0,,
2026,28,Västerbottens län,213611.0,,
2026,29,Norrbottens län,193266.0,,
