forecast_cases,N,MAE,RMSE,mean_CRPS_8parties,mean_CRPS_all9,REST_CRPS,coverage_50,coverage_80,coverage_90,mean_width_50,mean_width_80,mean_width_90,model,year_block,horizon_days
53,477,0.10649895178197065,0.1522714116609691,0.10966981132075472,0.10649895178197065,0.0811320754716981,0.33752620545073375,0.33752620545073375,0.33752620545073375,0.0,0.0,0.0,point_persistence,2019,7
53,477,0.19035639412997907,0.27326736433555593,0.2033018867924528,0.19035639412997907,0.08679245283018866,0.20545073375262055,0.20545073375262055,0.20545073375262055,0.0,0.0,0.0,point_persistence,2019,14
53,477,0.34088050314465407,0.5036970238386359,0.37028301886792453,0.34088050314465407,0.10566037735849056,0.14046121593291405,0.14046121593291405,0.14046121593291405,0.0,0.0,0.0,point_persistence,2019,28
53,477,0.6096436058700209,0.8930432270896711,0.6672169811320754,0.6096436058700209,0.14905660377358487,0.07127882599580712,0.07127882599580712,0.07127882599580712,0.0,0.0,0.0,point_persistence,2019,56
53,477,0.8327044025157232,1.201955081012385,0.9141509433962265,0.8327044025157232,0.18113207547169807,0.04612159329140461,0.04612159329140461,0.04612159329140461,0.0,0.0,0.0,point_persistence,2019,84
53,477,1.0176100628930818,1.491443098386013,1.1212264150943396,1.0176100628930818,0.18867924528301883,0.039832285115303984,0.039832285115303984,0.039832285115303984,0.0,0.0,0.0,point_persistence,2019,112
52,468,0.09743589743589742,0.16486202467362573,0.09903846153846155,0.09743589743589742,0.0846153846153846,0.391025641025641,0.391025641025641,0.391025641025641,0.0,0.0,0.0,point_persistence,2020,7
52,468,0.1717948717948718,0.2977838371624855,0.18100961538461538,0.1717948717948718,0.09807692307692305,0.22435897435897437,0.22435897435897437,0.22435897435897437,0.0,0.0,0.0,point_persistence,2020,14
52,468,0.317948717948718,0.5563925319166763,0.34471153846153846,0.317948717948718,0.10384615384615384,0.13247863247863248,0.13247863247863248,0.13247863247863248,0.0,0.0,0.0,point_persistence,2020,28
52,468,0.5807692307692308,1.015983376941878,0.6370192307692307,0.5807692307692308,0.13076923076923078,0.11965811965811966,0.11965811965811966,0.11965811965811966,0.0,0.0,0.0,point_persistence,2020,56
52,468,0.770940170940171,1.3358789801372912,0.848076923076923,0.770940170940171,0.15384615384615383,0.07905982905982906,0.07905982905982906,0.07905982905982906,0.0,0.0,0.0,point_persistence,2020,84
52,468,0.864102564102564,1.4661420973332189,0.9521634615384615,0.864102564102564,0.1596153846153846,0.07478632478632478,0.07478632478632478,0.07478632478632478,0.0,0.0,0.0,point_persistence,2020,112
52,468,0.09572649572649573,0.14066387164558208,0.09615384615384616,0.09572649572649573,0.09230769230769229,0.3525641025641026,0.3525641025641026,0.3525641025641026,0.0,0.0,0.0,point_persistence,2021,7
52,468,0.15384615384615385,0.22389328960066027,0.16249999999999998,0.15384615384615385,0.0846153846153846,0.21153846153846154,0.21153846153846154,0.21153846153846154,0.0,0.0,0.0,point_persistence,2021,14
52,468,0.261965811965812,0.3902661813527945,0.28028846153846154,0.261965811965812,0.11538461538461536,0.1282051282051282,0.1282051282051282,0.1282051282051282,0.0,0.0,0.0,point_persistence,2021,28
52,468,0.47393162393162397,0.6892644413325484,0.5122596153846154,0.47393162393162397,0.1673076923076923,0.07051282051282051,0.07051282051282051,0.07051282051282051,0.0,0.0,0.0,point_persistence,2021,56
52,468,0.6594017094017095,0.9463153916706736,0.7153846153846154,0.6594017094017095,0.2115384615384615,0.06196581196581197,0.06196581196581197,0.06196581196581197,0.0,0.0,0.0,point_persistence,2021,84
52,468,0.8158119658119658,1.1748613302424866,0.8879807692307692,0.8158119658119658,0.23846153846153845,0.03632478632478633,0.03632478632478633,0.03632478632478633,0.0,0.0,0.0,point_persistence,2021,112
52,468,0.12435897435897436,0.17589818344761535,0.12403846153846153,0.12435897435897436,0.1269230769230769,0.27564102564102566,0.27564102564102566,0.27564102564102566,0.0,0.0,0.0,point_persistence,2022,7
52,468,0.21623931623931625,0.2969934817552874,0.22115384615384615,0.21623931623931625,0.17692307692307693,0.17094017094017094,0.17094017094017094,0.17094017094017094,0.0,0.0,0.0,point_persistence,2022,14
52,468,0.38547008547008543,0.5206833117271102,0.4004807692307692,0.38547008547008543,0.2653846153846154,0.08974358974358974,0.08974358974358974,0.08974358974358974,0.0,0.0,0.0,point_persistence,2022,28
52,468,0.6816239316239316,0.9045941622023649,0.7103365384615384,0.6816239316239316,0.4519230769230769,0.04487179487179487,0.04487179487179487,0.04487179487179487,0.0,0.0,0.0,point_persistence,2022,56
52,468,0.8905982905982907,1.1956295055450556,0.9355769230769231,0.8905982905982907,0.5307692307692308,0.02564102564102564,0.02564102564102564,0.02564102564102564,0.0,0.0,0.0,point_persistence,2022,84
52,468,1.0397435897435898,1.412686717104596,1.0959134615384616,1.0397435897435898,0.5903846153846154,0.02564102564102564,0.02564102564102564,0.02564102564102564,0.0,0.0,0.0,point_persistence,2022,112
52,468,0.0594017094017094,0.09495838044687799,0.05673076923076924,0.0594017094017094,0.08076923076923076,0.5128205128205128,0.5128205128205128,0.5128205128205128,0.0,0.0,0.0,point_persistence,2023,7
52,468,0.10170940170940172,0.15648379944000432,0.10408653846153847,0.10170940170940172,0.08269230769230768,0.34615384615384615,0.34615384615384615,0.34615384615384615,0.0,0.0,0.0,point_persistence,2023,14
52,468,0.18290598290598295,0.28427445508164434,0.19278846153846158,0.18290598290598295,0.10384615384615382,0.21581196581196582,0.21581196581196582,0.21581196581196582,0.0,0.0,0.0,point_persistence,2023,28
52,468,0.32307692307692304,0.5226493979355502,0.3485576923076923,0.32307692307692304,0.1192307692307692,0.14102564102564102,0.14102564102564102,0.14102564102564102,0.0,0.0,0.0,point_persistence,2023,56
52,468,0.43931623931623937,0.7265419794225574,0.47932692307692304,0.43931623931623937,0.11923076923076922,0.12393162393162394,0.12393162393162394,0.12393162393162394,0.0,0.0,0.0,point_persistence,2023,84
52,468,0.5423076923076923,0.888867521110694,0.5920673076923076,0.5423076923076923,0.14423076923076922,0.08974358974358974,0.08974358974358974,0.08974358974358974,0.0,0.0,0.0,point_persistence,2023,112
53,477,0.0888888888888889,0.12950478164763524,0.08254716981132075,0.0888888888888889,0.13962264150943396,0.37735849056603776,0.37735849056603776,0.37735849056603776,0.0,0.0,0.0,point_persistence,2024,7
53,477,0.13459119496855346,0.19099211350572476,0.1339622641509434,0.13459119496855346,0.13962264150943396,0.2809224318658281,0.2809224318658281,0.2809224318658281,0.0,0.0,0.0,point_persistence,2024,14
53,477,0.22138364779874212,0.3162940541982634,0.22570754716981134,0.22138364779874212,0.18679245283018867,0.16981132075471697,0.16981132075471697,0.16981132075471697,0.0,0.0,0.0,point_persistence,2024,28
53,477,0.37442348008385745,0.5302584315151171,0.3903301886792453,0.37442348008385745,0.2471698113207547,0.09853249475890985,0.09853249475890985,0.09853249475890985,0.0,0.0,0.0,point_persistence,2024,56
53,477,0.4872117400419287,0.6889362261412354,0.5188679245283019,0.4872117400419287,0.23396226415094343,0.10062893081761007,0.10062893081761007,0.10062893081761007,0.0,0.0,0.0,point_persistence,2024,84
53,477,0.560587002096436,0.8021721036395134,0.6042452830188679,0.560587002096436,0.21132075471698109,0.08176100628930817,0.08176100628930817,0.08176100628930817,0.0,0.0,0.0,point_persistence,2024,112
52,468,0.07264957264957266,0.1082099889538933,0.06682692307692308,0.07264957264957266,0.11923076923076922,0.4337606837606838,0.4337606837606838,0.4337606837606838,0.0,0.0,0.0,point_persistence,2025,7
52,468,0.11324786324786328,0.15662028773410722,0.11009615384615386,0.11324786324786328,0.13846153846153847,0.30128205128205127,0.30128205128205127,0.30128205128205127,0.0,0.0,0.0,point_persistence,2025,14
52,468,0.18632478632478636,0.24910094751181108,0.1875,0.18632478632478636,0.17692307692307693,0.1623931623931624,0.1623931623931624,0.1623931623931624,0.0,0.0,0.0,point_persistence,2025,28
52,468,0.31495726495726495,0.41889149605844883,0.32139423076923074,0.31495726495726495,0.26346153846153847,0.09188034188034189,0.09188034188034189,0.09188034188034189,0.0,0.0,0.0,point_persistence,2025,56
52,468,0.4115384615384615,0.5582711408148076,0.4254807692307692,0.4115384615384615,0.3,0.08547008547008547,0.08547008547008547,0.08547008547008547,0.0,0.0,0.0,point_persistence,2025,84
52,468,0.5064102564102565,0.6840365362361742,0.5290865384615385,0.5064102564102565,0.32500000000000007,0.057692307692307696,0.057692307692307696,0.057692307692307696,0.0,0.0,0.0,point_persistence,2025,112
32,288,0.08472222222222223,0.1136515141415488,0.080078125,0.08472222222222223,0.12187500000000001,0.3506944444444444,0.3506944444444444,0.3506944444444444,0.0,0.0,0.0,point_persistence,2026 YTD,7
31,279,0.14480286738351253,0.18722650304072927,0.14798387096774196,0.14480286738351253,0.11935483870967742,0.21863799283154123,0.21863799283154123,0.21863799283154123,0.0,0.0,0.0,point_persistence,2026 YTD,14
29,261,0.26819923371647514,0.3358525492919481,0.28577586206896555,0.26819923371647514,0.12758620689655176,0.09578544061302682,0.09578544061302682,0.09578544061302682,0.0,0.0,0.0,point_persistence,2026 YTD,28
25,225,0.4915555555555556,0.619175078453403,0.534,0.4915555555555556,0.15200000000000002,0.07555555555555556,0.07555555555555556,0.07555555555555556,0.0,0.0,0.0,point_persistence,2026 YTD,56
21,189,0.6708994708994709,0.8411380549667382,0.7380952380952381,0.6708994708994709,0.13333333333333336,0.0582010582010582,0.0582010582010582,0.0582010582010582,0.0,0.0,0.0,point_persistence,2026 YTD,84
17,153,0.8339869281045751,1.0387272251972666,0.9213235294117647,0.8339869281045751,0.13529411764705884,0.05228758169934641,0.05228758169934641,0.05228758169934641,0.0,0.0,0.0,point_persistence,2026 YTD,112
