model,horizon_days,party,cases,mean_crps,coverage_50,coverage_90,mean_width_50,mean_width_90
campaign_paths,1,C,399,0.009377,0.919799,0.919799,0.003086,0.122216
campaign_paths,1,KD,399,0.013692,0.867168,0.874687,0.002356,0.117985
campaign_paths,1,L,399,0.009364,0.912281,0.912281,0.001472,0.031777
campaign_paths,1,M,399,0.018434,0.837093,0.882206,0.011753,0.192806
campaign_paths,1,MP,399,0.010086,0.902256,0.902256,0.002095,0.046094
campaign_paths,1,S,399,0.033295,0.719298,0.844612,0.018192,0.212519
campaign_paths,1,SD,399,0.023198,0.776942,0.952381,0.011504,0.207747
campaign_paths,1,V,399,0.01549,0.867168,0.884712,0.003945,0.167335
campaign_paths,2,C,399,0.019747,0.807018,0.854637,0.00645,0.167574
campaign_paths,2,KD,399,0.023377,0.759398,0.919799,0.004772,0.225601
campaign_paths,2,L,399,0.017959,0.824561,0.834586,0.002905,0.133739
campaign_paths,2,M,399,0.032364,0.691729,0.944862,0.035344,0.215407
campaign_paths,2,MP,399,0.017841,0.824561,0.887218,0.004195,0.197084
campaign_paths,2,S,399,0.048527,0.556391,0.934837,0.050845,0.247396
campaign_paths,2,SD,399,0.037806,0.634085,0.947368,0.031361,0.234339
campaign_paths,2,V,399,0.024082,0.774436,0.932331,0.008227,0.215892
campaign_paths,3,C,399,0.026554,0.721805,0.83208,0.01007,0.18687
campaign_paths,3,KD,399,0.031511,0.681704,0.932331,0.006738,0.2695
campaign_paths,3,L,399,0.023765,0.754386,0.789474,0.004094,0.158774
campaign_paths,3,M,399,0.043199,0.566416,0.934837,0.140126,0.287691
campaign_paths,3,MP,399,0.025464,0.729323,0.892231,0.005914,0.217078
campaign_paths,3,S,399,0.064441,0.426065,0.877193,0.143898,0.376967
campaign_paths,3,SD,399,0.050178,0.533835,0.889724,0.148889,0.316607
campaign_paths,3,V,399,0.032539,0.669173,0.944862,0.012557,0.229716
campaign_paths,4,C,399,0.034243,0.631579,0.819549,0.016341,0.202067
campaign_paths,4,KD,399,0.039268,0.609023,0.944862,0.009307,0.29196
campaign_paths,4,L,399,0.029621,0.686717,0.761905,0.005659,0.173977
campaign_paths,4,M,399,0.054842,0.466165,0.917293,0.169717,0.384902
campaign_paths,4,MP,399,0.029566,0.686717,0.894737,0.008232,0.225994
campaign_paths,4,S,399,0.07956,0.443609,0.894737,0.182392,0.446501
campaign_paths,4,SD,399,0.06183,0.468672,0.952381,0.189912,0.415912
campaign_paths,4,V,399,0.040469,0.558897,0.942356,0.019363,0.244317
campaign_paths,5,C,399,0.038858,0.558897,0.829574,0.043014,0.215918
campaign_paths,5,KD,399,0.046258,0.546366,0.934837,0.013023,0.303513
campaign_paths,5,L,399,0.034511,0.639098,0.736842,0.007845,0.187191
campaign_paths,5,M,399,0.064153,0.463659,0.947368,0.183369,0.436782
campaign_paths,5,MP,399,0.034653,0.629073,0.887218,0.011394,0.235075
campaign_paths,5,S,399,0.093448,0.536341,0.884712,0.201964,0.541986
campaign_paths,5,SD,399,0.075585,0.56391,0.914787,0.203802,0.483056
campaign_paths,5,V,399,0.047481,0.506266,0.922306,0.036578,0.265584
campaign_paths,6,C,399,0.044217,0.488722,0.857143,0.116653,0.234016
campaign_paths,6,KD,399,0.053437,0.481203,0.929825,0.032232,0.312026
campaign_paths,6,L,399,0.038202,0.598997,0.721805,0.011945,0.197565
campaign_paths,6,M,399,0.073987,0.501253,0.942356,0.197182,0.516318
campaign_paths,6,MP,399,0.040416,0.553885,0.897243,0.016601,0.2453
campaign_paths,6,S,399,0.107203,0.561404,0.909774,0.22057,0.631582
campaign_paths,6,SD,399,0.084463,0.734336,0.917293,0.216134,0.582928
campaign_paths,6,V,399,0.052535,0.481203,0.892231,0.11854,0.312941
campaign_paths,7,C,399,0.051314,0.426065,0.839599,0.135902,0.262081
campaign_paths,7,KD,399,0.059637,0.43609,0.919799,0.111172,0.322686
campaign_paths,7,L,399,0.042328,0.556391,0.704261,0.043692,0.206354
campaign_paths,7,M,399,0.082727,0.606516,0.93985,0.212899,0.580315
campaign_paths,7,MP,399,0.045463,0.513784,0.887218,0.05102,0.260075
campaign_paths,7,S,399,0.124721,0.573935,0.892231,0.240787,0.711321
campaign_paths,7,SD,399,0.093596,0.714286,0.937343,0.230204,0.655115
campaign_paths,7,V,399,0.057897,0.536341,0.892231,0.177185,0.367245
campaign_paths,8,C,399,0.054161,0.428571,0.889724,0.14648,0.297269
campaign_paths,8,KD,399,0.064462,0.45614,0.914787,0.154745,0.351032
campaign_paths,8,L,399,0.044931,0.52381,0.736842,0.095977,0.216638
campaign_paths,8,M,399,0.090657,0.651629,0.952381,0.237469,0.641599
campaign_paths,8,MP,399,0.050805,0.481203,0.889724,0.122082,0.278045
campaign_paths,8,S,399,0.140035,0.536341,0.909774,0.265179,0.807002
campaign_paths,8,SD,399,0.105962,0.669173,0.914787,0.250194,0.742026
campaign_paths,8,V,399,0.063138,0.568922,0.917293,0.189655,0.402367
campaign_paths,9,C,399,0.059896,0.413534,0.892231,0.154341,0.336479
campaign_paths,9,KD,399,0.071343,0.47619,0.922306,0.187263,0.403218
campaign_paths,9,L,399,0.049038,0.491228,0.781955,0.114648,0.231323
campaign_paths,9,M,399,0.099065,0.641604,0.947368,0.274732,0.712299
campaign_paths,9,MP,399,0.054767,0.453634,0.899749,0.148036,0.311577
campaign_paths,9,S,399,0.149209,0.508772,0.904762,0.302603,0.9014
campaign_paths,9,SD,399,0.114762,0.634085,0.932331,0.279809,0.828627
campaign_paths,9,V,399,0.068238,0.556391,0.919799,0.197884,0.441941
campaign_paths,10,C,399,0.063366,0.463659,0.884712,0.160423,0.367183
campaign_paths,10,KD,399,0.077295,0.498747,0.932331,0.208827,0.447166
campaign_paths,10,L,399,0.052596,0.461153,0.807018,0.119241,0.243946
campaign_paths,10,M,399,0.107197,0.611529,0.957393,0.307394,0.776898
campaign_paths,10,MP,399,0.05994,0.461153,0.912281,0.158291,0.357125
campaign_paths,10,S,399,0.163704,0.491228,0.912281,0.339533,0.984737
campaign_paths,10,SD,399,0.125919,0.591479,0.927318,0.317856,0.911609
campaign_paths,10,V,399,0.074023,0.533835,0.927318,0.203982,0.497479
campaign_paths,11,C,399,0.068536,0.466165,0.887218,0.165416,0.392878
campaign_paths,11,KD,399,0.082049,0.516291,0.934837,0.224592,0.47959
campaign_paths,11,L,399,0.056793,0.43609,0.827068,0.123294,0.254122
campaign_paths,11,M,399,0.114081,0.614035,0.964912,0.334501,0.842722
campaign_paths,11,MP,399,0.063681,0.478697,0.919799,0.171354,0.399287
campaign_paths,11,S,399,0.182003,0.493734,0.909774,0.371354,1.08093
campaign_paths,11,SD,399,0.137463,0.54386,0.929825,0.356599,0.988083
campaign_paths,11,V,399,0.079534,0.531328,0.927318,0.209249,0.534788
endpoint_fan,1,C,399,0.027356,0.942356,0.994987,0.165416,0.392878
endpoint_fan,1,KD,399,0.03255,0.947368,0.994987,0.224592,0.47959
endpoint_fan,1,L,399,0.020207,0.914787,0.97995,0.123294,0.254122
endpoint_fan,1,M,399,0.061686,0.982456,1.0,0.334501,0.842722
endpoint_fan,1,MP,399,0.025501,0.922306,0.997494,0.171354,0.399287
endpoint_fan,1,S,399,0.074169,0.9599,0.994987,0.371354,1.08093
endpoint_fan,1,SD,399,0.066412,0.97995,1.0,0.356599,0.988083
endpoint_fan,1,V,399,0.03462,0.942356,0.994987,0.209249,0.534788
endpoint_fan,2,C,399,0.032001,0.859649,0.992481,0.165416,0.392878
endpoint_fan,2,KD,399,0.03686,0.909774,0.997494,0.224592,0.47959
endpoint_fan,2,L,399,0.024939,0.83208,0.967419,0.123294,0.254122
endpoint_fan,2,M,399,0.065089,0.962406,1.0,0.334501,0.842722
endpoint_fan,2,MP,399,0.029417,0.859649,0.994987,0.171354,0.399287
endpoint_fan,2,S,399,0.079509,0.937343,0.992481,0.371354,1.08093
endpoint_fan,2,SD,399,0.070686,0.957393,0.997494,0.356599,0.988083
endpoint_fan,2,V,399,0.038307,0.902256,0.994987,0.209249,0.534788
endpoint_fan,3,C,399,0.035172,0.79198,0.992481,0.165416,0.392878
endpoint_fan,3,KD,399,0.041166,0.874687,0.997494,0.224592,0.47959
endpoint_fan,3,L,399,0.02846,0.764411,0.954887,0.123294,0.254122
endpoint_fan,3,M,399,0.068465,0.934837,1.0,0.334501,0.842722
endpoint_fan,3,MP,399,0.033341,0.781955,0.994987,0.171354,0.399287
endpoint_fan,3,S,399,0.08644,0.87218,0.989975,0.371354,1.08093
endpoint_fan,3,SD,399,0.075185,0.919799,0.997494,0.356599,0.988083
endpoint_fan,3,V,399,0.042213,0.859649,0.994987,0.209249,0.534788
endpoint_fan,4,C,399,0.039602,0.721805,0.989975,0.165416,0.392878
endpoint_fan,4,KD,399,0.045828,0.822055,0.994987,0.224592,0.47959
endpoint_fan,4,L,399,0.032432,0.696742,0.937343,0.123294,0.254122
endpoint_fan,4,M,399,0.074198,0.902256,0.997494,0.334501,0.842722
endpoint_fan,4,MP,399,0.035796,0.75188,0.989975,0.171354,0.399287
endpoint_fan,4,S,399,0.094838,0.804511,0.989975,0.371354,1.08093
endpoint_fan,4,SD,399,0.080679,0.867168,0.994987,0.356599,0.988083
endpoint_fan,4,V,399,0.046679,0.789474,0.994987,0.209249,0.534788
endpoint_fan,5,C,399,0.042417,0.679198,0.984962,0.165416,0.392878
endpoint_fan,5,KD,399,0.050456,0.756892,0.994987,0.224592,0.47959
endpoint_fan,5,L,399,0.036238,0.649123,0.912281,0.123294,0.254122
endpoint_fan,5,M,399,0.078978,0.854637,0.992481,0.334501,0.842722
endpoint_fan,5,MP,399,0.03905,0.709273,0.984962,0.171354,0.399287
endpoint_fan,5,S,399,0.104403,0.741855,0.984962,0.371354,1.08093
endpoint_fan,5,SD,399,0.088635,0.794486,0.992481,0.356599,0.988083
endpoint_fan,5,V,399,0.051615,0.739348,0.989975,0.209249,0.534788
endpoint_fan,6,C,399,0.046313,0.614035,0.97995,0.165416,0.392878
endpoint_fan,6,KD,399,0.055791,0.691729,0.992481,0.224592,0.47959
endpoint_fan,6,L,399,0.03923,0.609023,0.902256,0.123294,0.254122
endpoint_fan,6,M,399,0.084658,0.802005,0.992481,0.334501,0.842722
endpoint_fan,6,MP,399,0.043049,0.661654,0.97995,0.171354,0.399287
endpoint_fan,6,S,399,0.114975,0.689223,0.972431,0.371354,1.08093
endpoint_fan,6,SD,399,0.09461,0.764411,0.992481,0.356599,0.988083
endpoint_fan,6,V,399,0.055505,0.694236,0.987469,0.209249,0.534788
endpoint_fan,7,C,399,0.052248,0.561404,0.952381,0.165416,0.392878
endpoint_fan,7,KD,399,0.060933,0.651629,0.982456,0.224592,0.47959
endpoint_fan,7,L,399,0.042708,0.56391,0.884712,0.123294,0.254122
endpoint_fan,7,M,399,0.09011,0.736842,0.992481,0.334501,0.842722
endpoint_fan,7,MP,399,0.047103,0.62406,0.969925,0.171354,0.399287
endpoint_fan,7,S,399,0.129222,0.631579,0.962406,0.371354,1.08093
endpoint_fan,7,SD,399,0.101078,0.729323,0.989975,0.356599,0.988083
endpoint_fan,7,V,399,0.059952,0.666667,0.97995,0.209249,0.534788
endpoint_fan,8,C,399,0.054763,0.546366,0.929825,0.165416,0.392878
endpoint_fan,8,KD,399,0.065089,0.598997,0.974937,0.224592,0.47959
endpoint_fan,8,L,399,0.045042,0.533835,0.869674,0.123294,0.254122
endpoint_fan,8,M,399,0.095748,0.694236,0.984962,0.334501,0.842722
endpoint_fan,8,MP,399,0.05166,0.573935,0.9599,0.171354,0.399287
endpoint_fan,8,S,399,0.142545,0.60401,0.952381,0.371354,1.08093
endpoint_fan,8,SD,399,0.110561,0.679198,0.987469,0.356599,0.988083
endpoint_fan,8,V,399,0.06436,0.634085,0.962406,0.209249,0.534788
endpoint_fan,9,C,399,0.06004,0.501253,0.904762,0.165416,0.392878
endpoint_fan,9,KD,399,0.071522,0.561404,0.954887,0.224592,0.47959
endpoint_fan,9,L,399,0.048971,0.501253,0.859649,0.123294,0.254122
endpoint_fan,9,M,399,0.102068,0.649123,0.982456,0.334501,0.842722
endpoint_fan,9,MP,399,0.055105,0.531328,0.962406,0.171354,0.399287
endpoint_fan,9,S,399,0.150624,0.573935,0.947368,0.371354,1.08093
endpoint_fan,9,SD,399,0.117526,0.64411,0.9599,0.356599,0.988083
endpoint_fan,9,V,399,0.068847,0.593985,0.952381,0.209249,0.534788
endpoint_fan,10,C,399,0.063437,0.501253,0.887218,0.165416,0.392878
endpoint_fan,10,KD,399,0.077305,0.536341,0.942356,0.224592,0.47959
endpoint_fan,10,L,399,0.0525,0.466165,0.844612,0.123294,0.254122
endpoint_fan,10,M,399,0.108557,0.619048,0.972431,0.334501,0.842722
endpoint_fan,10,MP,399,0.060025,0.498747,0.934837,0.171354,0.399287
endpoint_fan,10,S,399,0.16421,0.533835,0.927318,0.371354,1.08093
endpoint_fan,10,SD,399,0.127017,0.596491,0.942356,0.356599,0.988083
endpoint_fan,10,V,399,0.074214,0.561404,0.947368,0.209249,0.534788
endpoint_fan,11,C,399,0.068536,0.466165,0.887218,0.165416,0.392878
endpoint_fan,11,KD,399,0.082049,0.516291,0.934837,0.224592,0.47959
endpoint_fan,11,L,399,0.056793,0.43609,0.827068,0.123294,0.254122
endpoint_fan,11,M,399,0.114081,0.614035,0.964912,0.334501,0.842722
endpoint_fan,11,MP,399,0.063681,0.478697,0.919799,0.171354,0.399287
endpoint_fan,11,S,399,0.182003,0.493734,0.909774,0.371354,1.08093
endpoint_fan,11,SD,399,0.137463,0.54386,0.929825,0.356599,0.988083
endpoint_fan,11,V,399,0.079534,0.531328,0.927318,0.209249,0.534788
frozen_state,1,C,399,0.009273,0.380952,0.380952,0.0,0.0
frozen_state,1,KD,399,0.014286,0.26817,0.26817,0.0,0.0
frozen_state,1,L,399,0.009524,0.223058,0.223058,0.0,0.0
frozen_state,1,M,399,0.018797,0.315789,0.315789,0.0,0.0
frozen_state,1,MP,399,0.010276,0.328321,0.328321,0.0,0.0
frozen_state,1,S,399,0.036341,0.315789,0.315789,0.0,0.0
frozen_state,1,SD,399,0.025063,0.315789,0.315789,0.0,0.0
frozen_state,1,V,399,0.01604,0.340852,0.340852,0.0,0.0
frozen_state,2,C,399,0.020802,0.33584,0.33584,0.0,0.0
frozen_state,2,KD,399,0.025815,0.215539,0.215539,0.0,0.0
frozen_state,2,L,399,0.019048,0.200501,0.200501,0.0,0.0
frozen_state,2,M,399,0.035589,0.235589,0.235589,0.0,0.0
frozen_state,2,MP,399,0.018797,0.295739,0.295739,0.0,0.0
frozen_state,2,S,399,0.057143,0.240602,0.240602,0.0,0.0
frozen_state,2,SD,399,0.043609,0.255639,0.255639,0.0,0.0
frozen_state,2,V,399,0.026065,0.298246,0.298246,0.0,0.0
frozen_state,3,C,399,0.029323,0.303258,0.303258,0.0,0.0
frozen_state,3,KD,399,0.036341,0.185464,0.185464,0.0,0.0
frozen_state,3,L,399,0.026065,0.172932,0.172932,0.0,0.0
frozen_state,3,M,399,0.051128,0.200501,0.200501,0.0,0.0
frozen_state,3,MP,399,0.028321,0.270677,0.270677,0.0,0.0
frozen_state,3,S,399,0.080702,0.190476,0.190476,0.0,0.0
frozen_state,3,SD,399,0.061153,0.20802,0.20802,0.0,0.0
frozen_state,3,V,399,0.037343,0.250627,0.250627,0.0,0.0
frozen_state,4,C,399,0.03985,0.250627,0.250627,0.0,0.0
frozen_state,4,KD,399,0.047118,0.152882,0.152882,0.0,0.0
frozen_state,4,L,399,0.033584,0.155388,0.155388,0.0,0.0
frozen_state,4,M,399,0.06792,0.16792,0.16792,0.0,0.0
frozen_state,4,MP,399,0.033584,0.258145,0.258145,0.0,0.0
frozen_state,4,S,399,0.103008,0.152882,0.152882,0.0,0.0
frozen_state,4,SD,399,0.079449,0.175439,0.175439,0.0,0.0
frozen_state,4,V,399,0.049373,0.218045,0.218045,0.0,0.0
frozen_state,5,C,399,0.047368,0.225564,0.225564,0.0,0.0
frozen_state,5,KD,399,0.057143,0.150376,0.150376,0.0,0.0
frozen_state,5,L,399,0.03985,0.140351,0.140351,0.0,0.0
frozen_state,5,M,399,0.081203,0.142857,0.142857,0.0,0.0
frozen_state,5,MP,399,0.040602,0.230576,0.230576,0.0,0.0
frozen_state,5,S,399,0.122055,0.130326,0.130326,0.0,0.0
frozen_state,5,SD,399,0.1,0.135338,0.135338,0.0,0.0
frozen_state,5,V,399,0.059148,0.185464,0.185464,0.0,0.0
frozen_state,6,C,399,0.05589,0.192982,0.192982,0.0,0.0
frozen_state,6,KD,399,0.06817,0.120301,0.120301,0.0,0.0
frozen_state,6,L,399,0.044862,0.132832,0.132832,0.0,0.0
frozen_state,6,M,399,0.097243,0.110276,0.110276,0.0,0.0
frozen_state,6,MP,399,0.049373,0.197995,0.197995,0.0,0.0
frozen_state,6,S,399,0.140351,0.110276,0.110276,0.0,0.0
frozen_state,6,SD,399,0.111779,0.12782,0.12782,0.0,0.0
frozen_state,6,V,399,0.066165,0.172932,0.172932,0.0,0.0
frozen_state,7,C,399,0.066416,0.180451,0.180451,0.0,0.0
frozen_state,7,KD,399,0.077444,0.122807,0.122807,0.0,0.0
frozen_state,7,L,399,0.050627,0.12782,0.12782,0.0,0.0
frozen_state,7,M,399,0.110526,0.102757,0.102757,0.0,0.0
frozen_state,7,MP,399,0.056642,0.180451,0.180451,0.0,0.0
frozen_state,7,S,399,0.16391,0.097744,0.097744,0.0,0.0
frozen_state,7,SD,399,0.123308,0.120301,0.120301,0.0,0.0
frozen_state,7,V,399,0.073684,0.155388,0.155388,0.0,0.0
frozen_state,8,C,399,0.070677,0.172932,0.172932,0.0,0.0
frozen_state,8,KD,399,0.084712,0.125313,0.125313,0.0,0.0
frozen_state,8,L,399,0.054637,0.105263,0.105263,0.0,0.0
frozen_state,8,M,399,0.121554,0.097744,0.097744,0.0,0.0
frozen_state,8,MP,399,0.064411,0.165414,0.165414,0.0,0.0
frozen_state,8,S,399,0.185714,0.090226,0.090226,0.0,0.0
frozen_state,8,SD,399,0.141353,0.102757,0.102757,0.0,0.0
frozen_state,8,V,399,0.080702,0.157895,0.157895,0.0,0.0
frozen_state,9,C,399,0.079198,0.155388,0.155388,0.0,0.0
frozen_state,9,KD,399,0.094737,0.100251,0.100251,0.0,0.0
frozen_state,9,L,399,0.060652,0.102757,0.102757,0.0,0.0
frozen_state,9,M,399,0.133333,0.087719,0.087719,0.0,0.0
frozen_state,9,MP,399,0.070927,0.150376,0.150376,0.0,0.0
frozen_state,9,S,399,0.198496,0.090226,0.090226,0.0,0.0
frozen_state,9,SD,399,0.153634,0.087719,0.087719,0.0,0.0
frozen_state,9,V,399,0.087719,0.14787,0.14787,0.0,0.0
frozen_state,10,C,399,0.083459,0.160401,0.160401,0.0,0.0
frozen_state,10,KD,399,0.102757,0.092732,0.092732,0.0,0.0
frozen_state,10,L,399,0.066165,0.092732,0.092732,0.0,0.0
frozen_state,10,M,399,0.144862,0.087719,0.087719,0.0,0.0
frozen_state,10,MP,399,0.078195,0.140351,0.140351,0.0,0.0
frozen_state,10,S,399,0.218045,0.092732,0.092732,0.0,0.0
frozen_state,10,SD,399,0.169173,0.080201,0.080201,0.0,0.0
frozen_state,10,V,399,0.096491,0.137845,0.137845,0.0,0.0
frozen_state,11,C,399,0.09198,0.130326,0.130326,0.0,0.0
frozen_state,11,KD,399,0.109273,0.095238,0.095238,0.0,0.0
frozen_state,11,L,399,0.07218,0.090226,0.090226,0.0,0.0
frozen_state,11,M,399,0.154637,0.072682,0.072682,0.0,0.0
frozen_state,11,MP,399,0.083459,0.140351,0.140351,0.0,0.0
frozen_state,11,S,399,0.242356,0.087719,0.087719,0.0,0.0
frozen_state,11,SD,399,0.185464,0.087719,0.087719,0.0,0.0
frozen_state,11,V,399,0.104762,0.12782,0.12782,0.0,0.0
independent_walk,1,C,399,0.009388,0.919799,0.919799,0.003056,0.12222
independent_walk,1,KD,399,0.013665,0.867168,0.877193,0.002331,0.12012
independent_walk,1,L,399,0.009359,0.912281,0.912281,0.001454,0.033726
independent_walk,1,M,399,0.018414,0.837093,0.877193,0.011597,0.192739
independent_walk,1,MP,399,0.010066,0.902256,0.902256,0.002074,0.046994
independent_walk,1,S,399,0.033249,0.719298,0.849624,0.018098,0.212462
independent_walk,1,SD,399,0.02312,0.776942,0.942356,0.011411,0.207655
independent_walk,1,V,399,0.015451,0.867168,0.897243,0.003899,0.164322
independent_walk,2,C,399,0.019774,0.807018,0.854637,0.007156,0.165458
independent_walk,2,KD,399,0.023332,0.759398,0.907268,0.005338,0.219198
independent_walk,2,L,399,0.017979,0.824561,0.839599,0.003232,0.133445
independent_walk,2,M,399,0.03221,0.691729,0.937343,0.033052,0.215443
independent_walk,2,MP,399,0.017848,0.824561,0.899749,0.004757,0.198343
independent_walk,2,S,399,0.048664,0.556391,0.922306,0.050185,0.245916
independent_walk,2,SD,399,0.037719,0.634085,0.947368,0.029294,0.232609
independent_walk,2,V,399,0.024109,0.774436,0.927318,0.009024,0.215597
independent_walk,3,C,399,0.026627,0.721805,0.822055,0.011303,0.183595
independent_walk,3,KD,399,0.031496,0.681704,0.929825,0.008259,0.263696
independent_walk,3,L,399,0.023762,0.754386,0.794486,0.004764,0.160862
independent_walk,3,M,399,0.042946,0.566416,0.934837,0.078497,0.255307
independent_walk,3,MP,399,0.025546,0.729323,0.897243,0.007049,0.218414
independent_walk,3,S,399,0.06466,0.423559,0.85213,0.110231,0.32314
independent_walk,3,SD,399,0.049876,0.521303,0.889724,0.064409,0.269909
independent_walk,3,V,399,0.032547,0.669173,0.954887,0.01384,0.231653
independent_walk,4,C,399,0.034332,0.631579,0.822055,0.017144,0.199626
independent_walk,4,KD,399,0.039299,0.609023,0.919799,0.01247,0.285334
independent_walk,4,L,399,0.029586,0.686717,0.781955,0.006604,0.180422
independent_walk,4,M,399,0.054527,0.466165,0.902256,0.134875,0.342099
independent_walk,4,MP,399,0.029644,0.686717,0.894737,0.009766,0.22836
independent_walk,4,S,399,0.079937,0.338346,0.844612,0.15251,0.39372
independent_walk,4,SD,399,0.06156,0.408521,0.859649,0.148283,0.36255
independent_walk,4,V,399,0.040417,0.558897,0.957393,0.02037,0.247472
independent_walk,5,C,399,0.039054,0.558897,0.849624,0.027151,0.216208
independent_walk,5,KD,399,0.04622,0.546366,0.934837,0.02447,0.298406
independent_walk,5,L,399,0.034463,0.639098,0.746867,0.008892,0.195414
independent_walk,5,M,399,0.063675,0.406015,0.877193,0.153422,0.37852
independent_walk,5,MP,399,0.034767,0.629073,0.887218,0.013265,0.236636
independent_walk,5,S,399,0.094001,0.360902,0.81203,0.171206,0.434255
independent_walk,5,SD,399,0.075633,0.338346,0.882206,0.170558,0.405524
independent_walk,5,V,399,0.047414,0.506266,0.924812,0.030025,0.269098
independent_walk,6,C,399,0.044541,0.488722,0.862155,0.059389,0.235597
independent_walk,6,KD,399,0.053418,0.481203,0.919799,0.073669,0.310383
independent_walk,6,L,399,0.038073,0.598997,0.746867,0.012176,0.206651
independent_walk,6,M,399,0.073728,0.328321,0.864662,0.164768,0.404819
independent_walk,6,MP,399,0.040601,0.553885,0.889724,0.018219,0.245485
independent_walk,6,S,399,0.10796,0.443609,0.796992,0.185107,0.473443
independent_walk,6,SD,399,0.084436,0.343358,0.87218,0.181635,0.431413
independent_walk,6,V,399,0.052474,0.47619,0.894737,0.058318,0.312825
independent_walk,7,C,399,0.051726,0.423559,0.874687,0.09691,0.263209
independent_walk,7,KD,399,0.059652,0.43609,0.927318,0.103441,0.326848
independent_walk,7,L,399,0.042202,0.556391,0.756892,0.023188,0.217032
independent_walk,7,M,399,0.082459,0.293233,0.897243,0.174371,0.433301
independent_walk,7,MP,399,0.045668,0.508772,0.877193,0.03035,0.257384
independent_walk,7,S,399,0.126106,0.443609,0.761905,0.197708,0.51645
independent_walk,7,SD,399,0.093459,0.380952,0.862155,0.190638,0.457155
independent_walk,7,V,399,0.057778,0.443609,0.882206,0.122056,0.357635
independent_walk,8,C,399,0.054484,0.401003,0.892231,0.113151,0.288633
independent_walk,8,KD,399,0.064421,0.406015,0.917293,0.120677,0.355293
independent_walk,8,L,399,0.044761,0.52381,0.799499,0.056886,0.229636
independent_walk,8,M,399,0.090181,0.308271,0.887218,0.183476,0.466889
independent_walk,8,MP,399,0.050899,0.463659,0.887218,0.070421,0.276597
independent_walk,8,S,399,0.141986,0.431078,0.766917,0.210293,0.559944
independent_walk,8,SD,399,0.106271,0.406015,0.827068,0.198927,0.487361
independent_walk,8,V,399,0.062983,0.43609,0.899749,0.158727,0.391656
independent_walk,9,C,399,0.060351,0.358396,0.87218,0.12262,0.308547
independent_walk,9,KD,399,0.071261,0.363409,0.904762,0.135579,0.388729
independent_walk,9,L,399,0.049043,0.491228,0.85213,0.087255,0.245985
independent_walk,9,M,399,0.098658,0.358396,0.854637,0.192659,0.503244
independent_walk,9,MP,399,0.054839,0.423559,0.912281,0.112957,0.308591
independent_walk,9,S,399,0.15109,0.433584,0.779449,0.222944,0.597333
independent_walk,9,SD,399,0.114989,0.458647,0.814536,0.207016,0.524831
independent_walk,9,V,399,0.068035,0.438596,0.917293,0.17331,0.41407
independent_walk,10,C,399,0.063738,0.35589,0.859649,0.129412,0.323873
independent_walk,10,KD,399,0.077269,0.363409,0.914787,0.148047,0.415524
independent_walk,10,L,399,0.052658,0.45614,0.879699,0.10307,0.263259
independent_walk,10,M,399,0.106834,0.421053,0.817043,0.201772,0.535102
independent_walk,10,MP,399,0.060075,0.421053,0.899749,0.133827,0.343652
independent_walk,10,S,399,0.166117,0.408521,0.756892,0.235836,0.633044
independent_walk,10,SD,399,0.126471,0.506266,0.81203,0.2157,0.561102
independent_walk,10,V,399,0.073895,0.43609,0.899749,0.18101,0.43052
independent_walk,11,C,399,0.069175,0.320802,0.844612,0.134892,0.33734
independent_walk,11,KD,399,0.082167,0.373434,0.914787,0.158266,0.43782
independent_walk,11,L,399,0.056933,0.428571,0.909774,0.109537,0.279635
independent_walk,11,M,399,0.113268,0.471178,0.807018,0.211485,0.562263
independent_walk,11,MP,399,0.063885,0.426065,0.892231,0.145377,0.369442
independent_walk,11,S,399,0.185768,0.408521,0.724311,0.249384,0.667505
independent_walk,11,SD,399,0.138936,0.491228,0.799499,0.224608,0.590501
independent_walk,11,V,399,0.07958,0.43609,0.892231,0.186694,0.444771
