model,tier,target_year,horizon_days,seed,draws,k_outer,training_residual_years,h,es_9cat,es_8party,crps_8party_mean,crps_all9_mean,coverage_50,coverage_80,coverage_90,mean_width_50,mean_width_80,mean_width_90,coverage_50_8party,coverage_80_8party,coverage_90_8party,mean_lambda,p05_lambda,fraction_lambda_lt_0_99,fraction_lambda_lt_0_90,fraction_lambda_lt_0_75,min_lambda,p01_lambda,p10_lambda,fraction_lambda_lt_1,crps_M,crps_L,crps_C,crps_KD,crps_S,crps_V,crps_MP,crps_SD,crps_REST,min_lambda_ok,elapsed_seconds,mandate_law,first_divisor,geography_mode,geography_baseline_year,seat_energy_score,seat_crps_8party_mean,seat_coverage_50,seat_coverage_80,seat_coverage_90,seat_crps_M,seat_crps_L,seat_crps_C,seat_crps_KD,seat_crps_S,seat_crps_V,seat_crps_MP,seat_crps_SD,coalition_brier_mean_over_masks,complement_symmetry_max_abs_diff,complement_symmetry_holds,seat_total_always_349,min_vote_pct,max_abs_sum_deviation,any_nonfinite,distinct_vote_rows,distinct_seat_rows,mc_mean_seats,mc_mean_vote_pct,atom_index_counts
CONTROL_pp_centered_noise,tier1,2014,14,12345,20000,3,2002|2006|2010,,3.5684433067531485,3.5222486346256905,0.9748930802278626,0.923995811415534,0.3333333333333333,0.3333333333333333,0.3333333333333333,1.5498235432098757,1.5498235432098757,1.5498235432098757,0.375,0.375,0.375,1.0,1.0,0.0,0.0,0.0,1.0,1.0,1.0,0.0,0.5956259687639036,0.5115916038541496,0.27041019464353044,0.45292656209576265,0.8534022602501092,0.7647726565617902,1.6541851966078465,2.696230199045808,0.5168176609169044,True,13.98,,,,,,,,,,,,,,,,,,,,,,,,,,,,,
CONTROL_pp_centered_noise,tier1,2014,14,24680,20000,3,2002|2006|2010,,3.564693433258788,3.518926994185686,0.9733802190705547,0.9221953031852337,0.3333333333333333,0.3333333333333333,0.3333333333333333,1.5498235432098757,1.5498235432098757,1.5498235432098757,0.375,0.375,0.375,1.0,1.0,0.0,0.0,0.0,1.0,1.0,1.0,0.0,0.6025231589752627,0.5267635151829323,0.2699423210408815,0.4521409753106106,0.8420584087073256,0.753467990978843,1.6494327612985427,2.6907126210700403,0.5127159761026647,True,14.29,,,,,,,,,,,,,,,,,,,,,,,,,,,,,
CONTROL_pp_centered_noise,tier1,2014,14,98765,20000,3,2002|2006|2010,,3.5673625111844824,3.521188072561759,0.9745793068561814,0.9236889891469833,0.3333333333333333,0.3333333333333333,0.3333333333333333,1.5498235432098757,1.5498235432098757,1.5498235432098757,0.375,0.375,0.375,1.0,1.0,0.0,0.0,0.0,1.0,1.0,1.0,0.0,0.5938455395736537,0.5160648438735955,0.26970817048311335,0.4539394169029572,0.8528441675333785,0.7639841865632665,1.6502104097874715,2.696037720132014,0.516566447473398,True,14.01,,,,,,,,,,,,,,,,,,,,,,,,,,,,,
CONTROL_pp_centered_noise,tier1,2014,14,54321,20000,3,2002|2006|2010,,3.5659993331688318,3.5200416912005004,0.9739571410617858,0.922909106165268,0.3333333333333333,0.3333333333333333,0.3333333333333333,1.5498235432098757,1.5498235432098757,1.5498235432098757,0.375,0.375,0.375,1.0,1.0,0.0,0.0,0.0,1.0,1.0,1.0,0.0,0.5986473794146938,0.5213352570460077,0.26989802131461627,0.45287361349475275,0.8471085950261408,0.7584177343477053,1.6501772329211912,2.6931992949291788,0.514524826993127,True,14.11,,,,,,,,,,,,,,,,,,,,,,,,,,,,,
CONTROL_pp_centered_noise,tier1,2014,14,13579,20000,3,2002|2006|2010,,3.5690279273008882,3.5226531139729973,0.9752626752215996,0.924508843074396,0.3333333333333333,0.3333333333333333,0.3333333333333333,1.5498235432098757,1.5498235432098757,1.5498235432098757,0.375,0.375,0.375,1.0,1.0,0.0,0.0,0.0,1.0,1.0,1.0,0.0,0.5902613197582938,0.5097967239357613,0.2697955635081163,0.45452266429435273,0.8581664532298675,0.7692347151270353,1.6516856982869912,2.6986382636323785,0.518478185896767,True,14.22,,,,,,,,,,,,,,,,,,,,,,,,,,,,,
CONTROL_pp_centered_noise,tier1,2018,14,12345,20000,4,2002|2006|2010|2014,,3.863088316782824,3.6172092523741965,0.8848267682109245,0.9476010173462781,0.3333333333333333,0.4444444444444444,0.4444444444444444,1.8041538148148146,1.8888171234567896,1.8888171234567896,0.375,0.5,0.5,1.0,1.0,0.0,0.0,0.0,1.0,1.0,1.0,0.0,1.233376808716789,0.25892725906958913,0.2581140458609234,0.15549498804212458,2.717318335636639,1.509539672634157,0.3693360589814966,0.5765069767456774,1.449795010429106,True,14.36,,,,,,,,,,,,,,,,,,,,,,,,,,,,,
CONTROL_pp_centered_noise,tier1,2018,14,24680,20000,4,2002|2006|2010|2014,,3.8682873407851757,3.62100714588109,0.8861362081760065,0.9492338844620725,0.2222222222222222,0.4444444444444444,0.4444444444444444,0.6257070246913576,1.8888171234567896,1.8888171234567896,0.25,0.5,0.5,1.0,1.0,0.0,0.0,0.0,1.0,1.0,1.0,0.0,1.2359817584762267,0.2583497907276111,0.25729670020775486,0.15486597941743505,2.726087724810906,1.5192460420234823,0.3710981556711436,0.5661635140734927,1.4540152947506013,True,14.51,,,,,,,,,,,,,,,,,,,,,,,,,,,,,
CONTROL_pp_centered_noise,tier1,2018,14,98765,20000,4,2002|2006|2010|2014,,3.8649784744599422,3.618221299154919,0.8856275179049695,0.948572942823943,0.3333333333333333,0.4444444444444444,0.4444444444444444,1.5009041358024686,1.8888171234567896,1.8888171234567896,0.375,0.5,0.5,1.0,1.0,0.0,0.0,0.0,1.0,1.0,1.0,0.0,1.2526527481871559,0.2670684840603711,0.2575671751611325,0.15576676907115283,2.7038128734007034,1.510132513541981,0.3742118691197637,0.5638077106974952,1.4521363421757303,True,14.36,,,,,,,,,,,,,,,,,,,,,,,,,,,,,
CONTROL_pp_centered_noise,tier1,2018,14,54321,20000,4,2002|2006|2010|2014,,3.8653155164798427,3.618439802101946,0.8850255508475908,0.9480803802297054,0.3333333333333333,0.4444444444444444,0.4444444444444444,1.5009041358024686,1.8888171234567896,1.8888171234567896,0.375,0.5,0.5,1.0,1.0,0.0,0.0,0.0,1.0,1.0,1.0,0.0,1.2358424689508904,0.26246168155775085,0.2588930834662677,0.1534894723162051,2.7197600300634104,1.5147992594416269,0.36684165899409404,0.5681167519904808,1.452519015286623,True,14.42,,,,,,,,,,,,,,,,,,,,,,,,,,,,,
CONTROL_pp_centered_noise,tier1,2018,14,13579,20000,4,2002|2006|2010|2014,,3.8668812663321592,3.6200730149197757,0.8856244295171447,0.9486281459037637,0.3333333333333333,0.4444444444444444,0.4444444444444444,0.9647006049382715,1.8888171234567896,1.8888171234567896,0.375,0.5,0.5,1.0,1.0,0.0,0.0,0.0,1.0,1.0,1.0,0.0,1.229113243533084,0.2561420752902225,0.25776074570588897,0.1546499469503334,2.7292656443244887,1.5176669545158572,0.3687254095138266,0.5716714163034573,1.4526578769967162,True,14.46,,,,,,,,,,,,,,,,,,,,,,,,,,,,,
CONTROL_pp_centered_noise,tier1,2022,14,12345,20000,5,2002|2006|2010|2014|2018,,1.9587793614903537,1.9188163485708254,0.46935182440129053,0.4377902182751863,0.2222222222222222,0.6666666666666666,0.6666666666666666,1.000822567901234,2.3077046913580244,2.3077046913580244,0.125,0.625,0.625,1.0,1.0,0.0,0.0,0.0,1.0,1.0,1.0,0.0,0.6998205501901298,0.19937799436868464,0.4406232727696957,0.17514934558947914,0.9562388923627738,0.5143194365573209,0.3896722098144134,0.3796128935578269,0.18529736926635298,True,18.45,,,,,,,,,,,,,,,,,,,,,,,,,,,,,
CONTROL_pp_centered_noise,tier1,2022,14,24680,20000,5,2002|2006|2010|2014|2018,,1.9672115689410856,1.9280499890598117,0.4719965934317446,0.439924104020938,0.2222222222222222,0.6666666666666666,0.6666666666666666,1.000822567901234,2.3077046913580244,2.3077046913580244,0.125,0.625,0.625,1.0,1.0,0.0,0.0,0.0,1.0,1.0,1.0,0.0,0.7094914558764954,0.20048791831919155,0.44517178167324434,0.17239205126544466,0.9598571601419302,0.5188357233092276,0.39269682603393274,0.37703983083449044,0.1833441887344855,True,18.74,,,,,,,,,,,,,,,,,,,,,,,,,,,,,
CONTROL_pp_centered_noise,tier1,2022,14,98765,20000,5,2002|2006|2010|2014|2018,,1.9595038119038566,1.9200374551296733,0.4704026381310915,0.438500172157728,0.2222222222222222,0.6666666666666666,0.6666666666666666,1.000822567901234,2.3077046913580244,2.3077046913580244,0.125,0.625,0.625,1.0,1.0,0.0,0.0,0.0,1.0,1.0,1.0,0.0,0.6990749230748721,0.19873626184126514,0.4389662736784412,0.17629665113695686,0.9672574598767344,0.5230985668194761,0.387092745822356,0.3726982227986301,0.18328044437082025,True,18.69,,,,,,,,,,,,,,,,,,,,,,,,,,,,,
CONTROL_pp_centered_noise,tier1,2022,14,54321,20000,5,2002|2006|2010|2014|2018,,1.9772235801664428,1.9388721322292988,0.474412134769843,0.44193236106009953,0.2222222222222222,0.6666666666666666,0.6666666666666666,1.000822567901234,2.3077046913580244,2.3077046913580244,0.125,0.625,0.625,1.0,1.0,0.0,0.0,0.0,1.0,1.0,1.0,0.0,0.7179445767293873,0.2014592232386635,0.4493406753099658,0.16834950401693682,0.9622193122779024,0.5194350530739296,0.39478224691747343,0.381766486594485,0.18209417138215195,True,18.8,,,,,,,,,,,,,,,,,,,,,,,,,,,,,
CONTROL_pp_centered_noise,tier1,2022,14,13579,20000,5,2002|2006|2010|2014|2018,,1.971665840348524,1.9328162889097658,0.47261779678073834,0.4404392044331703,0.2222222222222222,0.6666666666666666,0.6666666666666666,1.000822567901234,2.3077046913580244,2.3077046913580244,0.125,0.625,0.625,1.0,1.0,0.0,0.0,0.0,1.0,1.0,1.0,0.0,0.7171843549942492,0.20262651171141904,0.4466004102166624,0.17152542266409854,0.9548388163862377,0.5169583105680176,0.3933942697441168,0.3778142779611058,0.18301046565262635,True,18.53,,,,,,,,,,,,,,,,,,,,,,,,,,,,,
CONTROL_pp_centered_noise,tier3_iso,2014,14,12345,20000,3,2002|2006|2010,,,,,,,,,,,,,,,1.0,1.0,0.0,0.0,0.0,1.0,1.0,1.0,0.0,,,,,,,,,,True,8.51,PRE_2018,7/5,chronological,2010,14.1766,3.888375,0.625,0.625,0.625,1.4283,2.1899,1.2258,2.6644,2.4584,2.6806,6.4573,12.0023,0.044564971377952754,0.0,True,True,4.35021762962963,1.4210854715202004e-14,False,3,3,80.350650|22.972200|23.012200|19.328100|109.651050|25.010400|32.342050|36.333350,21.96225939|6.28229623|6.27289035|5.20446880|29.90862917|6.84709542|8.80956334|9.97088751|4.74190978,6632|6771|6597
CONTROL_pp_centered_noise,tier3_iso,2014,14,24680,20000,3,2002|2006|2010,,,,,,,,,,,,,,,1.0,1.0,0.0,0.0,0.0,1.0,1.0,1.0,0.0,,,,,,,,,,True,9.36,PRE_2018,7/5,chronological,2010,14.1731,3.888975,0.625,0.625,0.625,1.4735,2.2621,1.2214,2.6652,2.4202,2.6394,6.4375,11.9925,0.044656574271653544,0.0,True,True,4.35021762962963,1.4210854715202004e-14,False,3,3,80.294650|23.036600|22.994150|19.334550|109.692900|24.979500|32.329800|36.337850,21.94934413|6.29872218|6.26816517|5.20518596|29.91982375|6.83805751|8.80705427|9.97493599|4.73871104,6735|6552|6713
CONTROL_pp_centered_noise,tier3_iso,2014,14,98765,20000,3,2002|2006|2010,,,,,,,,,,,,,,,1.0,1.0,0.0,0.0,0.0,1.0,1.0,1.0,0.0,,,,,,,,,,True,8.92,PRE_2018,7/5,chronological,2010,14.1768,3.889225,0.625,0.625,0.625,1.4328,2.2121,1.2208,2.6691,2.4541,2.6785,6.4422,12.0042,0.044624490255905515,0.0,True,True,4.35021762962963,1.4210854715202004e-14,False,3,3,80.351450|22.989400|22.997250|19.335450|109.656600|25.008900|32.330900|36.330050,21.96321216|6.28671330|6.26921429|5.20608869|29.90917966|6.84630390|8.80664084|9.97096891|4.74167826,6637|6690|6673
CONTROL_pp_centered_noise,tier3_iso,2014,14,54321,20000,3,2002|2006|2010,,,,,,,,,,,,,,,1.0,1.0,0.0,0.0,0.0,1.0,1.0,1.0,0.0,,,,,,,,,,True,8.94,PRE_2018,7/5,chronological,2010,14.1746,3.8889500000000004,0.625,0.625,0.625,1.4541,2.2366,1.2216,2.6665,2.4363,2.6577,6.4411,11.9977,0.04463551631889764,1.6653345369377348e-16,True,True,4.35021762962963,1.4210854715202004e-14,False,3,3,80.320950|23.013000|22.997050|19.334250|109.675500|24.993300|32.331400|36.334550,21.95569143|6.29271374|6.26901147|5.20544696|29.91482682|6.84196448|8.80714775|9.97308571|4.74011164,6689|6624|6687
CONTROL_pp_centered_noise,tier3_iso,2014,14,13579,20000,3,2002|2006|2010,,,,,,,,,,,,,,,1.0,1.0,0.0,0.0,0.0,1.0,1.0,1.0,0.0,,,,,,,,,,True,8.92,PRE_2018,7/5,chronological,2010,14.1788,3.8891999999999998,0.625,0.625,0.625,1.4124,2.1824,1.2219,2.6696,2.4716,2.6978,6.4486,12.0093,0.04459365466535433,0.0,True,True,4.35021762962963,1.4210854715202004e-14,False,3,3,80.378250|22.962200|23.002850|19.333850|109.637800|25.023300|32.334500|36.327250,21.96954651|6.27978163|6.27072774|5.20607114|29.90396418|6.85044526|8.80725059|9.96905924|4.74315370,6589|6778|6633
CONTROL_pp_centered_noise,tier3_iso,2018,14,12345,20000,4,2002|2006|2010|2014,,,,,,,,,,,,,,,1.0,1.0,0.0,0.0,0.0,1.0,1.0,1.0,0.0,,,,,,,,,,True,10.4,POST_2018,6/5,chronological,2014,11.9787,2.9977125,0.5,0.5,0.5,3.1168,0.8703,0.8141,0.1868,7.9917,6.4169,1.4952,3.0899,0.015328754251968503,2.7755575615628914e-17,True,True,2.80654775,0.0,False,4,4,63.997850|21.503400|30.747850|21.744650|90.502600|35.730800|17.984650|66.788200,17.77412214|5.95658516|8.52847157|6.07353344|25.09728262|9.87225305|4.97924270|18.59651516|3.12199416,5020|4959|4933|5088
CONTROL_pp_centered_noise,tier3_iso,2018,14,24680,20000,4,2002|2006|2010|2014,,,,,,,,,,,,,,,1.0,1.0,0.0,0.0,0.0,1.0,1.0,1.0,0.0,,,,,,,,,,True,12.79,POST_2018,6/5,chronological,2014,11.986,3.0013875,0.375,0.5,0.5,3.1169,0.8697,0.8105,0.1855,8.0191,6.4534,1.5026,3.0534,0.015221611909448818,1.3877787807814457e-17,True,True,2.80654775,0.0,False,4,4,64.019850|21.482300|30.751300|21.753300|90.487700|35.763050|18.003250|66.739250,17.77779173|5.95222444|8.53009762|6.07509580|25.09211234|9.88116000|4.98276728|18.58261591|3.12613488,4963|5058|4992|4987
CONTROL_pp_centered_noise,tier3_iso,2018,14,98765,20000,4,2002|2006|2010|2014,,,,,,,,,,,,,,,1.0,1.0,0.0,0.0,0.0,1.0,1.0,1.0,0.0,,,,,,,,,,True,12.03,POST_2018,6/5,chronological,2014,11.9755,3.0002750000000002,0.375,0.5,0.5,3.1738,0.8987,0.8126,0.1941,7.9464,6.4181,1.5124,3.0461,0.01520147757874016,5.551115123125783e-17,True,True,2.80654775,0.0,False,4,4,63.928150|21.540700|30.761900|21.743600|90.539600|35.737850|18.028850|66.719350,17.75308126|5.96804615|8.53271277|6.07348869|25.10767082|9.87426575|4.98953373|18.57666486|3.12453598,5097|4950|5066|4887
CONTROL_pp_centered_noise,tier3_iso,2018,14,54321,20000,4,2002|2006|2010|2014,,,,,,,,,,,,,,,1.0,1.0,0.0,0.0,0.0,1.0,1.0,1.0,0.0,,,,,,,,,,True,14.33,POST_2018,6/5,chronological,2014,11.9812,2.999175,0.375,0.5,0.5,3.1216,0.8806,0.8174,0.1901,7.9988,6.4375,1.486,3.0614,0.015310577696850394,1.3877787807814457e-17,True,True,2.80654775,0.0,False,4,4,64.003050|21.520300|30.735850|21.754800|90.500950|35.750150|17.986600|66.748300,17.77483450|5.96186738|8.52477032|6.07687532|25.09627730|9.87705837|4.97870938|18.58495149|3.12465594,5002|4903|5100|4995
CONTROL_pp_centered_noise,tier3_iso,2018,14,13579,20000,4,2002|2006|2010|2014,,,,,,,,,,,,,,,1.0,1.0,0.0,0.0,0.0,1.0,1.0,1.0,0.0,,,,,,,,,,True,14.42,POST_2018,6/5,chronological,2014,11.9861,2.999975,0.5,0.5,0.5,3.098,0.8614,0.8122,0.1837,8.0301,6.4479,1.4939,3.0726,0.015286640866141734,1.1102230246251565e-16,True,True,2.80654775,0.0,False,4,4,64.040050|21.476000|30.744150|21.753150|90.477800|35.756300|17.984250|66.768300,17.78440592|5.94985238|8.52780575|6.07521331|25.08947101|9.87920341|4.97838608|18.59093855|3.12472358,4946|5033|4955|5066
CONTROL_pp_centered_noise,tier3_iso,2022,14,12345,20000,5,2002|2006|2010|2014|2018,,,,,,,,,,,,,,,1.0,1.0,0.0,0.0,0.0,1.0,1.0,1.0,0.0,,,,,,,,,,True,28.8,POST_2018,6/5,chronological,2018,6.5759,1.5740249999999998,0.625,0.875,0.875,2.6129,0.8376,1.5077,0.6091,3.1189,1.5504,1.2308,1.1248,0.020091481456692914,1.1102230246251565e-16,True,True,0.3151510000000002,1.4210854715202004e-14,False,5,5,62.433550|17.003500|26.383800|20.012100|102.200800|26.989500|19.786500|74.190250,17.65735733|4.87796036|7.42197789|5.64808857|28.84044595|7.64670303|5.63377958|21.03123772|1.24244956,3973|3928|4022|4030|4047
CONTROL_pp_centered_noise,tier3_iso,2022,14,24680,20000,5,2002|2006|2010|2014|2018,,,,,,,,,,,,,,,1.0,1.0,0.0,0.0,0.0,1.0,1.0,1.0,0.0,,,,,,,,,,True,24.73,POST_2018,6/5,chronological,2018,6.6042,1.5819874999999999,0.625,0.875,0.875,2.6455,0.8401,1.5224,0.598,3.1261,1.5671,1.2404,1.1163,0.020172293622047244,1.6653345369377348e-16,True,True,0.3151510000000002,1.4210854715202004e-14,False,5,5,62.397150|16.996950|26.402950|19.997950|102.195450|27.007500|19.801700|74.200350,17.64494641|4.87657117|7.42744135|5.64372873|28.83759003|7.65186760|5.63794806|21.03261489|1.24729175,3996|4025|4006|3988|3985
CONTROL_pp_centered_noise,tier3_iso,2022,14,98765,20000,5,2002|2006|2010|2014|2018,,,,,,,,,,,,,,,1.0,1.0,0.0,0.0,0.0,1.0,1.0,1.0,0.0,,,,,,,,,,True,26.04,POST_2018,6/5,chronological,2018,6.5757,1.5768,0.625,0.875,0.875,2.6064,0.8363,1.5026,0.6134,3.1547,1.5842,1.2174,1.0994,0.020124378622047242,2.220446049250313e-16,True,True,0.3151510000000002,1.4210854715202004e-14,False,5,5,62.468900|16.995350|26.375550|20.021550|102.175750|27.025200|19.779500|74.158200,17.66526074|4.87485974|7.41971681|5.65070867|28.83211126|7.65616560|5.63261591|21.02146182|1.24709945,3901|3969|4134|3962|4034
CONTROL_pp_centered_noise,tier3_iso,2022,14,54321,20000,5,2002|2006|2010|2014|2018,,,,,,,,,,,,,,,1.0,1.0,0.0,0.0,0.0,1.0,1.0,1.0,0.0,,,,,,,,,,True,19.63,POST_2018,6/5,chronological,2018,6.6388,1.590325,0.625,0.875,0.875,2.6805,0.8408,1.5379,0.5833,3.1279,1.5693,1.2508,1.1321,0.020139105393700788,1.6653345369377348e-16,True,True,0.3151510000000002,1.4210854715202004e-14,False,5,5,62.347050|16.987900|26.423400|19.976100|102.190200|27.007800|19.806000|74.261550,17.62999420|4.87528109|7.43274600|5.63663883|28.83494386|7.65218920|5.63873907|21.04900476|1.25046298,4051|4088|3914|4048|3899
CONTROL_pp_centered_noise,tier3_iso,2022,14,13579,20000,5,2002|2006|2010|2014|2018,,,,,,,,,,,,,,,1.0,1.0,0.0,0.0,0.0,1.0,1.0,1.0,0.0,,,,,,,,,,True,28.57,POST_2018,6/5,chronological,2018,6.6223,1.5838125,0.625,0.875,0.875,2.6744,0.8474,1.5282,0.5955,3.1064,1.5599,1.2428,1.1159,0.020210640826771653,2.0816681711721685e-17,True,True,0.3151510000000002,1.4210854715202004e-14,False,5,5,62.347800|17.016300|26.411750|19.990000|102.210200|27.000750|19.810000|74.213200,17.63113580|4.88234082|7.42949440|5.64087678|28.84154023|7.65001203|5.63988176|21.03648466|1.24823351,4061|3997|4019|3973|3950
CHALLENGER_A_smoothed_bootstrap,tier1,2014,14,12345,20000,3,2002|2006|2010,0.75,3.4011546694875343,3.3582606987869585,0.9489540255418303,0.8977029547607996,0.1111111111111111,0.4444444444444444,0.5555555555555556,1.0578384278412893,1.8091219855182403,2.1878643021160573,0.125,0.5,0.625,1.0,1.0,0.0,0.0,0.0,1.0,1.0,1.0,0.0,0.7377427028429568,0.5204857154762881,0.16902273384288413,0.4417712853615373,0.6938539537952508,0.7383722911421067,1.6370762616086574,2.6533072602649614,0.4876943885125543,True,50.27,,,,,,,,,,,,,,,,,,,,,,,,,,,,,
CHALLENGER_A_smoothed_bootstrap,tier1,2014,14,24680,20000,3,2002|2006|2010,0.75,3.4005759098621624,3.357202356782841,0.9494131514966735,0.8985474602016753,0.1111111111111111,0.4444444444444444,0.5555555555555556,1.0505154810969293,1.8084378312049516,2.1815461047397613,0.125,0.5,0.625,1.0,1.0,0.0,0.0,0.0,1.0,1.0,1.0,0.0,0.7219831174340825,0.5209098700265531,0.1649011717172087,0.44969796621061503,0.7047930282010966,0.747260750572873,1.6261022040405164,2.6596571037704426,0.49162192984169106,True,57.22,,,,,,,,,,,,,,,,,,,,,,,,,,,,,
CHALLENGER_A_smoothed_bootstrap,tier1,2014,14,98765,20000,3,2002|2006|2010,0.75,3.402093558138315,3.3584684094708614,0.9503775032243875,0.8996869266270294,0.1111111111111111,0.4444444444444444,0.5555555555555556,1.0425378925598716,1.8058528732093286,2.1879202957169652,0.125,0.5,0.625,1.0,1.0,0.0,0.0,0.0,1.0,1.0,1.0,0.0,0.7197716754770114,0.5133186627076864,0.16489373384668382,0.45001824207630625,0.710712611582746,0.7533612924104921,1.6278814088183275,2.6630623988758453,0.4941623138481641,True,58.2,,,,,,,,,,,,,,,,,,,,,,,,,,,,,
CHALLENGER_A_smoothed_bootstrap,tier1,2014,14,54321,20000,3,2002|2006|2010,0.75,3.403863529587152,3.3608204491498013,0.9500544641423294,0.8989123135445927,0.1111111111111111,0.4444444444444444,0.5555555555555556,1.0473625033694494,1.7991554306969664,2.172805238572838,0.125,0.5,0.625,1.0,1.0,0.0,0.0,0.0,1.0,1.0,1.0,0.0,0.7369799406974584,0.5182009736946972,0.1666232528953836,0.44416027526788115,0.6955854934009114,0.7417797858474803,1.6404496640104165,2.6566563273244066,0.48977510876269775,True,55.24,,,,,,,,,,,,,,,,,,,,,,,,,,,,,
CHALLENGER_A_smoothed_bootstrap,tier1,2014,14,13579,20000,3,2002|2006|2010,0.75,3.4044528349978718,3.360891374945458,0.950562586387116,0.8998439087364668,0.1111111111111111,0.4444444444444444,0.5555555555555556,1.0418293159111134,1.7933877233489204,2.1791013238432293,0.125,0.5,0.625,1.0,1.0,0.0,0.0,0.0,1.0,1.0,1.0,0.0,0.7215283359787397,0.5105210524844718,0.16756504145371803,0.4463005312090651,0.7083609400158262,0.7534014788356475,1.6344033989993425,2.6624199121201175,0.4940944875312743,True,52.91,,,,,,,,,,,,,,,,,,,,,,,,,,,,,
CHALLENGER_A_smoothed_bootstrap,tier1,2018,14,12345,20000,4,2002|2006|2010|2014,0.75,3.7234929158744414,3.478767773861785,0.8561656905605605,0.9210737532752612,0.2222222222222222,0.5555555555555556,0.6666666666666666,1.0895162451508282,1.9892170898429713,2.4303062818306147,0.25,0.625,0.75,1.0,1.0,0.0,0.0,0.0,1.0,1.0,1.0,0.0,1.227166893721138,0.26842448155735316,0.15251173009460955,0.1425068918556335,2.627831177838118,1.4975806923167,0.3408472204674763,0.5924564366334547,1.4403382549928678,True,33.44,,,,,,,,,,,,,,,,,,,,,,,,,,,,,
CHALLENGER_A_smoothed_bootstrap,tier1,2018,14,24680,20000,4,2002|2006|2010|2014,0.75,3.720445223812657,3.4765938918630583,0.8558990950504608,0.9206341883592578,0.2222222222222222,0.5555555555555556,0.6666666666666666,1.0910039139110006,1.9968733674640997,2.444255473949505,0.25,0.625,0.75,1.0,1.0,0.0,0.0,0.0,1.0,1.0,1.0,0.0,1.2284943398795272,0.2710622484153916,0.1532878268529378,0.14310003804440635,2.618407136740526,1.4922261984424439,0.3394487559733842,0.6011662160550704,1.4385149348296333,True,24.69,,,,,,,,,,,,,,,,,,,,,,,,,,,,,
CHALLENGER_A_smoothed_bootstrap,tier1,2018,14,98765,20000,4,2002|2006|2010|2014,0.75,3.7207439218370126,3.4763742190630307,0.8547664202296928,0.9197873318383721,0.2222222222222222,0.5555555555555556,0.6666666666666666,1.101280601282153,2.0039667355996196,2.4423618429846123,0.25,0.625,0.75,1.0,1.0,0.0,0.0,0.0,1.0,1.0,1.0,0.0,1.2217638202583663,0.2689881750346683,0.15651439450772242,0.1413739338109884,2.6224095050150233,1.4959951602419763,0.3387952412237814,0.5922911317450158,1.4399546247078066,True,26.69,,,,,,,,,,,,,,,,,,,,,,,,,,,,,
CHALLENGER_A_smoothed_bootstrap,tier1,2018,14,54321,20000,4,2002|2006|2010|2014,0.75,3.719379165849335,3.475998647359901,0.8568570347272688,0.9212656162637126,0.2222222222222222,0.5555555555555556,0.6666666666666666,1.0933456774423302,1.984612443057475,2.42387079759033,0.25,0.625,0.75,1.0,1.0,0.0,0.0,0.0,1.0,1.0,1.0,0.0,1.2348996081353043,0.27476600976128285,0.15326854274206203,0.1434372604030543,2.6167956159102763,1.4881796882569631,0.3391306473904354,0.6043789052187714,1.4365342685552638,True,24.71,,,,,,,,,,,,,,,,,,,,,,,,,,,,,
CHALLENGER_A_smoothed_bootstrap,tier1,2018,14,13579,20000,4,2002|2006|2010|2014,0.75,3.719207163057366,3.4755939047271767,0.853746835888683,0.9186578474195939,0.2222222222222222,0.5555555555555556,0.6666666666666666,1.1079748522858854,2.0074832138620695,2.447283023561952,0.25,0.625,0.75,1.0,1.0,0.0,0.0,0.0,1.0,1.0,1.0,0.0,1.2218415517101464,0.2702059816628598,0.1541902538479789,0.14361863183507073,2.61293474039529,1.4893239106320821,0.3387264976337413,0.5991331193922951,1.4379459396668801,True,26.26,,,,,,,,,,,,,,,,,,,,,,,,,,,,,
CHALLENGER_A_smoothed_bootstrap,tier1,2022,14,12345,20000,5,2002|2006|2010|2014|2018,0.75,1.823652957987757,1.7943513755817821,0.4789939260748882,0.4444317378188028,0.4444444444444444,0.7777777777777778,1.0,1.1945930547722452,2.2134337951601415,2.745176981962798,0.375,0.75,1.0,0.9989,1.0,0.0107,0.0053,0.0003,0.6640929325444437,0.9841431282842956,1.0,0.0112,0.7729884434705097,0.1884441157485119,0.44344607472023245,0.17712887799624027,0.9714306324561048,0.5584195096168696,0.3468846627480834,0.3732090918425536,0.1679342317701194,True,40.05,,,,,,,,,,,,,,,,,,,,,,,,,,,,,
CHALLENGER_A_smoothed_bootstrap,tier1,2022,14,24680,20000,5,2002|2006|2010|2014|2018,0.75,1.8139800620661564,1.7830167495601987,0.4753618805569271,0.44166546935302503,0.4444444444444444,0.7777777777777778,1.0,1.2052901697110445,2.2279829196718715,2.7548464638866874,0.375,0.75,1.0,0.9989,1.0,0.0106,0.0046,0.0003,0.6758926420401342,0.9810834558051229,1.0,0.01135,0.7704998671030409,0.18993507391490555,0.444040816716339,0.17793385641335846,0.9526820328235455,0.5434493377528723,0.35003963207406263,0.3743144276572925,0.1720941797218084,True,39.85,,,,,,,,,,,,,,,,,,,,,,,,,,,,,
CHALLENGER_A_smoothed_bootstrap,tier1,2022,14,98765,20000,5,2002|2006|2010|2014|2018,0.75,1.8200143220746157,1.7895686505202322,0.476463392926909,0.44233897393613514,0.4444444444444444,0.7777777777777778,1.0,1.2102534043987998,2.2261000244389453,2.753389294718631,0.375,0.75,1.0,0.9991,1.0,0.0098,0.0041,0.0003,0.6664634045396729,0.9918737937550355,1.0,0.0111,0.7677030740676856,0.18927349105430236,0.44083804465308457,0.1766426155501969,0.9637383963398861,0.5459635846902563,0.34245895777107743,0.3850889792887827,0.16934362200994457,True,38.64,,,,,,,,,,,,,,,,,,,,,,,,,,,,,
CHALLENGER_A_smoothed_bootstrap,tier1,2022,14,54321,20000,5,2002|2006|2010|2014|2018,0.75,1.8176083475340543,1.7874471611254048,0.47651861182300953,0.4423996199406835,0.4444444444444444,0.7777777777777778,1.0,1.1963672475833733,2.2198098089609872,2.7466134796909274,0.375,0.75,1.0,0.999,1.0,0.0097,0.0046,0.0001,0.7395704325517445,0.994492340473097,1.0,0.01045,0.7680345472771222,0.19012144012109344,0.44049638809890335,0.17734679146489063,0.9623240181243565,0.549317980871717,0.34622801237310724,0.37827971625288614,0.16944768488207523,True,38.13,,,,,,,,,,,,,,,,,,,,,,,,,,,,,
CHALLENGER_A_smoothed_bootstrap,tier1,2022,14,13579,20000,5,2002|2006|2010|2014|2018,0.75,1.8257604781626655,1.7964623159183708,0.4785110728662138,0.44411278809243915,0.4444444444444444,0.7777777777777778,1.0,1.2037750948847608,2.2242934099956466,2.737833217431076,0.375,0.75,1.0,0.9989,1.0,0.0108,0.0044,0.0006,0.627421705371713,0.9817868817367278,1.0,0.01125,0.7771023258908867,0.18894658810462156,0.4381726414991829,0.17547333191323788,0.9731906335211846,0.5537667158746855,0.3414484038688157,0.37998794225709587,0.16892650990224223,True,37.08,,,,,,,,,,,,,,,,,,,,,,,,,,,,,
CHALLENGER_A_smoothed_bootstrap,tier3_iso,2014,14,12345,20000,3,2002|2006|2010,0.75,,,,,,,,,,,,,,1.0,1.0,0.0,0.0,0.0,1.0,1.0,1.0,0.0,,,,,,,,,,True,216.76,PRE_2018,7/5,chronological,2010,13.3063,3.73745,0.25,0.625,0.625,2.0029,2.5044,0.7195,2.2853,1.8475,2.6006,6.1558,11.7836,0.04512963401574803,1.1102230246251565e-16,True,True,3.5005085402289295,2.842170943040401e-14,False,20000,1001,80.369100|22.997000|22.919800|19.003800|110.102150|24.977900|32.187100|36.443150,21.93727522|6.29834123|6.27499703|5.20118130|29.92643842|6.83368714|8.81339421|9.97765705|4.73702841,6710|6606|6684
CHALLENGER_A_smoothed_bootstrap,tier3_iso,2014,14,24680,20000,3,2002|2006|2010,0.75,,,,,,,,,,,,,,1.0,1.0,0.0,0.0,0.0,1.0,1.0,1.0,0.0,,,,,,,,,,True,219.79,PRE_2018,7/5,chronological,2010,13.3089,3.7397,0.25,0.625,0.625,1.967,2.5024,0.6991,2.319,1.8687,2.6268,6.1224,11.8122,0.04527763814960631,5.551115123125783e-17,True,True,3.682345707597573,2.842170943040401e-14,False,20000,985,80.458050|22.988800|22.874600|19.036350|110.060500|25.010800|32.149300|36.421600,21.96267585|6.29660878|6.26243045|5.20885653|29.91189732|6.84354170|8.80145007|9.97175910|4.74078021,6695|6507|6798
CHALLENGER_A_smoothed_bootstrap,tier3_iso,2014,14,98765,20000,3,2002|2006|2010,0.75,,,,,,,,,,,,,,1.0,1.0,0.0,0.0,0.0,1.0,1.0,1.0,0.0,,,,,,,,,,True,218.38,PRE_2018,7/5,chronological,2010,13.3129,3.7402249999999997,0.25,0.625,0.625,1.9522,2.4667,0.7023,2.3173,1.8866,2.6496,6.1269,11.8202,0.04528791614173228,2.220446049250313e-16,True,True,3.7362458079229723,2.842170943040401e-14,False,20000,984,80.502300|22.947150|22.887200|19.032900|110.026800|25.037750|32.153100|36.412800,21.97206795|6.28548009|6.26528290|5.20857763|29.90395613|6.84990265|8.80282395|9.96887014|4.74303856,6594|6699|6707
CHALLENGER_A_smoothed_bootstrap,tier3_iso,2014,14,54321,20000,3,2002|2006|2010,0.75,,,,,,,,,,,,,,1.0,1.0,0.0,0.0,0.0,1.0,1.0,1.0,0.0,,,,,,,,,,True,217.22,PRE_2018,7/5,chronological,2010,13.3173,3.74125,0.25,0.625,0.625,2.0065,2.4835,0.7114,2.2983,1.8586,2.6083,6.1721,11.7913,0.04525362179133858,4.163336342344337e-17,True,True,3.651056514333425,2.842170943040401e-14,False,20000,986,80.396500|22.973300|22.924450|19.011850|110.071150|24.992100|32.189450|36.441200,21.94468375|6.29215416|6.27539427|5.20173139|29.92080798|6.83803336|8.81304732|9.97555318|4.73859458,6711|6680|6609
CHALLENGER_A_smoothed_bootstrap,tier3_iso,2014,14,13579,20000,3,2002|2006|2010,0.75,,,,,,,,,,,,,,1.0,1.0,0.0,0.0,0.0,1.0,1.0,1.0,0.0,,,,,,,,,,True,218.3,PRE_2018,7/5,chronological,2010,13.3188,3.7402875,0.25,0.625,0.625,1.9584,2.4509,0.714,2.308,1.8743,2.6499,6.1485,11.8183,0.04530625257874016,2.220446049250313e-16,True,True,3.530257263368276,2.842170943040401e-14,False,20000,987,80.463650|22.924300|22.913850|19.021200|110.050900|25.032150|32.177400|36.416550,21.96474539|6.28041434|6.27288476|5.20471112|29.90678732|6.84850352|8.80933970|9.97019466|4.74241920,6571|6760|6669
CHALLENGER_A_smoothed_bootstrap,tier3_iso,2018,14,12345,20000,4,2002|2006|2010|2014,0.75,,,,,,,,,,,,,,1.0,1.0,0.0,0.0,0.0,1.0,1.0,1.0,0.0,,,,,,,,,,True,203.53,POST_2018,6/5,chronological,2014,11.1808,2.9057000000000004,0.5,0.625,0.75,3.2301,0.8883,0.5109,0.2663,7.5766,6.2871,1.2775,3.2088,0.013955109153543303,2.7755575615628914e-17,True,True,2.315852035370315,2.842170943040401e-14,False,20000,4654,64.317600|21.484400|30.822950|21.972000|90.687500|35.737650|16.791250|67.186650,17.78081466|5.95090838|8.52940457|6.07570913|25.09007377|9.88273428|4.98201148|18.58161234|3.12673139,4944|5028|5029|4999
CHALLENGER_A_smoothed_bootstrap,tier3_iso,2018,14,24680,20000,4,2002|2006|2010|2014,0.75,,,,,,,,,,,,,,1.0,1.0,0.0,0.0,0.0,1.0,1.0,1.0,0.0,,,,,,,,,,True,203.77,POST_2018,6/5,chronological,2014,11.1705,2.9068625,0.5,0.625,0.75,3.2406,0.9004,0.5109,0.2677,7.54,6.2658,1.2784,3.2511,0.013973292992125984,1.3877787807814457e-17,True,True,2.192944036780749,2.842170943040401e-14,False,20000,4716,64.293550|21.507850|30.828050|21.966700|90.711950|35.711100|16.759600|67.221200,17.77357531|5.95648554|8.52909291|6.07417050|25.09652323|9.87530642|4.98107552|18.59020657|3.12356400,4988|4977|5000|5035
CHALLENGER_A_smoothed_bootstrap,tier3_iso,2018,14,98765,20000,4,2002|2006|2010|2014,0.75,,,,,,,,,,,,,,1.0,1.0,0.0,0.0,0.0,1.0,1.0,1.0,0.0,,,,,,,,,,True,207.67,POST_2018,6/5,chronological,2014,11.1683,2.9018375,0.5,0.625,0.75,3.2042,0.8905,0.5234,0.2718,7.5527,6.2837,1.2768,3.2116,0.014006959527559057,1.1102230246251565e-16,True,True,2.3355769433986513,2.842170943040401e-14,False,20000,4731,64.319400|21.506500|30.816950|21.974100|90.700400|35.728750|16.754750|67.199150,17.77819726|5.95603536|8.52714266|6.07632670|25.09285871|9.88019870|4.98039970|18.58302796|3.12581295,4916|5041|5065|4978
CHALLENGER_A_smoothed_bootstrap,tier3_iso,2018,14,54321,20000,4,2002|2006|2010|2014,0.75,,,,,,,,,,,,,,1.0,1.0,0.0,0.0,0.0,1.0,1.0,1.0,0.0,,,,,,,,,,True,204.99,POST_2018,6/5,chronological,2014,11.1662,2.910975,0.5,0.625,0.75,3.2614,0.9104,0.5145,0.265,7.5342,6.2554,1.279,3.2679,0.013930288700787403,5.551115123125783e-17,True,True,2.232376529526207,2.842170943040401e-14,False,20000,4656,64.284350|21.531850|30.815000|21.966850|90.729650|35.693150|16.733300|67.245850,17.77002339|5.96308656|8.52611553|6.07436004|25.10088405|9.86987891|4.97811957|18.59623978|3.12129217,5004|4987|4994|5015
CHALLENGER_A_smoothed_bootstrap,tier3_iso,2018,14,13579,20000,4,2002|2006|2010|2014,0.75,,,,,,,,,,,,,,1.0,1.0,0.0,0.0,0.0,1.0,1.0,1.0,0.0,,,,,,,,,,True,206.74,POST_2018,6/5,chronological,2014,11.166,2.8989125,0.5,0.625,0.75,3.2154,0.8937,0.5177,0.2697,7.5231,6.2544,1.2709,3.2464,0.0139777918503937,5.551115123125783e-17,True,True,2.3077418555870812,2.842170943040401e-14,False,20000,4728,64.293900|21.493200|30.832550|21.965800|90.712050|35.715450|16.776650|67.210400,17.77258094|5.95423255|8.53133867|6.07349505|25.09613712|9.87672780|4.98338444|18.58788154|3.12422188,5047|4992|4954|5007
CHALLENGER_A_smoothed_bootstrap,tier3_iso,2022,14,12345,20000,5,2002|2006|2010|2014|2018,0.75,,,,,,,,,,,,,,0.9989,1.0,0.0107,0.0053,0.0003,0.6640929325444437,0.9841431282842956,1.0,0.0112,,,,,,,,,,True,233.89,POST_2018,6/5,chronological,2018,6.2355,1.671575,0.5,0.875,1.0,2.8963,0.8429,1.3879,0.6019,3.1804,1.8633,1.2356,1.3643,0.016236208248031497,4.163336342344337e-17,True,True,0.010000000000000009,2.842170943040401e-14,False,20000,12103,62.614850|16.004750|26.347900|20.019150|102.250350|27.200050|19.935600|74.627350,17.64466046|4.87640801|7.42578877|5.64388427|28.82913150|7.66101441|5.63607526|21.02958796|1.25344935,3944|3991|4171|3971|3923
CHALLENGER_A_smoothed_bootstrap,tier3_iso,2022,14,24680,20000,5,2002|2006|2010|2014|2018,0.75,,,,,,,,,,,,,,0.9989,1.0,0.0106,0.0046,0.0003,0.6758926420401342,0.9810834558051229,1.0,0.01135,,,,,,,,,,True,235.44,POST_2018,6/5,chronological,2018,6.2011,1.6574375,0.5,0.875,1.0,2.884,0.8454,1.3831,0.6044,3.1217,1.8082,1.2478,1.3649,0.01622302797244094,4.163336342344337e-17,True,True,0.010000000000000009,2.842170943040401e-14,False,20000,12088,62.579500|16.036200|26.355150|20.016750|102.306200|27.133400|19.964200|74.608600,17.63853176|4.88248951|7.42871745|5.64425210|28.84880128|7.64404549|5.64173910|21.02884921|1.24257410,4053|3972|3971|3990|4014
CHALLENGER_A_smoothed_bootstrap,tier3_iso,2022,14,98765,20000,5,2002|2006|2010|2014|2018,0.75,,,,,,,,,,,,,,0.9991,1.0,0.0098,0.0041,0.0003,0.6664634045396729,0.9918737937550355,1.0,0.0111,,,,,,,,,,True,288.14,POST_2018,6/5,chronological,2018,6.2193,1.6621249999999999,0.5,0.875,1.0,2.8741,0.8514,1.3768,0.603,3.147,1.822,1.2209,1.4018,0.01603981596456693,2.7755575615628914e-17,True,True,0.010000000000000009,2.842170943040401e-14,False,20000,12153,62.630300|15.948150|26.346300|20.015650|102.272450|27.160500|19.916150|74.710500,17.64912171|4.87437491|7.42461121|5.64179431|28.83249469|7.64929823|5.63060609|21.05100172|1.24669713,3990|4004|3932|4114|3960
CHALLENGER_A_smoothed_bootstrap,tier3_iso,2022,14,54321,20000,5,2002|2006|2010|2014|2018,0.75,,,,,,,,,,,,,,0.999,1.0,0.0097,0.0046,0.0001,0.7395704325517445,0.994492340473097,1.0,0.01045,,,,,,,,,,True,333.06,POST_2018,6/5,chronological,2018,6.2087,1.6614125,0.5,0.875,1.0,2.876,0.8555,1.3687,0.606,3.1375,1.8333,1.234,1.3803,0.01621396720472441,1.1102230246251565e-16,True,True,0.010000000000000009,2.842170943040401e-14,False,20000,12118,62.638400|15.971800|26.341700|20.025900|102.284750|27.169050|19.911350|74.657050,17.65024003|4.87675139|7.42409705|5.64480552|28.83499104|7.65169604|5.63376909|21.03657935|1.24707048,3978|3988|4025|4027|3982
CHALLENGER_A_smoothed_bootstrap,tier3_iso,2022,14,13579,20000,5,2002|2006|2010|2014|2018,0.75,,,,,,,,,,,,,,0.9989,1.0,0.0108,0.0044,0.0006,0.627421705371713,0.9817868817367278,1.0,0.01125,,,,,,,,,,True,332.19,POST_2018,6/5,chronological,2018,6.2408,1.6680249999999999,0.5,0.875,1.0,2.9076,0.841,1.3627,0.5941,3.184,1.8511,1.218,1.3857,0.016044562814960632,1.6653345369377348e-16,True,True,0.010000000000000009,2.842170943040401e-14,False,20000,12111,62.603200|16.034500|26.328800|20.011850|102.236650|27.180300|19.903650|74.701050,17.64430481|4.87821822|7.42222243|5.64135143|28.82697714|7.65541731|5.62793018|21.05168162|1.25189687,3954|4030|4028|4054|3934
CHALLENGER_B_lw_gaussian,tier1,2014,14,12345,20000,3,2002|2006|2010,,3.213713182953901,3.185005543630071,0.9131871312108357,0.8566765778649682,0.1111111111111111,0.7777777777777778,0.7777777777777778,1.2115949282311331,2.297378791132539,2.9519935477130486,0.125,0.75,0.75,1.0,1.0,0.0,0.0,0.0,1.0,1.0,1.0,0.0,0.8088990498443855,0.5186989040121979,0.18265726191179865,0.38150199801501683,0.6594925589420897,0.7019592940611672,1.5201209021315678,2.5321670807684615,0.40459215109802826,True,124.99,,,,,,,,,,,,,,,,,,,,,,,,,,,,,
CHALLENGER_B_lw_gaussian,tier1,2014,14,24680,20000,3,2002|2006|2010,,3.2100220472032586,3.181688233160684,0.9141672624592145,0.8571116044448134,0.1111111111111111,0.7777777777777778,0.7777777777777778,1.1959796664964322,2.280648185493009,2.9263195251412077,0.125,0.75,0.75,1.0,1.0,0.0,0.0,0.0,1.0,1.0,1.0,0.0,0.824535177635209,0.5274292087236345,0.18051668102330665,0.3805299870258191,0.6477506399206522,0.7009429363909946,1.525879718446903,2.5257537505071985,0.4006663403296039,True,151.25,,,,,,,,,,,,,,,,,,,,,,,,,,,,,
CHALLENGER_B_lw_gaussian,tier1,2014,14,98765,20000,3,2002|2006|2010,,3.2121521976166885,3.1841572867043046,0.9133647457011704,0.8562296653198378,0.1111111111111111,0.7777777777777778,0.7777777777777778,1.2001019125548735,2.2815683552805806,2.9397413009582767,0.125,0.75,0.75,1.0,1.0,0.0,0.0,0.0,1.0,1.0,1.0,0.0,0.8245249802135688,0.5208953644589385,0.17925295289298926,0.3830512661355895,0.6502566402311645,0.6952629294294217,1.52959017629035,2.5240836559573414,0.3991490222691769,True,98.62,,,,,,,,,,,,,,,,,,,,,,,,,,,,,
CHALLENGER_B_lw_gaussian,tier1,2014,14,54321,20000,3,2002|2006|2010,,3.2126640793959353,3.184671013622772,0.9140311272034578,0.8568688346659348,0.1111111111111111,0.7777777777777778,0.7777777777777778,1.2114408703693595,2.30166497949358,2.9580375404542907,0.125,0.75,0.75,1.0,1.0,0.0,0.0,0.0,1.0,1.0,1.0,0.0,0.8105803390731503,0.5136956416321276,0.18135396480722227,0.3905891049903179,0.6628687255307318,0.702867535399363,1.52254890064415,2.5277448055505998,0.3995704943657507,True,60.32,,,,,,,,,,,,,,,,,,,,,,,,,,,,,
CHALLENGER_B_lw_gaussian,tier1,2014,14,13579,20000,3,2002|2006|2010,,3.2073782417647045,3.17895962635436,0.9123614581826809,0.8554958452951555,0.1111111111111111,0.7777777777777778,0.7777777777777778,1.202927976775732,2.2922577013645378,2.9427463090307535,0.125,0.75,0.75,1.0,1.0,0.0,0.0,0.0,1.0,1.0,1.0,0.0,0.8171979432302068,0.5108310026914107,0.18194334013940439,0.3880846296059379,0.6563668317733506,0.7004338542519901,1.5198293057731616,2.5242047579959843,0.40057094219495276,True,58.87,,,,,,,,,,,,,,,,,,,,,,,,,,,,,
CHALLENGER_B_lw_gaussian,tier1,2018,14,12345,20000,4,2002|2006|2010|2014,,3.51211264699997,3.298393040542585,0.8736636641328572,0.9091521122860642,0.4444444444444444,0.5555555555555556,0.6666666666666666,1.2789695272124502,2.429733735952737,3.1267033603116223,0.5,0.625,0.75,1.0,1.0,0.0,0.0,0.0,1.0,1.0,1.0,0.0,1.3334599010610533,0.30969986028771623,0.19606086782049098,0.20162683513469631,2.5663388408365546,1.3965701124331944,0.3511920011549845,0.6343608943341676,1.1930596975117198,True,43.94,,,,,,,,,,,,,,,,,,,,,,,,,,,,,
CHALLENGER_B_lw_gaussian,tier1,2018,14,24680,20000,4,2002|2006|2010|2014,,3.5145431012180044,3.29837178964899,0.8746110890006068,0.910459722056049,0.4444444444444444,0.5555555555555556,0.6666666666666666,1.2770739226357024,2.425645195131308,3.116355713361264,0.5,0.625,0.75,1.0,1.0,0.0,0.0,0.0,1.0,1.0,1.0,0.0,1.344154866892351,0.30932087111247875,0.19109778215838003,0.202489783674542,2.5751343366770625,1.3874067620435488,0.35413138282241047,0.633152926624081,1.197248786499587,True,23.71,,,,,,,,,,,,,,,,,,,,,,,,,,,,,
CHALLENGER_B_lw_gaussian,tier1,2018,14,98765,20000,4,2002|2006|2010|2014,,3.5093222186517297,3.2913226251105883,0.8712466522615839,0.9079874514379898,0.4444444444444444,0.5555555555555556,0.6666666666666666,1.2761082722920114,2.4251479755455803,3.109519671409948,0.5,0.625,0.75,1.0,1.0,0.0001,0.0001,0.0,0.8518241875056399,1.0,1.0,5e-05,1.3191822103042496,0.30359327359377763,0.19513173496316905,0.20140404420904023,2.576594359524258,1.393974488507439,0.3419419602780253,0.6381511467127123,1.2019138448492366,True,23.05,,,,,,,,,,,,,,,,,,,,,,,,,,,,,
CHALLENGER_B_lw_gaussian,tier1,2018,14,54321,20000,4,2002|2006|2010|2014,,3.512828711554015,3.295010251678084,0.873020109044842,0.9095789934486768,0.4444444444444444,0.5555555555555556,0.6666666666666666,1.2795377008865914,2.4154209336407835,3.113990326766949,0.5,0.625,0.75,1.0,1.0,0.0,0.0,0.0,1.0,1.0,1.0,0.0,1.3369964022144731,0.3103256528928917,0.19269140359808568,0.19649188039518545,2.574475237646239,1.3978442950858705,0.34868458021286886,0.6266514203131214,1.2020500686793545,True,17.91,,,,,,,,,,,,,,,,,,,,,,,,,,,,,
CHALLENGER_B_lw_gaussian,tier1,2018,14,13579,20000,4,2002|2006|2010|2014,,3.5150408499353594,3.296190291059818,0.8751862603500192,0.91203168957571,0.4444444444444444,0.5555555555555556,0.6666666666666666,1.2758942316089832,2.436602520654793,3.124220136123311,0.5,0.625,0.75,1.0,1.0,0.0,0.0,0.0,1.0,1.0,1.0,0.0,1.3353770850979456,0.31340012152770835,0.19459329423430682,0.20585019166848284,2.569622162587193,1.3998578387398302,0.34817833407782595,0.6346110548668618,1.2067951233812355,True,17.9,,,,,,,,,,,,,,,,,,,,,,,,,,,,,
CHALLENGER_B_lw_gaussian,tier1,2022,14,12345,20000,5,2002|2006|2010|2014|2018,,1.7783170979874865,1.7581555459678027,0.5085309426100313,0.4804545257436526,0.5555555555555556,0.8888888888888888,1.0,1.3565566845280783,2.605443732299366,3.3098606834153466,0.5,0.875,1.0,0.9782,0.7936,0.0922,0.0716,0.0399,0.36720508464872503,0.5646083476975691,1.0,0.09505,0.9045471777858909,0.25310270147920433,0.43142399161649403,0.2588689079987936,0.9838023443371979,0.540372228993631,0.3504547511872247,0.3456754374818134,0.25584319081262313,True,17.43,,,,,,,,,,,,,,,,,,,,,,,,,,,,,
CHALLENGER_B_lw_gaussian,tier1,2022,14,24680,20000,5,2002|2006|2010|2014|2018,,1.7714294239280646,1.7502942649700333,0.5055033282992818,0.47823768644011505,0.5555555555555556,0.8888888888888888,1.0,1.3553583826901394,2.5831442502375834,3.2991359049217515,0.5,0.875,1.0,0.9777,0.7895,0.095,0.0744,0.0416,0.3455553635595501,0.5651265498327829,1.0,0.09785,0.9085212811735117,0.25658039223277607,0.42276594328984907,0.2533526748340792,0.9668291589906541,0.5371832472763665,0.34903207553222126,0.3497618530647961,0.26011255156678126,True,16.07,,,,,,,,,,,,,,,,,,,,,,,,,,,,,
CHALLENGER_B_lw_gaussian,tier1,2022,14,98765,20000,5,2002|2006|2010|2014|2018,,1.7773660629457755,1.7568032001673444,0.5064161574908104,0.47845943765266025,0.5555555555555556,0.8888888888888888,1.0,1.3549927836434814,2.59146674610898,3.308428204797957,0.5,0.875,1.0,0.9783,0.7979,0.0909,0.0717,0.0397,0.3593624562364319,0.5665361829195701,1.0,0.0928,0.9066072999519328,0.2507484923836376,0.4278869128722106,0.2511170608639719,0.97777794187342,0.5332696719443659,0.3527596123620661,0.35116226767487757,0.25480567894745915,True,15.63,,,,,,,,,,,,,,,,,,,,,,,,,,,,,
CHALLENGER_B_lw_gaussian,tier1,2022,14,54321,20000,5,2002|2006|2010|2014|2018,,1.7672111061407154,1.7462704308097072,0.5040764534448792,0.47669713133507874,0.5555555555555556,0.8888888888888888,1.0,1.3543505055156462,2.5883437062145576,3.2953934767260953,0.5,0.875,1.0,0.9777,0.7886,0.0953,0.0751,0.0411,0.33120619531829126,0.5659254647472763,1.0,0.09755,0.8960418204145977,0.25334828687985855,0.4246192789039418,0.2625158572963927,0.9784375594945616,0.5300439607119966,0.3443016870019101,0.3433031768557736,0.25766255445667524,True,15.74,,,,,,,,,,,,,,,,,,,,,,,,,,,,,
CHALLENGER_B_lw_gaussian,tier1,2022,14,13579,20000,5,2002|2006|2010|2014|2018,,1.77784336943899,1.756853186310896,0.5077092663770182,0.4800733703760333,0.5555555555555556,0.8888888888888888,1.0,1.355531835007101,2.586004126556305,3.292059923526213,0.5,0.875,1.0,0.9778,0.7994,0.0953,0.0732,0.0398,0.3208683248359521,0.5628674073561106,1.0,0.0976,0.901172250037976,0.255746221945248,0.4272310350370625,0.2563711810140519,0.9822807773275053,0.543072160467146,0.34301521681619107,0.3527852883709647,0.2589862023681545,True,15.52,,,,,,,,,,,,,,,,,,,,,,,,,,,,,
CHALLENGER_B_lw_gaussian,tier3_iso,2014,14,12345,20000,3,2002|2006|2010,,,,,,,,,,,,,,,1.0,1.0,0.0,0.0,0.0,1.0,1.0,1.0,0.0,,,,,,,,,,True,229.84,PRE_2018,7/5,chronological,2010,12.4971,3.559275,0.375,0.75,0.75,2.1804,2.4282,0.7314,1.9222,1.7109,2.464,5.7132,11.3239,0.04011374952755905,8.673617379884035e-18,True,True,2.40134703463686,2.842170943040401e-14,False,20000,19833,80.681650|22.846950|22.907650|18.703300|110.228700|25.011900|32.188050|36.431800,21.95179861|6.29637769|6.26960079|5.20065070|29.91425558|6.84488277|8.80876257|9.97080078|4.74287050,
CHALLENGER_B_lw_gaussian,tier3_iso,2014,14,24680,20000,3,2002|2006|2010,,,,,,,,,,,,,,,1.0,1.0,0.0,0.0,0.0,1.0,1.0,1.0,0.0,,,,,,,,,,True,229.55,PRE_2018,7/5,chronological,2010,12.4878,3.559925,0.375,0.75,0.75,2.206,2.4608,0.7182,1.9131,1.6822,2.4594,5.7338,11.3059,0.040041791141732286,2.220446049250313e-16,True,True,2.0849119905312277,2.842170943040401e-14,False,20000,19833,80.661300|22.856550|22.860650|18.712450|110.273050|24.978250|32.198150|36.459600,21.94400279|6.30422230|6.25858360|5.19709536|29.93040634|6.83763561|8.81130010|9.97954350|4.73721040,
CHALLENGER_B_lw_gaussian,tier3_iso,2014,14,98765,20000,3,2002|2006|2010,,,,,,,,,,,,,,,1.0,1.0,0.0,0.0,0.0,1.0,1.0,1.0,0.0,,,,,,,,,,True,230.1,PRE_2018,7/5,chronological,2010,12.4954,3.557975,0.375,0.75,0.75,2.2029,2.4347,0.7213,1.9233,1.6914,2.4415,5.7525,11.2962,0.04007616641732283,2.7755575615628914e-17,True,True,2.361716290932706,2.842170943040401e-14,False,20000,19836,80.655500|22.844100|22.921800|18.697300|110.242850|24.967350|32.216700|36.454400,21.94145309|6.29514198|6.27611470|5.20033737|29.92313877|6.83316214|8.81507105|9.97707246|4.73850843,
CHALLENGER_B_lw_gaussian,tier3_iso,2014,14,54321,20000,3,2002|2006|2010,,,,,,,,,,,,,,,1.0,1.0,0.0,0.0,0.0,1.0,1.0,1.0,0.0,,,,,,,,,,True,231.99,PRE_2018,7/5,chronological,2010,12.5028,3.5644125,0.375,0.75,0.75,2.1829,2.4069,0.7252,1.953,1.7388,2.4639,5.7266,11.318,0.04011624049212598,2.7755575615628914e-17,True,True,2.594010626491942,2.842170943040401e-14,False,20000,19830,80.727200|22.801550|22.898750|18.766800|110.177550|25.012000|32.192900|36.423250,21.96140091|6.28791730|6.26938502|5.21111216|29.90685987|6.84681714|8.80945375|9.97000577|4.73704809,
CHALLENGER_B_lw_gaussian,tier3_iso,2014,14,13579,20000,3,2002|2006|2010,,,,,,,,,,,,,,,1.0,1.0,0.0,0.0,0.0,1.0,1.0,1.0,0.0,,,,,,,,,,True,232.87,PRE_2018,7/5,chronological,2010,12.4885,3.5589375,0.375,0.75,0.75,2.1956,2.3987,0.7302,1.9472,1.7213,2.4542,5.7151,11.3092,0.04017729614173229,2.220446049250313e-16,True,True,2.4609880496178653,2.842170943040401e-14,False,20000,19847,80.714650|22.799350|22.925600|18.747850|110.206850|24.988300|32.178550|36.438850,21.95690247|6.28390983|6.27590587|5.20617588|29.91581439|6.83964175|8.80614473|9.97556047|4.73994460,
CHALLENGER_B_lw_gaussian,tier3_iso,2018,14,12345,20000,4,2002|2006|2010|2014,,,,,,,,,,,,,,,1.0,1.0,0.0,0.0,0.0,1.0,1.0,1.0,0.0,,,,,,,,,,True,205.97,POST_2018,6/5,chronological,2014,10.5112,2.9537375000000003,0.5,0.75,0.75,3.4511,1.0626,0.6741,0.6,7.0045,5.9758,1.46,3.4018,0.011582798267716536,5.551115123125783e-17,True,True,0.038848361318340796,2.842170943040401e-14,False,20000,19986,64.427450|21.310200|30.891850|21.967500|90.935200|35.842050|16.263200|67.362550,17.76959725|5.95918011|8.52756416|6.06904795|25.09698052|9.88614766|4.99035463|18.58680688|3.11432083,
CHALLENGER_B_lw_gaussian,tier3_iso,2018,14,24680,20000,4,2002|2006|2010|2014,,,,,,,,,,,,,,,1.0,1.0,0.0,0.0,0.0,1.0,1.0,1.0,0.0,,,,,,,,,,True,208.41,POST_2018,6/5,chronological,2014,10.5046,2.9545874999999997,0.5,0.75,0.75,3.4788,1.0636,0.6628,0.6077,7.0394,5.9345,1.4574,3.3925,0.011476765078740158,1.3877787807814457e-17,True,True,0.08560306615898394,2.842170943040401e-14,False,20000,19979,64.389850|21.326750|30.926600|21.981600|90.913350|35.797000|16.324500|67.340350,17.76170549|5.95779002|8.53756466|6.07044554|25.09452232|9.87661464|4.99465904|18.58394471|3.12275358,
CHALLENGER_B_lw_gaussian,tier3_iso,2018,14,98765,20000,4,2002|2006|2010|2014,,,,,,,,,,,,,,,1.0,1.0,0.0001,0.0001,0.0,0.8518241875056399,1.0,1.0,5e-05,,,,,,,,,,True,209.3,POST_2018,6/5,chronological,2014,10.4844,2.9454000000000002,0.5,0.75,0.75,3.4109,1.0414,0.6756,0.6094,7.039,5.9588,1.4188,3.4093,0.011544393543307087,1.1102230246251565e-16,True,True,0.01,2.842170943040401e-14,False,20000,19975,64.484700|21.271000|30.899400|21.996700|90.917100|35.799450|16.252850|67.378800,17.78467073|5.94624560|8.52868468|6.07451284|25.09265447|9.87698255|4.97693403|18.59055527|3.12875985,
CHALLENGER_B_lw_gaussian,tier3_iso,2018,14,54321,20000,4,2002|2006|2010|2014,,,,,,,,,,,,,,,1.0,1.0,0.0,0.0,0.0,1.0,1.0,1.0,0.0,,,,,,,,,,True,210.66,POST_2018,6/5,chronological,2014,10.4903,2.9507125000000003,0.5,0.75,0.75,3.4421,1.0676,0.6679,0.6026,7.0232,5.9774,1.4511,3.3738,0.011605179468503937,5.551115123125783e-17,True,True,0.24764933338855588,2.842170943040401e-14,False,20000,19975,64.449050|21.297600|30.884950|22.043850|90.923000|35.834150|16.247400|67.320000,17.77286999|5.95507181|8.52463224|6.08659508|25.09220750|9.88446884|4.98070434|18.57350165|3.12994855,
CHALLENGER_B_lw_gaussian,tier3_iso,2018,14,13579,20000,4,2002|2006|2010|2014,,,,,,,,,,,,,,,1.0,1.0,0.0,0.0,0.0,1.0,1.0,1.0,0.0,,,,,,,,,,True,211.63,POST_2018,6/5,chronological,2014,10.4895,2.9560625,0.5,0.75,0.75,3.4389,1.0791,0.6701,0.6135,6.9886,5.9954,1.4645,3.3984,0.011629835374015749,2.220446049250313e-16,True,True,0.2915772896969675,2.842170943040401e-14,False,20000,19971,64.454800|21.349650|30.897150|21.956350|90.956600|35.858000|16.166050|67.361400,17.77085982|5.96444427|8.52606952|6.06299872|25.09653293|9.88854802|4.97826521|18.58094052|3.13134098,
CHALLENGER_B_lw_gaussian,tier3_iso,2022,14,12345,20000,5,2002|2006|2010|2014|2018,,,,,,,,,,,,,,,0.9782,0.7936,0.0922,0.0716,0.0399,0.36720508464872503,0.5646083476975691,1.0,0.09505,,,,,,,,,,True,225.7,POST_2018,6/5,chronological,2018,6.1968,1.768225,0.625,1.0,1.0,3.1098,1.4182,1.5067,0.9397,2.5514,1.9604,1.3116,1.348,0.015183385610236222,5.551115123125783e-17,True,True,0.01,2.842170943040401e-14,False,20000,19984,62.968650|15.003700|26.540800|19.662200|102.900000|27.308900|19.551450|75.064300,17.63297936|4.86589100|7.43411478|5.64669825|28.82277104|7.64595345|5.63760080|21.02120993|1.29278140,
CHALLENGER_B_lw_gaussian,tier3_iso,2022,14,24680,20000,5,2002|2006|2010|2014|2018,,,,,,,,,,,,,,,0.9777,0.7895,0.095,0.0744,0.0416,0.3455553635595501,0.5651265498327829,1.0,0.09785,,,,,,,,,,True,223.77,POST_2018,6/5,chronological,2018,6.1705,1.7590875,0.625,1.0,1.0,3.1213,1.422,1.4762,0.9195,2.5036,1.9496,1.3086,1.3719,0.014966692421259843,5.551115123125783e-17,True,True,0.01,2.842170943040401e-14,False,20000,19985,62.945500|15.067600|26.492900|19.572200|102.958700|27.303600|19.522900|75.136600,17.62715358|4.87721573|7.41964989|5.63516783|28.83920083|7.64465814|5.63364766|21.04171813|1.28158821,
CHALLENGER_B_lw_gaussian,tier3_iso,2022,14,98765,20000,5,2002|2006|2010|2014|2018,,,,,,,,,,,,,,,0.9783,0.7979,0.0909,0.0717,0.0397,0.3593624562364319,0.5665361829195701,1.0,0.0928,,,,,,,,,,True,224.96,POST_2018,6/5,chronological,2018,6.1829,1.7595,0.625,1.0,1.0,3.1139,1.3857,1.4902,0.9102,2.55,1.9295,1.3217,1.3748,0.015042027598425194,1.1102230246251565e-16,True,True,0.01,2.842170943040401e-14,False,20000,19989,62.958150|15.092750|26.520100|19.609500|102.906950|27.291650|19.502000|75.118900,17.63104492|4.87099321|7.42887113|5.63322878|28.82691196|7.64243087|5.63826454|21.03865113|1.28960346,
CHALLENGER_B_lw_gaussian,tier3_iso,2022,14,54321,20000,5,2002|2006|2010|2014|2018,,,,,,,,,,,,,,,0.9777,0.7886,0.0953,0.0751,0.0411,0.33120619531829126,0.5659254647472763,1.0,0.09755,,,,,,,,,,True,226.5,POST_2018,6/5,chronological,2018,6.1518,1.7506624999999998,0.625,1.0,1.0,3.0929,1.4034,1.4774,0.9458,2.5378,1.9199,1.2875,1.3406,0.014918696338582678,1.1102230246251565e-16,True,True,0.01,2.842170943040401e-14,False,20000,19990,62.995900|15.054800|26.504700|19.688150|102.918550|27.258850|19.495200|75.083850,17.64403063|4.87142116|7.42380454|5.65435161|28.83183707|7.63376919|5.62551692|21.02936123|1.28590765,
CHALLENGER_B_lw_gaussian,tier3_iso,2022,14,13579,20000,5,2002|2006|2010|2014|2018,,,,,,,,,,,,,,,0.9778,0.7994,0.0953,0.0732,0.0398,0.3208683248359521,0.5628674073561106,1.0,0.0976,,,,,,,,,,True,226.55,POST_2018,6/5,chronological,2018,6.1893,1.766425,0.625,1.0,1.0,3.0838,1.4301,1.489,0.9305,2.5478,1.9731,1.2873,1.3898,0.014970732559055119,4.163336342344337e-17,True,True,0.01,2.842170943040401e-14,False,20000,19990,63.007400|15.023300|26.504000|19.568650|102.908550|27.334250|19.516950|75.136900,17.64172425|4.87564824|7.42209672|5.63568566|28.82280913|7.65143398|5.62921709|21.04077304|1.28061189,
