election_year,constituency_code,constituency_name,party,votes,constituency_valid_votes,party_share
2014,01,Stockholms kommun,C,28201,577565,0.04882740470769524
2014,01,Stockholms kommun,KD,24691,577565,0.04275016664790976
2014,01,Stockholms kommun,L,45365,577565,0.07854527196073169
2014,01,Stockholms kommun,M,160166,577565,0.2773125102802282
2014,01,Stockholms kommun,MP,64392,577565,0.11148875018396198
2014,01,Stockholms kommun,REST,46946,577565,0.08128262619791712
2014,01,Stockholms kommun,S,124792,577565,0.21606572420420211
2014,01,Stockholms kommun,SD,38356,577565,0.06640984131656177
2014,01,Stockholms kommun,V,44656,577565,0.07731770450079212
2014,02,Stockholms län,C,38898,764195,0.05090062091481886
2014,02,Stockholms län,KD,40492,764195,0.052986475964904245
2014,02,Stockholms län,L,53766,764195,0.0703563880946617
2014,02,Stockholms län,M,249616,764195,0.32663914315063564
2014,02,Stockholms län,MP,59586,764195,0.07797224530388186
2014,02,Stockholms län,REST,28241,764195,0.03695522739614889
2014,02,Stockholms län,S,183738,764195,0.24043339723499893
2014,02,Stockholms län,SD,74136,764195,0.09701188832693226
2014,02,Stockholms län,V,35722,764195,0.04674461361301762
2014,03,Uppsala län,C,15827,228351,0.0693099657982667
2014,03,Uppsala län,KD,10776,228351,0.04719050934745195
2014,03,Uppsala län,L,14141,228351,0.06192659546049722
2014,03,Uppsala län,M,52071,228351,0.22803053194424372
2014,03,Uppsala län,MP,19080,228351,0.08355557891141269
2014,03,Uppsala län,REST,12076,228351,0.05288349952485428
2014,03,Uppsala län,S,65926,228351,0.28870466956571245
2014,03,Uppsala län,SD,24091,228351,0.105499866433692
2014,03,Uppsala län,V,14363,228351,0.062898783013869
2014,04,Södermanlands län,C,9774,178632,0.05471584038694075
2014,04,Södermanlands län,KD,6888,178632,0.03855972054279189
2014,04,Södermanlands län,L,7776,178632,0.04353083434099154
2014,04,Södermanlands län,M,39991,178632,0.22387366205383133
2014,04,Södermanlands län,MP,11165,178632,0.06250279905056205
2014,04,Södermanlands län,REST,5233,178632,0.029294863182408527
2014,04,Södermanlands län,S,61834,178632,0.3461529849075194
2014,04,Södermanlands län,SD,26887,178632,0.1505161449236419
2014,04,Södermanlands län,V,9084,178632,0.050853150611312646
2014,05,Östergötlands län,C,17443,291484,0.05984204964938041
2014,05,Östergötlands län,KD,14752,291484,0.050609982023026995
2014,05,Östergötlands län,L,14860,291484,0.05098049978729536
2014,05,Östergötlands län,M,64877,291484,0.22257482400406198
2014,05,Östergötlands län,MP,19218,291484,0.06593157771953177
2014,05,Östergötlands län,REST,9461,291484,0.03245804229391665
2014,05,Östergötlands län,S,94909,291484,0.3256062082309835
2014,05,Östergötlands län,SD,41953,291484,0.14392899781806207
2014,05,Östergötlands län,V,14011,291484,0.04806781847374127
2014,06,Jönköpings län,C,17800,224596,0.07925341502074837
2014,06,Jönköpings län,KD,23322,224596,0.1038397834333648
2014,06,Jönköpings län,L,8090,224596,0.03602023188302552
2014,06,Jönköpings län,M,45594,224596,0.20300450586831467
2014,06,Jönköpings län,MP,12095,224596,0.053852250262693906
2014,06,Jönköpings län,REST,4708,224596,0.020962083029083332
2014,06,Jönköpings län,S,71487,224596,0.3182915100892269
2014,06,Jönköpings län,SD,32815,224596,0.14610678729808188
2014,06,Jönköpings län,V,8685,224596,0.03866943311546065
2014,07,Kronobergs län,C,10988,120775,0.09097909335541296
2014,07,Kronobergs län,KD,5983,120775,0.0495383978472366
2014,07,Kronobergs län,L,4109,120775,0.03402194162699234
2014,07,Kronobergs län,M,26453,120775,0.21902711653901882
2014,07,Kronobergs län,MP,6559,120775,0.05430759677085489
2014,07,Kronobergs län,REST,3225,120775,0.026702546056717034
2014,07,Kronobergs län,S,39179,120775,0.32439660525771064
2014,07,Kronobergs län,SD,18820,120775,0.155826950941834
2014,07,Kronobergs län,V,5459,120775,0.04519975160422273
2014,08,Kalmar län,C,13867,158822,0.08731158151893315
2014,08,Kalmar län,KD,7448,158822,0.046895266398861615
2014,08,Kalmar län,L,5611,158822,0.03532885872234325
2014,08,Kalmar län,M,32313,158822,0.20345418141063581
2014,08,Kalmar län,MP,7435,158822,0.04681341375879916
2014,08,Kalmar län,REST,4283,158822,0.026967296722116584
2014,08,Kalmar län,S,56370,158822,0.35492564002468174
2014,08,Kalmar län,SD,24260,158822,0.15274961907040585
2014,08,Kalmar län,V,7235,158822,0.045554142373222854
2014,09,Gotlands län,C,5317,39655,0.13408145252805448
2014,09,Gotlands län,KD,1095,39655,0.02761316353549363
2014,09,Gotlands län,L,1494,39655,0.03767494641281049
2014,09,Gotlands län,M,8450,39655,0.21308788299079562
2014,09,Gotlands län,MP,2859,39655,0.07209683520363132
2014,09,Gotlands län,REST,2099,39655,0.05293153448493254
2014,09,Gotlands län,S,12774,39655,0.3221283570798134
2014,09,Gotlands län,SD,3259,39655,0.08218383558189384
2014,09,Gotlands län,V,2308,39655,0.058201992182574706
2014,10,Blekinge län,C,5792,102225,0.05665932990951333
2014,10,Blekinge län,KD,3483,102225,0.034071900220102716
2014,10,Blekinge län,L,3984,102225,0.03897285399853265
2014,10,Blekinge län,M,19824,102225,0.19392516507703594
2014,10,Blekinge län,MP,4969,102225,0.048608461726583514
2014,10,Blekinge län,REST,2486,102225,0.024318904377598434
2014,10,Blekinge län,S,37981,102225,0.3715431645879188
2014,10,Blekinge län,SD,18960,102225,0.1854732208363903
2014,10,Blekinge län,V,4746,102225,0.046426999266324286
2014,11,Malmö kommun,C,4850,179103,0.02707939007163476
2014,11,Malmö kommun,KD,4620,179103,0.025795212810505688
2014,11,Malmö kommun,L,10000,179103,0.05583379396213352
2014,11,Malmö kommun,M,41510,179103,0.23176607873681623
2014,11,Malmö kommun,MP,15367,179103,0.08579979118161059
2014,11,Malmö kommun,REST,12527,179103,0.06994299369636466
2014,11,Malmö kommun,S,52460,179103,0.29290408312535243
2014,11,Malmö kommun,SD,24171,179103,0.13495586338587293
2014,11,Malmö kommun,V,13598,179103,0.07592279302970917
2014,12,Skåne läns västra,C,8380,182009,0.04604167925761913
2014,12,Skåne läns västra,KD,5860,182009,0.032196210077523636
2014,12,Skåne läns västra,L,9470,182009,0.05203039410139059
2014,12,Skåne läns västra,M,44558,182009,0.2448120697328154
2014,12,Skåne läns västra,MP,11032,182009,0.06061238729952914
2014,12,Skåne läns västra,REST,5382,182009,0.029569966320346797
2014,12,Skåne läns västra,S,55185,182009,0.30319929234268633
2014,12,Skåne läns västra,SD,35180,182009,0.19328714514117434
2014,12,Skåne läns västra,V,6962,182009,0.038250855726914605
2014,13,Skåne läns södra,C,12795,239845,0.05334695324063458
2014,13,Skåne läns södra,KD,8379,239845,0.03493506222768872
2014,13,Skåne läns södra,L,16819,239845,0.07012445537743126
2014,13,Skåne läns södra,M,67671,239845,0.282144718464008
2014,13,Skåne läns södra,MP,17391,239845,0.07250932894160812
2014,13,Skåne läns södra,REST,9458,239845,0.03943380099647689
2014,13,Skåne läns södra,S,59020,239845,0.2460755904855219
2014,13,Skåne läns södra,SD,39734,239845,0.16566532552273344
2014,13,Skåne läns södra,V,8578,239845,0.0357647647438971
2014,14,Skåne läns norra och östra,C,11815,196700,0.060066090493136756
2014,14,Skåne läns norra och östra,KD,8131,196700,0.041337061514997456
2014,14,Skåne läns norra och östra,L,8887,196700,0.04518047788510422
2014,14,Skåne läns norra och östra,M,43518,196700,0.22124046771733605
2014,14,Skåne läns norra och östra,MP,10809,196700,0.05495170310116929
2014,14,Skåne läns norra och östra,REST,4935,196700,0.02508896797153025
2014,14,Skåne läns norra och östra,S,58940,196700,0.299644128113879
2014,14,Skåne läns norra och östra,SD,43582,196700,0.2215658362989324
2014,14,Skåne läns norra och östra,V,6083,196700,0.030925266903914592
2014,15,Hallands län,C,17367,206559,0.08407767272304766
2014,15,Hallands län,KD,8988,206559,0.0435129914455434
2014,15,Hallands län,L,11807,206559,0.05716042389825667
2014,15,Hallands län,M,57261,206559,0.277213774272726
2014,15,Hallands län,MP,12184,206559,0.0589855682879952
2014,15,Hallands län,REST,6050,206559,0.02928945240827076
2014,15,Hallands län,S,58562,206559,0.2835122168484549
2014,15,Hallands län,SD,26555,206559,0.12855891052919505
2014,15,Hallands län,V,7785,206559,0.037688989586510395
2014,16,Göteborgs kommun,C,12696,334294,0.037978545830915304
2014,16,Göteborgs kommun,KD,15389,334294,0.04603432906363859
2014,16,Göteborgs kommun,L,24136,334294,0.07219991983104693
2014,16,Göteborgs kommun,M,79768,334294,0.23861630780091775
2014,16,Göteborgs kommun,MP,32868,334294,0.09832063991576277
2014,16,Göteborgs kommun,REST,26758,334294,0.08004331516569248
2014,16,Göteborgs kommun,S,79167,334294,0.23681848911437237
2014,16,Göteborgs kommun,SD,32240,334294,0.09644205400037092
2014,16,Göteborgs kommun,V,31272,334294,0.09354639927728287
2014,17,Västra Götalands läns västra,C,14091,234945,0.059975739002745325
2014,17,Västra Götalands läns västra,KD,13486,234945,0.05740066824150333
2014,17,Västra Götalands läns västra,L,16134,234945,0.06867139117665837
2014,17,Västra Götalands läns västra,M,60129,234945,0.2559279831449914
2014,17,Västra Götalands läns västra,MP,15971,234945,0.06797761178148078
2014,17,Västra Götalands läns västra,REST,8049,234945,0.0342590819127881
2014,17,Västra Götalands läns västra,S,63552,234945,0.27049735044372086
2014,17,Västra Götalands läns västra,SD,31401,234945,0.13365255698142117
2014,17,Västra Götalands läns västra,V,12132,234945,0.05163761731469067
2014,18,Västra Götalands läns norra,C,12335,179053,0.06889021686316342
2014,18,Västra Götalands läns norra,KD,9099,179053,0.05081735575499992
2014,18,Västra Götalands läns norra,L,9472,179053,0.052900537829581186
2014,18,Västra Götalands läns norra,M,35979,179053,0.20094050364975732
2014,18,Västra Götalands läns norra,MP,11219,179053,0.06265742545503286
2014,18,Västra Götalands läns norra,REST,5738,179053,0.03204637732961749
2014,18,Västra Götalands läns norra,S,58289,179053,0.3255404824269909
2014,18,Västra Götalands läns norra,SD,27027,179053,0.15094413385980687
2014,18,Västra Götalands läns norra,V,9895,179053,0.055262966831050024
2014,19,Västra Götalands läns södra,C,9423,124892,0.07544918809851713
2014,19,Västra Götalands läns södra,KD,6376,124892,0.051052109022195175
2014,19,Västra Götalands läns södra,L,6145,124892,0.04920251096947763
2014,19,Västra Götalands läns södra,M,27795,124892,0.22255228517439068
2014,19,Västra Götalands läns södra,MP,7534,124892,0.06032412003971431
2014,19,Västra Götalands läns södra,REST,3535,124892,0.028304455049162475
2014,19,Västra Götalands läns södra,S,38791,124892,0.3105963552509368
2014,19,Västra Götalands läns södra,SD,18773,124892,0.15031387118470357
2014,19,Västra Götalands läns södra,V,6520,124892,0.05220510521090222
2014,20,Västra Götalands läns östra,C,14295,174445,0.08194559889936656
2014,20,Västra Götalands läns östra,KD,8919,174445,0.05112786265011895
2014,20,Västra Götalands läns östra,L,7392,174445,0.04237438734271547
2014,20,Västra Götalands läns östra,M,36579,174445,0.20968786723609162
2014,20,Västra Götalands läns östra,MP,8707,174445,0.04991257989624237
2014,20,Västra Götalands läns östra,REST,4506,174445,0.025830490985697497
2014,20,Västra Götalands läns östra,S,60424,174445,0.346378514718106
2014,20,Västra Götalands läns östra,SD,25765,174445,0.14769698185674568
2014,20,Västra Götalands läns östra,V,7858,174445,0.04504571641491588
2014,21,Värmlands län,C,13521,182077,0.07425979118724496
2014,21,Värmlands län,KD,7263,182077,0.03988971698786777
2014,21,Värmlands län,L,7531,182077,0.04136162173146526
2014,21,Värmlands län,M,35687,182077,0.19599949471926711
2014,21,Värmlands län,MP,9398,182077,0.05161552529973583
2014,21,Värmlands län,REST,5009,182077,0.027510339032387397
2014,21,Värmlands län,S,71173,182077,0.39089506088083614
2014,21,Värmlands län,SD,22978,182077,0.1261993552178474
2014,21,Värmlands län,V,9517,182077,0.052269094943348145
2014,22,Örebro län,C,10546,188704,0.05588646769543836
2014,22,Örebro län,KD,9771,188704,0.05177950652874343
2014,22,Örebro län,L,8053,188704,0.04267530100050873
2014,22,Örebro län,M,35070,188704,0.1858466169238596
2014,22,Örebro län,MP,12013,188704,0.06366054773613702
2014,22,Örebro län,REST,6338,188704,0.033586993386467694
2014,22,Örebro län,S,69604,188704,0.36885280651178565
2014,22,Örebro län,SD,27126,188704,0.14374894013905376
2014,22,Örebro län,V,10183,188704,0.05396282007800576
2014,23,Västmanlands län,C,8719,166939,0.052228658372219794
2014,23,Västmanlands län,KD,6496,166939,0.038912417110441536
2014,23,Västmanlands län,L,8756,166939,0.052450296215983086
2014,23,Västmanlands län,M,35697,166939,0.21383259753562678
2014,23,Västmanlands län,MP,8549,166939,0.05121032233330738
2014,23,Västmanlands län,REST,5007,166939,0.029992991451967484
2014,23,Västmanlands län,S,59936,166939,0.3590293460485567
2014,23,Västmanlands län,SD,24728,166939,0.14812596217780147
2014,23,Västmanlands län,V,9051,166939,0.05421740875409581
2014,24,Dalarnas län,C,14371,184911,0.07771846996663259
2014,24,Dalarnas län,KD,6427,184911,0.03475726160152722
2014,24,Dalarnas län,L,6350,184911,0.03434084505518871
2014,24,Dalarnas län,M,35087,184911,0.1897507449529774
2014,24,Dalarnas län,MP,9352,184911,0.05057568235529525
2014,24,Dalarnas län,REST,6066,184911,0.032804971040122005
2014,24,Dalarnas län,S,65543,184911,0.35445700904759586
2014,24,Dalarnas län,SD,31043,184911,0.16788076425956272
2014,24,Dalarnas län,V,10672,184911,0.05771425172109826
2014,25,Gävleborgs län,C,12244,183515,0.06671934174318175
2014,25,Gävleborgs län,KD,5931,183515,0.03231888401493066
2014,25,Gävleborgs län,L,6840,183515,0.037272157589297875
2014,25,Gävleborgs län,M,31911,183515,0.17388769310410593
2014,25,Gävleborgs län,MP,9238,183515,0.05033920932893769
2014,25,Gävleborgs län,REST,5818,183515,0.03170313053428875
2014,25,Gävleborgs län,S,70150,183515,0.3822575811241588
2014,25,Gävleborgs län,SD,29329,183515,0.15981799852873063
2014,25,Gävleborgs län,V,12054,183515,0.06568400403236793
2014,26,Västernorrlands län,C,10922,162112,0.0673731741018555
2014,26,Västernorrlands län,KD,6097,162112,0.03760980063166206
2014,26,Västernorrlands län,L,5440,162112,0.03355704697986577
2014,26,Västernorrlands län,M,25833,162112,0.1593527931306751
2014,26,Västernorrlands län,MP,7073,162112,0.04363032964863798
2014,26,Västernorrlands län,REST,4990,162112,0.030781188314251876
2014,26,Västernorrlands län,S,74977,162112,0.4625012337149625
2014,26,Västernorrlands län,SD,17569,162112,0.108375690880379
2014,26,Västernorrlands län,V,9211,162112,0.05681874259771023
2014,27,Jämtlands län,C,9487,83714,0.1133263253458203
2014,27,Jämtlands län,KD,2119,83714,0.0253123730797716
2014,27,Jämtlands län,L,2370,83714,0.02831067682824856
2014,27,Jämtlands län,M,14513,83714,0.17336407291492462
2014,27,Jämtlands län,MP,4760,83714,0.05686026232171441
2014,27,Jämtlands län,REST,2686,83714,0.0320854337386817
2014,27,Jämtlands län,S,33303,83714,0.3978187638865662
2014,27,Jämtlands län,SD,9224,83714,0.11018467639821296
2014,27,Jämtlands län,V,5252,83714,0.06273741548605968
2014,28,Västerbottens län,C,11660,175279,0.06652251553237981
2014,28,Västerbottens län,KD,7477,175279,0.04265770571488883
2014,28,Västerbottens län,L,7606,175279,0.043393675226353415
2014,28,Västerbottens län,M,24158,175279,0.1378259802942737
2014,28,Västerbottens län,MP,10341,175279,0.05899736990740476
2014,28,Västerbottens län,REST,8183,175279,0.046685569862904286
2014,28,Västerbottens län,S,73661,175279,0.4202500014262975
2014,28,Västerbottens län,SD,12979,175279,0.07404766115735485
2014,28,Västerbottens län,V,19214,175279,0.10961952087814285
2014,29,Norrbottens län,C,7513,166177,0.04521082941682664
2014,29,Norrbottens län,KD,5048,166177,0.030377248355668955
2014,29,Norrbottens län,L,5369,166177,0.03230892361758848
2014,29,Norrbottens län,M,21438,166177,0.12900702263249428
2014,29,Norrbottens län,MP,8111,166177,0.048809402023143995
2014,29,Norrbottens län,REST,5252,166177,0.03160485506417856
2014,29,Norrbottens län,S,80984,166177,0.487335792558537
2014,29,Norrbottens län,SD,18237,166177,0.10974442913279214
2014,29,Norrbottens län,V,14225,166177,0.08560149719876999
2018,01,Stockholms kommun,C,55428,611206,0.09068628252994898
2018,01,Stockholms kommun,KD,29776,611206,0.0487167992460807
2018,01,Stockholms kommun,L,47988,611206,0.07851362715680148
2018,01,Stockholms kommun,M,133731,611206,0.21879857200354708
2018,01,Stockholms kommun,MP,47044,611206,0.07696913970085373
2018,01,Stockholms kommun,REST,11642,611206,0.019047587883626798
2018,01,Stockholms kommun,S,145245,611206,0.23763673785924877
2018,01,Stockholms kommun,SD,60135,611206,0.0983874503849766
2018,01,Stockholms kommun,V,80217,611206,0.13124380323491588
2018,02,Stockholms län,C,69786,815031,0.08562373701123024
2018,02,Stockholms län,KD,56884,815031,0.06979366429006995
2018,02,Stockholms län,L,56525,815031,0.06935319024675135
2018,02,Stockholms län,M,212009,815031,0.2601238480499515
2018,02,Stockholms län,MP,39042,815031,0.047902472421294404
2018,02,Stockholms län,REST,12169,815031,0.014930720426585001
2018,02,Stockholms län,S,187924,815031,0.2305728248373375
2018,02,Stockholms län,SD,124226,815031,0.15241874235458527
2018,02,Stockholms län,V,56466,815031,0.0692808003621948
2018,03,Uppsala län,C,22246,241489,0.09212013797729918
2018,03,Uppsala län,KD,16661,241489,0.06899279056188895
2018,03,Uppsala län,L,15071,241489,0.06240863973100224
2018,03,Uppsala län,M,45790,241489,0.1896152619788065
2018,03,Uppsala län,MP,13404,241489,0.05550563379698454
2018,03,Uppsala län,REST,4750,241489,0.01966963298535337
2018,03,Uppsala län,S,65168,241489,0.2698590826083176
2018,03,Uppsala län,SD,37297,241489,0.15444595820099466
2018,03,Uppsala län,V,21102,241489,0.08738286215935301
2018,04,Södermanlands län,C,13577,183449,0.07400967026257979
2018,04,Södermanlands län,KD,10089,183449,0.05499621148112009
2018,04,Södermanlands län,L,7958,183449,0.04337990395150696
2018,04,Södermanlands län,M,37401,183449,0.20387682680199948
2018,04,Södermanlands län,MP,6773,183449,0.03692034298360852
2018,04,Södermanlands län,REST,2427,183449,0.013229834995012237
2018,04,Södermanlands län,S,57612,183449,0.31404913627220643
2018,04,Södermanlands län,SD,35450,183449,0.19324171840675064
2018,04,Södermanlands län,V,12162,183449,0.06629635484521583
2018,05,Östergötlands län,C,25162,300778,0.08365638444301113
2018,05,Östergötlands län,KD,20065,300778,0.0667103312077346
2018,05,Östergötlands län,L,16082,300778,0.053468006303652525
2018,05,Östergötlands län,M,61354,300778,0.2039843339605955
2018,05,Östergötlands län,MP,12595,300778,0.04187473817898915
2018,05,Östergötlands län,REST,4701,300778,0.015629467580740613
2018,05,Östergötlands län,S,87450,300778,0.29074599871001205
2018,05,Östergötlands län,SD,53017,300778,0.17626621627911615
2018,05,Östergötlands län,V,20352,300778,0.06766452333614825
2018,06,Jönköpings län,C,23084,229580,0.10054882829514766
2018,06,Jönköpings län,KD,27437,229580,0.11950953915846328
2018,06,Jönköpings län,L,9096,229580,0.03962017597351686
2018,06,Jönköpings län,M,40542,229580,0.17659203763394024
2018,06,Jönköpings län,MP,7401,229580,0.03223712866974475
2018,06,Jönköpings län,REST,2739,229580,0.011930481749281296
2018,06,Jönköpings län,S,63782,229580,0.2778203676278421
2018,06,Jönköpings län,SD,44216,229580,0.1925951737956268
2018,06,Jönköpings län,V,11283,229580,0.04914626709643697
2018,07,Kronobergs län,C,11712,124570,0.09401942682828932
2018,07,Kronobergs län,KD,9418,124570,0.07560407802841776
2018,07,Kronobergs län,L,4383,124570,0.03518503652564823
2018,07,Kronobergs län,M,23893,124570,0.1918038050895079
2018,07,Kronobergs län,MP,4020,124570,0.03227101228225095
2018,07,Kronobergs län,REST,1538,124570,0.012346471863209441
2018,07,Kronobergs län,S,36817,124570,0.29555270129244604
2018,07,Kronobergs län,SD,25258,124570,0.20276149955848116
2018,07,Kronobergs län,V,7531,124570,0.06045596853174922
2018,08,Kalmar län,C,15774,160864,0.09805798687089716
2018,08,Kalmar län,KD,11583,160864,0.07200492341356673
2018,08,Kalmar län,L,6038,160864,0.03753481201511836
2018,08,Kalmar län,M,27733,160864,0.17240028844241098
2018,08,Kalmar län,MP,4645,160864,0.0288753232544261
2018,08,Kalmar län,REST,1987,160864,0.012352048935746967
2018,08,Kalmar län,S,50178,160864,0.3119280883230555
2018,08,Kalmar län,SD,33075,160864,0.2056084642928188
2018,08,Kalmar län,V,9851,160864,0.061238064451959416
2018,09,Gotlands län,C,7075,41129,0.17201974276058254
2018,09,Gotlands län,KD,1699,41129,0.04130905200709961
2018,09,Gotlands län,L,1539,41129,0.03741885287753167
2018,09,Gotlands län,M,6822,41129,0.16586836538695324
2018,09,Gotlands län,MP,2037,41129,0.0495270976683119
2018,09,Gotlands län,REST,773,41129,0.018794524544725133
2018,09,Gotlands län,S,12254,41129,0.29794062583578496
2018,09,Gotlands län,SD,5226,41129,0.127063629069513
2018,09,Gotlands län,V,3704,41129,0.09005810984949793
2018,10,Blekinge län,C,7094,104514,0.06787607401879174
2018,10,Blekinge län,KD,5954,104514,0.05696844441892952
2018,10,Blekinge län,L,4197,104514,0.04015729950054538
2018,10,Blekinge län,M,18038,104514,0.17258931817746906
2018,10,Blekinge län,MP,3025,104514,0.0289434908241958
2018,10,Blekinge län,REST,1341,104514,0.012830816924048452
2018,10,Blekinge län,S,32824,104514,0.31406318770691005
2018,10,Blekinge län,SD,26342,104514,0.2520427885259391
2018,10,Blekinge län,V,5699,104514,0.054528579903170865
2018,11,Malmö kommun,C,11003,193298,0.05692247203799315
2018,11,Malmö kommun,KD,7426,193298,0.03841736593239454
2018,11,Malmö kommun,L,10812,193298,0.05593436041759356
2018,11,Malmö kommun,M,37645,193298,0.19475110968556322
2018,11,Malmö kommun,MP,10783,193298,0.05578433299878943
2018,11,Malmö kommun,REST,3880,193298,0.020072633964138272
2018,11,Malmö kommun,S,56248,193298,0.29099111216877566
2018,11,Malmö kommun,SD,32480,193298,0.16803070906062142
2018,11,Malmö kommun,V,23021,193298,0.11909590373413072
2018,12,Skåne läns västra,C,12298,191506,0.06421730911825217
2018,12,Skåne läns västra,KD,10257,191506,0.05355967959228432
2018,12,Skåne läns västra,L,9930,191506,0.05185216128998569
2018,12,Skåne läns västra,M,40284,191506,0.21035372259876975
2018,12,Skåne läns västra,MP,6788,191506,0.035445364636094955
2018,12,Skåne läns västra,REST,2765,191506,0.014438189926164193
2018,12,Skåne läns västra,S,50041,191506,0.26130251793677484
2018,12,Skåne läns västra,SD,50069,191506,0.26144872745501446
2018,12,Skåne läns västra,V,9074,191506,0.047382327446659635
2018,13,Skåne läns södra,C,19994,252804,0.07908893846616351
2018,13,Skåne läns södra,KD,13527,252804,0.053507855888356194
2018,13,Skåne läns södra,L,17768,252804,0.07028369804275249
2018,13,Skåne läns södra,M,60619,252804,0.23978655401022136
2018,13,Skåne läns södra,MP,12435,252804,0.04918830398253192
2018,13,Skåne läns södra,REST,3947,252804,0.015612885872058986
2018,13,Skåne läns södra,S,55185,252804,0.2182916409550482
2018,13,Skåne läns södra,SD,55903,252804,0.22113178588946378
2018,13,Skåne läns södra,V,13426,252804,0.053108336893403586
2018,14,Skåne läns norra och östra,C,13855,202502,0.068419077342446
2018,14,Skåne läns norra och östra,KD,13150,202502,0.06493763024562721
2018,14,Skåne läns norra och östra,L,8984,202502,0.04436499392598592
2018,14,Skåne läns norra och östra,M,40881,202502,0.2018794876099989
2018,14,Skåne läns norra och östra,MP,5816,202502,0.02872070399304698
2018,14,Skåne läns norra och östra,REST,2571,202502,0.012696170902015783
2018,14,Skåne läns norra och östra,S,50610,202502,0.24992345754609832
2018,14,Skåne läns norra och östra,SD,58360,202502,0.28819468449694324
2018,14,Skåne läns norra och östra,V,8275,202502,0.04086379393783765
2018,15,Hallands län,C,21960,216982,0.10120655169553235
2018,15,Hallands län,KD,15415,216982,0.07104275930722365
2018,15,Hallands län,L,12444,216982,0.057350379294134994
2018,15,Hallands län,M,49630,216982,0.2287286503027901
2018,15,Hallands län,MP,7690,216982,0.035440727802306185
2018,15,Hallands län,REST,2932,216982,0.013512641601607507
2018,15,Hallands län,S,56021,216982,0.25818270639960916
2018,15,Hallands län,SD,40392,216982,0.18615369016784802
2018,15,Hallands län,V,10498,216982,0.048381893428948025
2018,16,Göteborgs kommun,C,24893,349645,0.07119506928456006
2018,16,Göteborgs kommun,KD,19283,349645,0.05515022379842412
2018,16,Göteborgs kommun,L,25337,349645,0.07246492871340932
2018,16,Göteborgs kommun,M,69432,349645,0.19857855825194126
2018,16,Göteborgs kommun,MP,24286,349645,0.06945902272304766
2018,16,Göteborgs kommun,REST,7331,349645,0.02096698079480616
2018,16,Göteborgs kommun,S,83097,349645,0.2376610562141601
2018,16,Göteborgs kommun,SD,47040,349645,0.13453645840781364
2018,16,Göteborgs kommun,V,48946,349645,0.13998770181183773
2018,17,Västra Götalands läns västra,C,19932,243278,0.0819309596428777
2018,17,Västra Götalands läns västra,KD,18724,243278,0.07696544693724874
2018,17,Västra Götalands läns västra,L,16757,243278,0.06888004669554995
2018,17,Västra Götalands läns västra,M,52958,243278,0.21768511743766392
2018,17,Västra Götalands läns västra,MP,12166,243278,0.05000863209990217
2018,17,Västra Götalands läns västra,REST,3320,243278,0.01364693889295374
2018,17,Västra Götalands läns västra,S,58966,243278,0.24238114420539464
2018,17,Västra Götalands läns västra,SD,43848,243278,0.18023824595729987
2018,17,Västra Götalands läns västra,V,16607,243278,0.06826346813110927
2018,18,Västra Götalands läns norra,C,13809,174573,0.07910157928201955
2018,18,Västra Götalands läns norra,KD,11347,174573,0.06499859657564458
2018,18,Västra Götalands läns norra,L,8124,174573,0.04653640597343232
2018,18,Västra Götalands läns norra,M,30794,174573,0.17639612082051634
2018,18,Västra Götalands läns norra,MP,6349,174573,0.03636873972492883
2018,18,Västra Götalands läns norra,REST,2402,174573,0.01375928694586219
2018,18,Västra Götalands läns norra,S,53328,174573,0.30547679194377136
2018,18,Västra Götalands läns norra,SD,37391,174573,0.21418546968889807
2018,18,Västra Götalands läns norra,V,11029,174573,0.06317700904492676
2018,19,Västra Götalands läns södra,C,13760,143505,0.09588516079579108
2018,19,Västra Götalands läns södra,KD,10445,143505,0.07278492038604926
2018,19,Västra Götalands läns södra,L,7624,143505,0.053127068743249364
2018,19,Västra Götalands läns södra,M,27197,143505,0.189519528936274
2018,19,Västra Götalands läns södra,MP,4891,143505,0.03408243615205045
2018,19,Västra Götalands läns södra,REST,1920,143505,0.013379324762203408
2018,19,Västra Götalands läns södra,S,40234,143505,0.2803665377512979
2018,19,Västra Götalands läns södra,SD,28221,143505,0.19665516880944914
2018,19,Västra Götalands läns södra,V,9213,143505,0.06419985366363541
2018,20,Västra Götalands läns östra,C,16533,177001,0.09340625194207942
2018,20,Västra Götalands läns östra,KD,13837,177001,0.07817469957796849
2018,20,Västra Götalands läns östra,L,7662,177001,0.043287891028864246
2018,20,Västra Götalands läns östra,M,32569,177001,0.18400461014344552
2018,20,Västra Götalands läns östra,MP,5425,177001,0.030649544352856762
2018,20,Västra Götalands läns östra,REST,2480,177001,0.014011220275591664
2018,20,Västra Götalands läns östra,S,53888,177001,0.3044502573431789
2018,20,Västra Götalands läns östra,SD,34501,177001,0.194919802712979
2018,20,Västra Götalands läns östra,V,10106,177001,0.05709572262303603
2018,21,Värmlands län,C,17071,183966,0.09279432068969266
2018,21,Värmlands län,KD,11657,183966,0.0633649696139504
2018,21,Värmlands län,L,8168,183966,0.044399508604850896
2018,21,Värmlands län,M,30219,183966,0.16426404879162454
2018,21,Värmlands län,MP,6133,183966,0.03333768196297142
2018,21,Värmlands län,REST,2452,183966,0.01332854984073144
2018,21,Värmlands län,S,62369,183966,0.33902460237217746
2018,21,Värmlands län,SD,33118,183966,0.18002239544263615
2018,21,Värmlands län,V,12779,183966,0.06946392268136503
2018,22,Örebro län,C,15254,195157,0.07816271002321208
2018,22,Örebro län,KD,13520,195157,0.06927755601900008
2018,22,Örebro län,L,8888,195157,0.04554281937107047
2018,22,Örebro län,M,32470,195157,0.1663788641965187
2018,22,Örebro län,MP,7189,195157,0.03683700815241062
2018,22,Örebro län,REST,2916,195157,0.014941816076287296
2018,22,Örebro län,S,64646,195157,0.3312512489943994
2018,22,Örebro län,SD,35499,195157,0.18189970126616006
2018,22,Örebro län,V,14775,195157,0.0757082759009413
2018,23,Västmanlands län,C,11539,172719,0.06680793659064724
2018,23,Västmanlands län,KD,9969,172719,0.05771802754763518
2018,23,Västmanlands län,L,9448,172719,0.05470156728559104
2018,23,Västmanlands län,M,33122,172719,0.19176813205264043
2018,23,Västmanlands län,MP,5108,172719,0.02957404802019465
2018,23,Västmanlands län,REST,2325,172719,0.013461171035033782
2018,23,Västmanlands län,S,54287,172719,0.31430821160381894
2018,23,Västmanlands län,SD,34740,172719,0.20113594914282737
2018,23,Västmanlands län,V,12181,172719,0.07052495672161141
2018,24,Dalarnas län,C,18813,188027,0.10005477936679306
2018,24,Dalarnas län,KD,11522,188027,0.06127843341647742
2018,24,Dalarnas län,L,6848,188027,0.036420301339701214
2018,24,Dalarnas län,M,31320,188027,0.16657182213192787
2018,24,Dalarnas län,MP,6249,188027,0.03323458864950247
2018,24,Dalarnas län,REST,2816,188027,0.014976572513521995
2018,24,Dalarnas län,S,57776,188027,0.30727501901322685
2018,24,Dalarnas län,SD,39029,188027,0.20757125306471944
2018,24,Dalarnas län,V,13654,188027,0.07261723050412973
2018,25,Gävleborgs län,C,16825,185413,0.09074336750929007
2018,25,Gävleborgs län,KD,9782,185413,0.05275789723482172
2018,25,Gävleborgs län,L,7441,185413,0.04013202957721411
2018,25,Gävleborgs län,M,28334,185413,0.15281560624120208
2018,25,Gävleborgs län,MP,5661,185413,0.030531839730763215
2018,25,Gävleborgs län,REST,2325,185413,0.012539573816291198
2018,25,Gävleborgs län,S,63232,185413,0.3410332608824624
2018,25,Gävleborgs län,SD,36330,185413,0.19594095343907925
2018,25,Gävleborgs län,V,15483,185413,0.08350547156887597
2018,26,Västernorrlands län,C,16108,163001,0.09882147962282439
2018,26,Västernorrlands län,KD,8816,163001,0.05408555775731437
2018,26,Västernorrlands län,L,5601,163001,0.034361752381887226
2018,26,Västernorrlands län,M,22255,163001,0.1365329047061061
2018,26,Västernorrlands län,MP,4366,163001,0.02678511174778069
2018,26,Västernorrlands län,REST,2278,163001,0.013975374384206232
2018,26,Västernorrlands län,S,64882,163001,0.39804663775068866
2018,26,Västernorrlands län,SD,25360,163001,0.1555818675959043
2018,26,Västernorrlands län,V,13335,163001,0.08180931405328802
2018,27,Jämtlands län,C,13086,85223,0.15355009797824531
2018,27,Jämtlands län,KD,4118,85223,0.048320289123828075
2018,27,Jämtlands län,L,2439,85223,0.028619034767609682
2018,27,Jämtlands län,M,12218,85223,0.14336505403470895
2018,27,Jämtlands län,MP,3049,85223,0.03577672693991059
2018,27,Jämtlands län,REST,1245,85223,0.014608732384450207
2018,27,Jämtlands län,S,28632,85223,0.33596564307757293
2018,27,Jämtlands län,SD,13257,85223,0.15555659857080836
2018,27,Jämtlands län,V,7179,85223,0.08423782312286589
2018,28,Västerbottens län,C,18078,178837,0.10108646421042626
2018,28,Västerbottens län,KD,9376,178837,0.05242762962921543
2018,28,Västerbottens län,L,7038,178837,0.03935427232619648
2018,28,Västerbottens län,M,24139,178837,0.1349776612222303
2018,28,Västerbottens län,MP,6925,178837,0.03872241202883072
2018,28,Västerbottens län,REST,2817,178837,0.015751773961764064
2018,28,Västerbottens län,S,68197,178837,0.38133607698630595
2018,28,Västerbottens län,SD,19571,178837,0.10943484849332073
2018,28,Västerbottens län,V,22696,178837,0.12690886114171004
2018,29,Norrbottens län,C,11751,166678,0.07050120591799758
2018,29,Norrbottens län,KD,7741,166678,0.0464428418867517
2018,29,Norrbottens län,L,5356,166678,0.03213381490058676
2018,29,Norrbottens län,M,21299,166678,0.12778531059887926
2018,29,Norrbottens län,MP,4604,166678,0.02762212169572469
2018,29,Norrbottens län,REST,2348,166678,0.014087042081138482
2018,29,Norrbottens län,S,69493,166678,0.4169296487838827
2018,29,Norrbottens län,SD,26276,166678,0.15764528012095178
2018,29,Norrbottens län,V,17810,166678,0.10685273401408704
2022,01,Stockholms kommun,C,51437,606754,0.08477405999795634
2022,01,Stockholms kommun,KD,19227,606754,0.031688295421208594
2022,01,Stockholms kommun,L,41663,606754,0.06866538992738408
2022,01,Stockholms kommun,M,115706,606754,0.19069672387821093
2022,01,Stockholms kommun,MP,60791,606754,0.10019052202375263
2022,01,Stockholms kommun,REST,11721,606754,0.019317548792426583
2022,01,Stockholms kommun,S,170308,606754,0.2806870659278719
2022,01,Stockholms kommun,SD,64730,606754,0.10668244461511585
2022,01,Stockholms kommun,V,71171,606754,0.11729794941607308
2022,02,Stockholms län,C,60776,822512,0.07389071527223919
2022,02,Stockholms län,KD,40207,822512,0.048883177388293425
2022,02,Stockholms län,L,48949,822512,0.05951159375182368
2022,02,Stockholms län,M,197466,822512,0.24007674052171885
2022,02,Stockholms län,MP,42284,822512,0.05140836851012508
2022,02,Stockholms län,REST,13836,822512,0.016821639076390376
2022,02,Stockholms län,S,223056,822512,0.271188748614002
2022,02,Stockholms län,SD,144315,822512,0.17545640671503882
2022,02,Stockholms län,V,51623,822512,0.06276261015036863
2022,03,Uppsala län,C,18040,248891,0.07248152805846736
2022,03,Uppsala län,KD,14766,248891,0.05932717534985194
2022,03,Uppsala län,L,12465,248891,0.05008216448164056
2022,03,Uppsala län,M,45457,248891,0.18263818297969794
2022,03,Uppsala län,MP,16750,248891,0.06729853630705811
2022,03,Uppsala län,REST,4134,248891,0.016609680542888253
2022,03,Uppsala län,S,72499,248891,0.29128815425226307
2022,03,Uppsala län,SD,45237,248891,0.1817542619058142
2022,03,Uppsala län,V,19543,248891,0.0785203161223186
2022,04,Södermanlands län,C,10989,184883,0.05943759025978592
2022,04,Södermanlands län,KD,8772,184883,0.047446222746277376
2022,04,Södermanlands län,L,6643,184883,0.0359308319315459
2022,04,Södermanlands län,M,35513,184883,0.19208364208715784
2022,04,Södermanlands län,MP,7409,184883,0.04007399274135534
2022,04,Södermanlands län,REST,2514,184883,0.013597788871881136
2022,04,Södermanlands län,S,60891,184883,0.3293488314231162
2022,04,Södermanlands län,SD,42547,184883,0.23012932503258818
2022,04,Södermanlands län,V,9605,184883,0.05195177490629209
2022,05,Östergötlands län,C,19479,300600,0.0648003992015968
2022,05,Östergötlands län,KD,17943,300600,0.05969061876247505
2022,05,Östergötlands län,L,13271,300600,0.04414836992681304
2022,05,Östergötlands län,M,59623,300600,0.19834664005322689
2022,05,Östergötlands län,MP,13917,300600,0.046297405189620756
2022,05,Östergötlands län,REST,3913,300600,0.01301729873586161
2022,05,Östergötlands län,S,91837,300600,0.3055123087159015
2022,05,Östergötlands län,SD,63733,300600,0.21201929474384565
2022,05,Östergötlands län,V,16884,300600,0.05616766467065868
2022,06,Jönköpings län,C,17078,229125,0.07453573376977632
2022,06,Jönköpings län,KD,21326,229125,0.09307583196944899
2022,06,Jönköpings län,L,8480,229125,0.03701036552100382
2022,06,Jönköpings län,M,42913,229125,0.18729078014184397
2022,06,Jönköpings län,MP,7377,229125,0.03219639934533552
2022,06,Jönköpings län,REST,2976,229125,0.012988543371522094
2022,06,Jönköpings län,S,66568,229125,0.29053136933988
2022,06,Jönköpings län,SD,53338,229125,0.2327899618112384
2022,06,Jönköpings län,V,9069,229125,0.0395810147299509
2022,07,Kronobergs län,C,7559,124992,0.060475870455709166
2022,07,Kronobergs län,KD,8451,124992,0.06761232718894009
2022,07,Kronobergs län,L,3897,124992,0.031177995391705068
2022,07,Kronobergs län,M,24390,124992,0.19513248847926268
2022,07,Kronobergs län,MP,4338,124992,0.03470622119815668
2022,07,Kronobergs län,REST,1848,124992,0.01478494623655914
2022,07,Kronobergs län,S,38712,124992,0.309715821812596
2022,07,Kronobergs län,SD,29516,124992,0.2361431131592422
2022,07,Kronobergs län,V,6281,124992,0.05025121607782898
2022,08,Kalmar län,C,10523,161267,0.06525203544432524
2022,08,Kalmar län,KD,11226,161267,0.0696112657890331
2022,08,Kalmar län,L,5126,161267,0.0317857962261343
2022,08,Kalmar län,M,28672,161267,0.17779210873892365
2022,08,Kalmar län,MP,5427,161267,0.033652266117680615
2022,08,Kalmar län,REST,2114,161267,0.013108695517371812
2022,08,Kalmar län,S,51179,161267,0.31735568963272087
2022,08,Kalmar län,SD,39516,161267,0.24503463200778833
2022,08,Kalmar län,V,7484,161267,0.046407510526022065
2022,09,Gotlands län,C,4858,41459,0.11717600520996647
2022,09,Gotlands län,KD,1645,41459,0.03967775392556502
2022,09,Gotlands län,L,1169,41459,0.028196531513061097
2022,09,Gotlands län,M,6969,41459,0.1680937793965122
2022,09,Gotlands län,MP,2683,41459,0.06471453725367231
2022,09,Gotlands län,REST,628,41459,0.015147495115656431
2022,09,Gotlands län,S,14361,41459,0.34639040980245545
2022,09,Gotlands län,SD,6504,41459,0.1568778793506838
2022,09,Gotlands län,V,2642,41459,0.06372560843242722
2022,10,Blekinge län,C,5014,103580,0.04840702838385789
2022,10,Blekinge län,KD,5735,103580,0.05536783162772736
2022,10,Blekinge län,L,3637,103580,0.03511295616914462
2022,10,Blekinge län,M,18500,103580,0.17860590847653987
2022,10,Blekinge län,MP,3015,103580,0.029107935894960416
2022,10,Blekinge län,REST,1268,103580,0.012241745510716355
2022,10,Blekinge län,S,32255,103580,0.31140181502220504
2022,10,Blekinge län,SD,29556,103580,0.28534466113149254
2022,10,Blekinge län,V,4600,103580,0.04441011778335586
2022,11,Malmö kommun,C,10546,192045,0.054914212814704884
2022,11,Malmö kommun,KD,5753,192045,0.029956520607149366
2022,11,Malmö kommun,L,8706,192045,0.04533312504881668
2022,11,Malmö kommun,M,34313,192045,0.17867166549506627
2022,11,Malmö kommun,MP,14386,192045,0.07490952641308027
2022,11,Malmö kommun,REST,6133,192045,0.03193522351532193
2022,11,Malmö kommun,S,56789,192045,0.29570673540055714
2022,11,Malmö kommun,SD,31433,192045,0.16367518029628472
2022,11,Malmö kommun,V,23986,192045,0.12489781040901872
2022,12,Skåne läns västra,C,9524,191683,0.04968620065420512
2022,12,Skåne läns västra,KD,9055,191683,0.04723945263794911
2022,12,Skåne läns västra,L,8592,191683,0.04482400630207165
2022,12,Skåne läns västra,M,37982,191683,0.1981500706896282
2022,12,Skåne läns västra,MP,6779,191683,0.035365681881022314
2022,12,Skåne läns västra,REST,3413,191683,0.017805439188660444
2022,12,Skåne läns västra,S,52402,191683,0.2733784425327233
2022,12,Skåne läns västra,SD,55104,191683,0.28747463259652656
2022,12,Skåne läns västra,V,8832,191683,0.046076073517213316
2022,13,Skåne läns södra,C,17171,259372,0.06620221149545825
2022,13,Skåne läns södra,KD,12341,259372,0.047580309362614315
2022,13,Skåne läns södra,L,15949,259372,0.06149083170118594
2022,13,Skåne läns södra,M,57216,259372,0.22059435868173896
2022,13,Skåne läns södra,MP,14386,259372,0.05546473790540228
2022,13,Skåne läns södra,REST,3132,259372,0.012075320389247876
2022,13,Skåne läns södra,S,65747,259372,0.2534853415172031
2022,13,Skåne läns södra,SD,60573,259372,0.23353715898400754
2022,13,Skåne läns södra,V,12857,259372,0.04956972996314174
2022,14,Skåne läns norra och östra,C,10040,202971,0.049465194535179904
2022,14,Skåne läns norra och östra,KD,12480,202971,0.061486616314645935
2022,14,Skåne läns norra och östra,L,7625,202971,0.03756694306083135
2022,14,Skåne läns norra och östra,M,39595,202971,0.19507712924506457
2022,14,Skåne läns norra och östra,MP,6006,202971,0.029590434101423355
2022,14,Skåne läns norra och östra,REST,2739,202971,0.013494538628671091
2022,14,Skåne läns norra och östra,S,51154,202971,0.25202615151918256
2022,14,Skåne läns norra och östra,SD,65345,202971,0.3219425435160688
2022,14,Skåne läns norra och östra,V,7987,202971,0.03935044907893246
2022,15,Hallands län,C,15590,221675,0.07032818315100936
2022,15,Hallands län,KD,13328,221675,0.06012405548663584
2022,15,Hallands län,L,10739,221675,0.04844479530844705
2022,15,Hallands län,M,49810,221675,0.22469831961204467
2022,15,Hallands län,MP,7963,221675,0.03592195782113455
2022,15,Hallands län,REST,2570,221675,0.011593549114694936
2022,15,Hallands län,S,62666,221675,0.282693131837149
2022,15,Hallands län,SD,50046,221675,0.22576294124281043
2022,15,Hallands län,V,8963,221675,0.04043306642607421
2022,16,Göteborgs kommun,C,20343,347103,0.05860796363039213
2022,16,Göteborgs kommun,KD,15170,347103,0.04370460641365819
2022,16,Göteborgs kommun,L,20317,347103,0.05853305791076424
2022,16,Göteborgs kommun,M,64157,347103,0.18483562516025503
2022,16,Göteborgs kommun,MP,27485,347103,0.07918398861433061
2022,16,Göteborgs kommun,REST,8160,347103,0.02350887200629208
2022,16,Göteborgs kommun,S,95980,347103,0.2765173449955777
2022,16,Göteborgs kommun,SD,50889,347103,0.14661066023629873
2022,16,Göteborgs kommun,V,44602,347103,0.1284978810324313
2022,17,Västra Götalands läns västra,C,15881,247863,0.06407168476133994
2022,17,Västra Götalands läns västra,KD,15571,247863,0.06282099385547661
2022,17,Västra Götalands läns västra,L,13467,247863,0.05433243364277847
2022,17,Västra Götalands läns västra,M,50707,247863,0.20457672181810113
2022,17,Västra Götalands läns västra,MP,12846,247863,0.05182701734425872
2022,17,Västra Götalands läns västra,REST,3276,247863,0.013216978734220114
2022,17,Västra Götalands läns västra,S,69468,247863,0.2802677285435906
2022,17,Västra Götalands läns västra,SD,52558,247863,0.21204455687214308
2022,17,Västra Götalands läns västra,V,14089,247863,0.05684188442809132
2022,18,Västra Götalands läns norra,C,9938,173655,0.057228412657280237
2022,18,Västra Götalands läns norra,KD,10711,173655,0.0616797673548127
2022,18,Västra Götalands läns norra,L,6311,173655,0.03634217269874176
2022,18,Västra Götalands läns norra,M,30443,173655,0.17530736229881086
2022,18,Västra Götalands läns norra,MP,6318,173655,0.03638248250842187
2022,18,Västra Götalands läns norra,REST,2505,173655,0.01442515332124039
2022,18,Västra Götalands läns norra,S,54311,173655,0.3127522962195157
2022,18,Västra Götalands läns norra,SD,44165,173655,0.2543261063603121
2022,18,Västra Götalands läns norra,V,8953,173655,0.05155624658086436
2022,19,Västra Götalands läns södra,C,10063,141906,0.07091313968401618
2022,19,Västra Götalands läns södra,KD,9871,141906,0.06956013135455866
2022,19,Västra Götalands läns södra,L,5445,141906,0.03837047059320959
2022,19,Västra Götalands läns södra,M,26846,141906,0.18918157089904586
2022,19,Västra Götalands läns södra,MP,5053,141906,0.035608078587233805
2022,19,Västra Götalands läns södra,REST,2218,141906,0.01563006497258749
2022,19,Västra Götalands läns södra,S,41350,141906,0.29139007512014997
2022,19,Västra Götalands läns södra,SD,33477,141906,0.23590968669400872
2022,19,Västra Götalands läns södra,V,7583,141906,0.053436782095189775
2022,20,Västra Götalands läns östra,C,11667,176526,0.06609224703443119
2022,20,Västra Götalands läns östra,KD,12289,176526,0.06961580730317347
2022,20,Västra Götalands läns östra,L,5919,176526,0.03353047143197036
2022,20,Västra Götalands läns östra,M,32790,176526,0.18575167397437203
2022,20,Västra Götalands läns östra,MP,5748,176526,0.032561775602460825
2022,20,Västra Götalands läns östra,REST,2264,176526,0.012825306187190556
2022,20,Västra Götalands läns östra,S,55421,176526,0.31395375185525076
2022,20,Västra Götalands läns östra,SD,42572,176526,0.2411656073326309
2022,20,Västra Götalands läns östra,V,7856,176526,0.04450335927851988
2022,21,Värmlands län,C,11557,182237,0.06341741797768839
2022,21,Värmlands län,KD,10590,182237,0.05811114098673705
2022,21,Värmlands län,L,6766,182237,0.03712747685705976
2022,21,Värmlands län,M,31068,182237,0.17048129633389486
2022,21,Värmlands län,MP,6635,182237,0.036408632714542054
2022,21,Värmlands län,REST,1906,182237,0.01045890790563936
2022,21,Värmlands län,S,63034,182237,0.3458902418279493
2022,21,Värmlands län,SD,41555,182237,0.22802723925437754
2022,21,Värmlands län,V,9126,182237,0.050077646142111645
2022,22,Örebro län,C,12159,194190,0.06261393480611772
2022,22,Örebro län,KD,10368,194190,0.05339100880580874
2022,22,Örebro län,L,8828,194190,0.045460631340439775
2022,22,Örebro län,M,32508,194190,0.1674030588598795
2022,22,Örebro län,MP,7866,194190,0.04050672022246254
2022,22,Örebro län,REST,3119,194190,0.016061589165250526
2022,22,Örebro län,S,64565,194190,0.33248365003347236
2022,22,Örebro län,SD,42904,194190,0.22093825634687678
2022,22,Örebro län,V,11873,194190,0.06114115041969206
2022,23,Västmanlands län,C,9224,170749,0.054020814177535445
2022,23,Västmanlands län,KD,8554,170749,0.050096925897076997
2022,23,Västmanlands län,L,7100,170749,0.041581502673514924
2022,23,Västmanlands län,M,32671,170749,0.19133933434456424
2022,23,Västmanlands län,MP,5465,170749,0.03200604395926184
2022,23,Västmanlands län,REST,2200,170749,0.012884409279117302
2022,23,Västmanlands län,S,54645,170749,0.32003115684425676
2022,23,Västmanlands län,SD,40415,170749,0.23669245500705713
2022,23,Västmanlands län,V,10475,170749,0.06134735781761533
2022,24,Dalarnas län,C,12131,186599,0.06501106651161045
2022,24,Dalarnas län,KD,11231,186599,0.060187889538529146
2022,24,Dalarnas län,L,5786,186599,0.0310076688513872
2022,24,Dalarnas län,M,30664,186599,0.164330998558406
2022,24,Dalarnas län,MP,7087,186599,0.03797983912025252
2022,24,Dalarnas län,REST,2752,186599,0.014748203366577527
2022,24,Dalarnas län,S,59080,186599,0.31661477285516
2022,24,Dalarnas län,SD,47931,186599,0.25686632832973383
2022,24,Dalarnas län,V,9937,186599,0.053253232868343346
2022,25,Gävleborgs län,C,11405,182587,0.06246337362462826
2022,25,Gävleborgs län,KD,9303,182587,0.05095105347040041
2022,25,Gävleborgs län,L,5462,182587,0.02991450650922574
2022,25,Gävleborgs län,M,29661,182587,0.16244858615345015
2022,25,Gävleborgs län,MP,6308,182587,0.03454791414503771
2022,25,Gävleborgs län,REST,2256,182587,0.012355753695498585
2022,25,Gävleborgs län,S,63415,182587,0.3473138832446998
2022,25,Gävleborgs län,SD,43994,182587,0.24094815074457657
2022,25,Gävleborgs län,V,10783,182587,0.059056778412482816
2022,26,Västernorrlands län,C,11822,158723,0.07448195913635705
2022,26,Västernorrlands län,KD,8591,158723,0.0541257410709223
2022,26,Västernorrlands län,L,4348,158723,0.027393635452958927
2022,26,Västernorrlands län,M,22176,158723,0.13971510115106192
2022,26,Västernorrlands län,MP,5437,158723,0.03425464488448429
2022,26,Västernorrlands län,REST,1835,158723,0.011561021402065233
2022,26,Västernorrlands län,S,62562,158723,0.3941583765427821
2022,26,Västernorrlands län,SD,32829,158723,0.2068320281244684
2022,26,Västernorrlands län,V,9123,158723,0.05747749223489979
2022,27,Jämtlands län,C,7771,85024,0.09139772299585999
2022,27,Jämtlands län,KD,4574,85024,0.05379657508468197
2022,27,Jämtlands län,L,2244,85024,0.026392547986450885
2022,27,Jämtlands län,M,12574,85024,0.14788765525028227
2022,27,Jämtlands län,MP,4269,85024,0.05020935265336846
2022,27,Jämtlands län,REST,1080,85024,0.012702295822356042
2022,27,Jämtlands län,S,30666,85024,0.36067463304478736
2022,27,Jämtlands län,SD,17097,85024,0.20108439969890854
2022,27,Jämtlands län,V,4749,85024,0.05585481746330448
2022,28,Västerbottens län,C,13827,177543,0.07787972491171152
2022,28,Västerbottens län,KD,8368,177543,0.047132244019758594
2022,28,Västerbottens län,L,5544,177543,0.031226238150757844
2022,28,Västerbottens län,M,25121,177543,0.14149248351103677
2022,28,Västerbottens län,MP,9653,177543,0.05436992728522105
2022,28,Västerbottens län,REST,1949,177543,0.010977622322479624
2022,28,Västerbottens län,S,72318,177543,0.4073266757912168
2022,28,Västerbottens län,SD,25666,177543,0.14456216240572706
2022,28,Västerbottens län,V,15097,177543,0.08503292160209076
2022,29,Norrbottens län,C,8533,161456,0.05285031215934992
2022,29,Norrbottens län,KD,8266,161456,0.05119661084134377
2022,29,Norrbottens län,L,4094,161456,0.025356753542760877
2022,29,Norrbottens län,M,21917,161456,0.13574596174809236
2022,29,Norrbottens län,MP,5561,161456,0.03444282033495194
2022,29,Norrbottens län,REST,1793,161456,0.011105192746011298
2022,29,Norrbottens län,S,67235,161456,0.41642924388068575
2022,29,Norrbottens län,SD,32780,161456,0.20302745020315133
2022,29,Norrbottens län,V,11277,161456,0.06984565454365275
