election_year,election_date,party,party_raw,final_poll_consensus_pct,actual_result_pct,votes,valid_votes_total,residual_pp,distance_from_4_pp,passed_4pct,forecast_side,actual_side,quadrant,threshold_crossing_distance_pp,threshold_band,party_eligible_poll_count,party_contributing_poll_count,party_pollster_count,party_sample_size_coverage,election_poll_count,election_pollster_count,consensus_window_days,metadata_quality,episode_quality,source_notes
1991,1991-09-15,C,C,,8.5029,465175,5470761,,,True,,True,unpolled_excluded,,EXCLUDED,0,0,0,0.0,0,0,14,NO_POLLS,EXCLUDE,Single pre-election poll ended E-18d (outside canonical 14d; eligible for 21d sensitivity).
1991,1991-09-15,KD,KDS,,7.1352,390351,5470761,,,True,,True,unpolled_excluded,,EXCLUDED,0,0,0,0.0,0,0,14,NO_POLLS,EXCLUDE,Single pre-election poll ended E-18d (outside canonical 14d; eligible for 21d sensitivity).
1991,1991-09-15,L,FP,,9.1277,499356,5470761,,,True,,True,unpolled_excluded,,EXCLUDED,0,0,0,0.0,0,0,14,NO_POLLS,EXCLUDE,Single pre-election poll ended E-18d (outside canonical 14d; eligible for 21d sensitivity).
1991,1991-09-15,M,M,,21.9237,1199394,5470761,,,True,,True,unpolled_excluded,,EXCLUDED,0,0,0,0.0,0,0,14,NO_POLLS,EXCLUDE,Single pre-election poll ended E-18d (outside canonical 14d; eligible for 21d sensitivity).
1991,1991-09-15,MP,MP,,3.3825,185051,5470761,,,False,,False,unpolled_excluded,,EXCLUDED,0,0,0,0.0,0,0,14,NO_POLLS,EXCLUDE,Single pre-election poll ended E-18d (outside canonical 14d; eligible for 21d sensitivity).
1991,1991-09-15,NYD,NYD,,6.7318,368281,5470761,,,True,,True,unpolled_excluded,,EXCLUDED,0,0,0,0.0,0,0,14,NO_POLLS,EXCLUDE,Single pre-election poll ended E-18d (outside canonical 14d; eligible for 21d sensitivity).
1991,1991-09-15,S,S,,37.7052,2062761,5470761,,,True,,True,unpolled_excluded,,EXCLUDED,0,0,0,0.0,0,0,14,NO_POLLS,EXCLUDE,Single pre-election poll ended E-18d (outside canonical 14d; eligible for 21d sensitivity).
1991,1991-09-15,SD,SD,,0.0908,4968,5470761,,,False,,False,unpolled_excluded,,EXCLUDED,0,0,0,0.0,0,0,14,NO_POLLS,EXCLUDE,Single pre-election poll ended E-18d (outside canonical 14d; eligible for 21d sensitivity).
1991,1991-09-15,V,V,,4.5132,246905,5470761,,,True,,True,unpolled_excluded,,EXCLUDED,0,0,0,0.0,0,0,14,NO_POLLS,EXCLUDE,Single pre-election poll ended E-18d (outside canonical 14d; eligible for 21d sensitivity).
1994,1994-09-18,C,C,7.0,7.6528,425153,5555540,0.6528,3.0,True,True,True,above_to_above,0.6528,>=6,1,1,1,1.0,1,1,14,COMPLETE,LOW,Included with LOW quality grade (single pollster Ipsos/TEMO in 14-day window).
1994,1994-09-18,KD,KDS,4.5,4.0675,225974,5555540,-0.4325,0.5,True,True,True,above_to_above,-0.4325,4.5–5,1,1,1,1.0,1,1,14,COMPLETE,LOW,Included with LOW quality grade (single pollster Ipsos/TEMO in 14-day window).
1994,1994-09-18,L,FP,7.0,7.192,399556,5555540,0.192,3.0,True,True,True,above_to_above,0.192,>=6,1,1,1,1.0,1,1,14,COMPLETE,LOW,Included with LOW quality grade (single pollster Ipsos/TEMO in 14-day window).
1994,1994-09-18,M,M,21.5,22.3786,1243253,5555540,0.8786,17.5,True,True,True,above_to_above,0.8786,>=6,1,1,1,1.0,1,1,14,COMPLETE,LOW,Included with LOW quality grade (single pollster Ipsos/TEMO in 14-day window).
1994,1994-09-18,MP,MP,7.0,5.0228,279042,5555540,-1.9772,3.0,True,True,True,above_to_above,-1.9772,>=6,1,1,1,1.0,1,1,14,COMPLETE,LOW,Included with LOW quality grade (single pollster Ipsos/TEMO in 14-day window).
1994,1994-09-18,S,S,45.0,45.2504,2513905,5555540,0.2504,41.0,True,True,True,above_to_above,0.2504,>=6,1,1,1,1.0,1,1,14,COMPLETE,LOW,Included with LOW quality grade (single pollster Ipsos/TEMO in 14-day window).
1994,1994-09-18,SD,SD,,0.2511,13950,5555540,,,False,,False,unpolled,,UNPOLLED,0,0,0,0.0,1,1,14,NO_PARTY_POLLS,EXCLUDE,Included with LOW quality grade (single pollster Ipsos/TEMO in 14-day window).
1994,1994-09-18,V,V,6.5,6.1738,342988,5555540,-0.3262,2.5,True,True,True,above_to_above,-0.3262,>=6,1,1,1,1.0,1,1,14,COMPLETE,LOW,Included with LOW quality grade (single pollster Ipsos/TEMO in 14-day window).
1998,1998-09-20,C,C,,5.1284,269762,5260109,,,True,,True,unpolled_excluded,,EXCLUDED,0,0,0,0.0,0,0,14,INDETERMINATE,EXCLUDE,Excluded from canonical 14d and all sensitivity windows due to missing/corrupt interview dates in SwedishPolls.
1998,1998-09-20,KD,KD,,11.7494,618033,5260109,,,True,,True,unpolled_excluded,,EXCLUDED,0,0,0,0.0,0,0,14,INDETERMINATE,EXCLUDE,Excluded from canonical 14d and all sensitivity windows due to missing/corrupt interview dates in SwedishPolls.
1998,1998-09-20,L,FP,,4.7162,248076,5260109,,,True,,True,unpolled_excluded,,EXCLUDED,0,0,0,0.0,0,0,14,INDETERMINATE,EXCLUDE,Excluded from canonical 14d and all sensitivity windows due to missing/corrupt interview dates in SwedishPolls.
1998,1998-09-20,M,M,,22.9069,1204926,5260109,,,True,,True,unpolled_excluded,,EXCLUDED,0,0,0,0.0,0,0,14,INDETERMINATE,EXCLUDE,Excluded from canonical 14d and all sensitivity windows due to missing/corrupt interview dates in SwedishPolls.
1998,1998-09-20,MP,MP,,4.4999,236699,5260109,,,True,,True,unpolled_excluded,,EXCLUDED,0,0,0,0.0,0,0,14,INDETERMINATE,EXCLUDE,Excluded from canonical 14d and all sensitivity windows due to missing/corrupt interview dates in SwedishPolls.
1998,1998-09-20,S,S,,36.3952,1914426,5260109,,,True,,True,unpolled_excluded,,EXCLUDED,0,0,0,0.0,0,0,14,INDETERMINATE,EXCLUDE,Excluded from canonical 14d and all sensitivity windows due to missing/corrupt interview dates in SwedishPolls.
1998,1998-09-20,SD,SD,,0.3731,19624,5260109,,,False,,False,unpolled_excluded,,EXCLUDED,0,0,0,0.0,0,0,14,INDETERMINATE,EXCLUDE,Excluded from canonical 14d and all sensitivity windows due to missing/corrupt interview dates in SwedishPolls.
1998,1998-09-20,V,V,,11.9962,631011,5260109,,,True,,True,unpolled_excluded,,EXCLUDED,0,0,0,0.0,0,0,14,INDETERMINATE,EXCLUDE,Excluded from canonical 14d and all sensitivity windows due to missing/corrupt interview dates in SwedishPolls.
2002,2002-09-15,C,Centerpartiet,5.4356,6.193,328428,5303212,0.7574,1.4356,True,True,True,above_to_above,0.7574,5–6,44,7,7,0.4286,44,7,14,COMPLETE,MEDIUM,"High-volume multi-house consensus (44 polls, 7 pollsters)."
2002,2002-09-15,KD,Kristdemokraterna,10.0254,9.1498,485235,5303212,-0.8756,6.0254,True,True,True,above_to_above,-0.8756,>=6,44,7,7,0.4286,44,7,14,COMPLETE,MEDIUM,"High-volume multi-house consensus (44 polls, 7 pollsters)."
2002,2002-09-15,L,Folkpartiet liberalerna,12.9611,13.394,710312,5303212,0.4329,8.9611,True,True,True,above_to_above,0.4329,>=6,44,7,7,0.4286,44,7,14,COMPLETE,MEDIUM,"High-volume multi-house consensus (44 polls, 7 pollsters)."
2002,2002-09-15,M,Moderata Samlingspartiet,17.3733,15.2557,809041,5303212,-2.1176,13.3733,True,True,True,above_to_above,-2.1176,>=6,44,7,7,0.4286,44,7,14,COMPLETE,MEDIUM,"High-volume multi-house consensus (44 polls, 7 pollsters)."
2002,2002-09-15,MP,Miljöpartiet de gröna,4.7354,4.6461,246392,5303212,-0.0893,0.7354,True,True,True,above_to_above,-0.0893,4.5–5,44,7,7,0.4286,44,7,14,COMPLETE,MEDIUM,"High-volume multi-house consensus (44 polls, 7 pollsters)."
2002,2002-09-15,S,Arbetarepartiet-Socialdemokraterna,36.8884,39.8543,2113560,5303212,2.9659,32.8884,True,True,True,above_to_above,2.9659,>=6,44,7,7,0.4286,44,7,14,COMPLETE,MEDIUM,"High-volume multi-house consensus (44 polls, 7 pollsters)."
2002,2002-09-15,SD,Sverigedemokraterna,,1.4388,76300,5303212,,,False,,False,unpolled,,UNPOLLED,0,0,0,0.0,44,7,14,NO_PARTY_POLLS,EXCLUDE,"High-volume multi-house consensus (44 polls, 7 pollsters)."
2002,2002-09-15,V,Vänsterpartiet,9.952,8.3884,444854,5303212,-1.5636,5.952,True,True,True,above_to_above,-1.5636,>=6,44,7,7,0.4286,44,7,14,COMPLETE,MEDIUM,"High-volume multi-house consensus (44 polls, 7 pollsters)."
2006,2006-09-17,C,Centerpartiet,7.2934,7.8791,437389,5551278,0.5857,3.2934,True,True,True,above_to_above,0.5857,>=6,25,5,5,0.8,25,5,14,COMPLETE,HIGH,"Multi-house consensus (25 polls, 5 pollsters)."
2006,2006-09-17,FI,Feministiskt initiativ,1.0,0.6837,37954,5551278,-0.3163,-3.0,False,False,False,below_to_below,0.3163,<2,1,1,1,1.0,25,5,14,COMPLETE,LOW,"Multi-house consensus (25 polls, 5 pollsters)."
2006,2006-09-17,KD,Kristdemokraterna,6.9827,6.593,365998,5551278,-0.3897,2.9827,True,True,True,above_to_above,-0.3897,>=6,25,5,5,0.8,25,5,14,COMPLETE,HIGH,"Multi-house consensus (25 polls, 5 pollsters)."
2006,2006-09-17,L,Folkpartiet liberalerna,8.5001,7.5369,418395,5551278,-0.9632,4.5001,True,True,True,above_to_above,-0.9632,>=6,25,5,5,0.8,25,5,14,COMPLETE,HIGH,"Multi-house consensus (25 polls, 5 pollsters)."
2006,2006-09-17,M,Moderata Samlingspartiet,26.4172,26.2284,1456014,5551278,-0.1888,22.4172,True,True,True,above_to_above,-0.1888,>=6,25,5,5,0.8,25,5,14,COMPLETE,HIGH,"Multi-house consensus (25 polls, 5 pollsters)."
2006,2006-09-17,MP,Miljöpartiet de gröna,5.779,5.2442,291121,5551278,-0.5348,1.779,True,True,True,above_to_above,-0.5348,5–6,25,5,5,0.8,25,5,14,COMPLETE,HIGH,"Multi-house consensus (25 polls, 5 pollsters)."
2006,2006-09-17,S,Arbetarepartiet-Socialdemokraterna,33.8293,34.9942,1942625,5551278,1.1649,29.8293,True,True,True,above_to_above,1.1649,>=6,25,5,5,0.8,25,5,14,COMPLETE,HIGH,"Multi-house consensus (25 polls, 5 pollsters)."
2006,2006-09-17,SD,Sverigedemokraterna,2.0393,2.9266,162463,5551278,0.8873,-1.9607,False,False,False,below_to_below,-0.8873,2–3,6,2,2,1.0,25,5,14,COMPLETE,MEDIUM,"Multi-house consensus (25 polls, 5 pollsters)."
2006,2006-09-17,V,Vänsterpartiet,5.9277,5.8495,324722,5551278,-0.0782,1.9277,True,True,True,above_to_above,-0.0782,5–6,25,5,5,0.8,25,5,14,COMPLETE,HIGH,"Multi-house consensus (25 polls, 5 pollsters)."
2010,2010-09-19,C,Centerpartiet,6.694,6.5567,390804,5960408,-0.1373,2.694,True,True,True,above_to_above,-0.1373,>=6,27,7,7,1.0,27,7,14,COMPLETE,HIGH,"Multi-house consensus (27 polls, 7 pollsters)."
2010,2010-09-19,KD,Kristdemokraterna,5.9446,5.5985,333696,5960408,-0.3461,1.9446,True,True,True,above_to_above,-0.3461,5–6,27,7,7,1.0,27,7,14,COMPLETE,HIGH,"Multi-house consensus (27 polls, 7 pollsters)."
2010,2010-09-19,L,Folkpartiet liberalerna,7.2139,7.0553,420524,5960408,-0.1586,3.2139,True,True,True,above_to_above,-0.1586,>=6,27,7,7,1.0,27,7,14,COMPLETE,HIGH,"Multi-house consensus (27 polls, 7 pollsters)."
2010,2010-09-19,M,Moderata Samlingspartiet,29.482,30.0611,1791766,5960408,0.5791,25.482,True,True,True,above_to_above,0.5791,>=6,27,7,7,1.0,27,7,14,COMPLETE,HIGH,"Multi-house consensus (27 polls, 7 pollsters)."
2010,2010-09-19,MP,Miljöpartiet de gröna,8.6599,7.339,437435,5960408,-1.3209,4.6599,True,True,True,above_to_above,-1.3209,>=6,27,7,7,1.0,27,7,14,COMPLETE,HIGH,"Multi-house consensus (27 polls, 7 pollsters)."
2010,2010-09-19,S,Arbetarepartiet-Socialdemokraterna,29.3557,30.6606,1827497,5960408,1.3049,25.3557,True,True,True,above_to_above,1.3049,>=6,27,7,7,1.0,27,7,14,COMPLETE,HIGH,"Multi-house consensus (27 polls, 7 pollsters)."
2010,2010-09-19,SD,Sverigedemokraterna,5.1147,5.6978,339610,5960408,0.5831,1.1147,True,True,True,above_to_above,0.5831,5–6,27,7,7,1.0,27,7,14,COMPLETE,HIGH,"Multi-house consensus (27 polls, 7 pollsters)."
2010,2010-09-19,V,Vänsterpartiet,5.9349,5.6045,334053,5960408,-0.3304,1.9349,True,True,True,above_to_above,-0.3304,5–6,27,7,7,1.0,27,7,14,COMPLETE,HIGH,"Multi-house consensus (27 polls, 7 pollsters)."
2014,2014-09-14,C,Centerpartiet,6.2698,6.113,380937,6231573,-0.1568,2.2698,True,True,True,above_to_above,-0.1568,>=6,23,9,9,1.0,23,9,14,COMPLETE,HIGH,"Multi-house consensus (23 polls, 9 pollsters)."
2014,2014-09-14,FI,Feministiskt initiativ,3.7195,3.1247,194719,6231573,-0.5948,-0.2805,False,False,False,below_to_below,0.5948,3.5–4,23,9,9,1.0,23,9,14,COMPLETE,HIGH,"Multi-house consensus (23 polls, 9 pollsters)."
2014,2014-09-14,KD,Kristdemokraterna,5.2054,4.5704,284806,6231573,-0.635,1.2054,True,True,True,above_to_above,-0.635,5–6,23,9,9,1.0,23,9,14,COMPLETE,HIGH,"Multi-house consensus (23 polls, 9 pollsters)."
2014,2014-09-14,L,Folkpartiet liberalerna,6.2894,5.4203,337773,6231573,-0.8691,2.2894,True,True,True,above_to_above,-0.8691,>=6,23,9,9,1.0,23,9,14,COMPLETE,HIGH,"Multi-house consensus (23 polls, 9 pollsters)."
2014,2014-09-14,M,Moderaterna,21.9586,23.325,1453517,6231573,1.3664,17.9586,True,True,True,above_to_above,1.3664,>=6,23,9,9,1.0,23,9,14,COMPLETE,HIGH,"Multi-house consensus (23 polls, 9 pollsters)."
2014,2014-09-14,MP,Miljöpartiet de gröna,8.8075,6.8887,429275,6231573,-1.9188,4.8075,True,True,True,above_to_above,-1.9188,>=6,23,9,9,1.0,23,9,14,COMPLETE,HIGH,"Multi-house consensus (23 polls, 9 pollsters)."
2014,2014-09-14,S,Arbetarepartiet-Socialdemokraterna,29.9124,31.0148,1932711,6231573,1.1024,25.9124,True,True,True,above_to_above,1.1024,>=6,23,9,9,1.0,23,9,14,COMPLETE,HIGH,"Multi-house consensus (23 polls, 9 pollsters)."
2014,2014-09-14,SD,Sverigedemokraterna,9.9722,12.8568,801178,6231573,2.8846,5.9722,True,True,True,above_to_above,2.8846,>=6,23,9,9,1.0,23,9,14,COMPLETE,HIGH,"Multi-house consensus (23 polls, 9 pollsters)."
2014,2014-09-14,V,Vänsterpartiet,6.8439,5.7182,356331,6231573,-1.1257,2.8439,True,True,True,above_to_above,-1.1257,>=6,23,9,9,1.0,23,9,14,COMPLETE,HIGH,"Multi-house consensus (23 polls, 9 pollsters)."
2018,2018-09-09,C,Centerpartiet,8.5294,8.6077,557500,6476725,0.0783,4.5294,True,True,True,above_to_above,0.0783,>=6,35,10,10,1.0,35,10,14,COMPLETE,HIGH,"Multi-house consensus (35 polls, 10 pollsters)."
2018,2018-09-09,FI,Feministiskt initiativ,1.0152,0.458,29665,6476725,-0.5572,-2.9848,False,False,False,below_to_below,0.5572,<2,23,4,4,1.0,35,10,14,COMPLETE,MEDIUM,"Multi-house consensus (35 polls, 10 pollsters)."
2018,2018-09-09,KD,Kristdemokraterna,6.0747,6.3223,409478,6476725,0.2476,2.0747,True,True,True,above_to_above,0.2476,>=6,35,10,10,1.0,35,10,14,COMPLETE,HIGH,"Multi-house consensus (35 polls, 10 pollsters)."
2018,2018-09-09,L,Liberalerna (tidigare Folkpartiet),5.9566,5.4896,355546,6476725,-0.467,1.9566,True,True,True,above_to_above,-0.467,5–6,35,10,10,1.0,35,10,14,COMPLETE,HIGH,"Multi-house consensus (35 polls, 10 pollsters)."
2018,2018-09-09,M,Moderaterna,17.7732,19.8356,1284698,6476725,2.0624,13.7732,True,True,True,above_to_above,2.0624,>=6,35,10,10,1.0,35,10,14,COMPLETE,HIGH,"Multi-house consensus (35 polls, 10 pollsters)."
2018,2018-09-09,MP,Miljöpartiet de gröna,4.9823,4.4143,285899,6476725,-0.568,0.9823,True,True,True,above_to_above,-0.568,4.5–5,35,10,10,1.0,35,10,14,COMPLETE,HIGH,"Multi-house consensus (35 polls, 10 pollsters)."
2018,2018-09-09,S,Arbetarepartiet-Socialdemokraterna,25.096,28.261,1830386,6476725,3.165,21.096,True,True,True,above_to_above,3.165,>=6,35,10,10,1.0,35,10,14,COMPLETE,HIGH,"Multi-house consensus (35 polls, 10 pollsters)."
2018,2018-09-09,SD,Sverigedemokraterna,18.5856,17.534,1135627,6476725,-1.0516,14.5856,True,True,True,above_to_above,-1.0516,>=6,35,10,10,1.0,35,10,14,COMPLETE,HIGH,"Multi-house consensus (35 polls, 10 pollsters)."
2018,2018-09-09,V,Vänsterpartiet,9.8775,8.0049,518454,6476725,-1.8726,5.8775,True,True,True,above_to_above,-1.8726,>=6,35,10,10,1.0,35,10,14,COMPLETE,HIGH,"Multi-house consensus (35 polls, 10 pollsters)."
2022,2022-09-11,C,Centerpartiet,7.4334,6.7142,434945,6477970,-0.7192,3.4334,True,True,True,above_to_above,-0.7192,>=6,47,8,8,0.875,47,8,14,COMPLETE,HIGH,"Multi-house consensus (47 polls, 8 pollsters)."
2022,2022-09-11,FI,Feministiskt initiativ,0.3,0.0487,3157,6477970,-0.2513,-3.7,False,False,False,below_to_below,0.2513,<2,1,1,1,1.0,47,8,14,COMPLETE,LOW,"Multi-house consensus (47 polls, 8 pollsters)."
2022,2022-09-11,KD,Kristdemokraterna,5.6681,5.3367,345712,6477970,-0.3314,1.6681,True,True,True,above_to_above,-0.3314,5–6,47,8,8,0.875,47,8,14,COMPLETE,HIGH,"Multi-house consensus (47 polls, 8 pollsters)."
2022,2022-09-11,L,Liberalerna (tidigare Folkpartiet),4.8795,4.6086,298542,6477970,-0.2709,0.8795,True,True,True,above_to_above,-0.2709,4.5–5,47,8,8,0.875,47,8,14,COMPLETE,HIGH,"Multi-house consensus (47 polls, 8 pollsters)."
2022,2022-09-11,M,Moderaterna,17.6791,19.1021,1237428,6477970,1.423,13.6791,True,True,True,above_to_above,1.423,>=6,47,8,8,0.875,47,8,14,COMPLETE,HIGH,"Multi-house consensus (47 polls, 8 pollsters)."
2022,2022-09-11,MP,Miljöpartiet de gröna,5.5599,5.0825,329242,6477970,-0.4774,1.5599,True,True,True,above_to_above,-0.4774,5–6,47,8,8,0.875,47,8,14,COMPLETE,HIGH,"Multi-house consensus (47 polls, 8 pollsters)."
2022,2022-09-11,S,Arbetarepartiet-Socialdemokraterna,28.8264,30.3255,1964474,6477970,1.4991,24.8264,True,True,True,above_to_above,1.4991,>=6,47,8,8,0.875,47,8,14,COMPLETE,HIGH,"Multi-house consensus (47 polls, 8 pollsters)."
2022,2022-09-11,SD,Sverigedemokraterna,20.9928,20.5361,1330325,6477970,-0.4567,16.9928,True,True,True,above_to_above,-0.4567,>=6,47,8,8,0.875,47,8,14,COMPLETE,HIGH,"Multi-house consensus (47 polls, 8 pollsters)."
2022,2022-09-11,V,Vänsterpartiet,7.6637,6.7467,437050,6477970,-0.917,3.6637,True,True,True,above_to_above,-0.917,>=6,47,8,8,0.875,47,8,14,COMPLETE,HIGH,"Multi-house consensus (47 polls, 8 pollsters)."
