election_year,constituency_code,constituency_name,party,votes,constituency_valid_votes,party_share
2006,01,Stockholms kommun,M,169211,482455,0.3507290835414702
2006,01,Stockholms kommun,L,48476,482455,0.10047776476562581
2006,01,Stockholms kommun,C,27257,482455,0.05649646080981646
2006,01,Stockholms kommun,KD,24327,482455,0.05042335554611311
2006,01,Stockholms kommun,S,111765,482455,0.2316589111937901
2006,01,Stockholms kommun,V,35616,482455,0.07382242903483227
2006,01,Stockholms kommun,MP,45030,482455,0.09333512970121566
2006,01,Stockholms kommun,SD,7912,482455,0.01639945694417096
2006,01,Stockholms kommun,REST,12861,482455,0.026657408462965458
2006,02,Stockholms län,M,252100,657224,0.3835830706121505
2006,02,Stockholms län,L,60178,657224,0.09156391123878617
2006,02,Stockholms län,C,34998,657224,0.05325125071512909
2006,02,Stockholms län,KD,43792,657224,0.06663177242462236
2006,02,Stockholms län,S,171901,657224,0.2615561817584264
2006,02,Stockholms län,V,31161,657224,0.047413058561464584
2006,02,Stockholms län,MP,36365,657224,0.05533121127652064
2006,02,Stockholms län,SD,12471,657224,0.018975265662848587
2006,02,Stockholms län,REST,14258,657224,0.021694277750051734
2006,03,Uppsala län,M,52016,196389,0.26486208494365776
2006,03,Uppsala län,L,17929,196389,0.09129330054127267
2006,03,Uppsala län,C,19340,196389,0.09847802066307176
2006,03,Uppsala län,KD,12976,196389,0.06607294705915301
2006,03,Uppsala län,S,60674,196389,0.3089480571722449
2006,03,Uppsala län,V,11240,196389,0.0572333480999445
2006,03,Uppsala län,MP,12312,196389,0.06269190229595344
2006,03,Uppsala län,SD,4483,196389,0.022827144086481423
2006,03,Uppsala län,REST,5419,196389,0.02759319513822057
2006,04,Södermanlands län,M,37350,159750,0.23380281690140844
2006,04,Södermanlands län,L,10843,159750,0.06787480438184663
2006,04,Södermanlands län,C,10942,159750,0.06849452269170579
2006,04,Södermanlands län,KD,9950,159750,0.062284820031298906
2006,04,Södermanlands län,S,67458,159750,0.42227230046948355
2006,04,Södermanlands län,V,7830,159750,0.049014084507042255
2006,04,Södermanlands län,MP,8218,159750,0.051442879499217525
2006,04,Södermanlands län,SD,4050,159750,0.02535211267605634
2006,04,Södermanlands län,REST,3109,159750,0.01946165884194053
2006,05,Östergötlands län,M,65037,262168,0.24807375423392633
2006,05,Östergötlands län,L,17117,262168,0.06529019559976809
2006,05,Östergötlands län,C,19884,262168,0.0758444966586311
2006,05,Östergötlands län,KD,18831,262168,0.07182798816026364
2006,05,Östergötlands län,S,98062,262168,0.3740425986390406
2006,05,Östergötlands län,V,13628,262168,0.051981935247627474
2006,05,Östergötlands län,MP,13402,262168,0.05111989258795887
2006,05,Östergötlands län,SD,6088,262168,0.02322175093832962
2006,05,Östergötlands län,REST,10119,262168,0.03859738793445424
2006,06,Jönköpings län,M,45302,205300,0.2206624452021432
2006,06,Jönköpings län,L,10982,205300,0.05349245007306381
2006,06,Jönköpings län,C,17290,205300,0.08421821724305893
2006,06,Jönköpings län,KD,32946,205300,0.16047735021919143
2006,06,Jönköpings län,S,72757,205300,0.35439357038480274
2006,06,Jönköpings län,V,8734,205300,0.042542620555284946
2006,06,Jönköpings län,MP,7070,205300,0.03443740867023867
2006,06,Jönköpings län,SD,6514,205300,0.03172917681441793
2006,06,Jönköpings län,REST,3705,205300,0.018046760837798343
2006,07,Kronobergs län,M,27454,111327,0.24660684290423707
2006,07,Kronobergs län,L,6381,111327,0.05731763184133229
2006,07,Kronobergs län,C,12562,111327,0.11283875430039433
2006,07,Kronobergs län,KD,8824,111327,0.07926199394576339
2006,07,Kronobergs län,S,40056,111327,0.3598048990810854
2006,07,Kronobergs län,V,5481,111327,0.04923333962111617
2006,07,Kronobergs län,MP,4695,111327,0.042173057748794096
2006,07,Kronobergs län,SD,3840,111327,0.03449298013958878
2006,07,Kronobergs län,REST,2034,111327,0.01827050041768843
2006,08,Kalmar län,M,31430,147531,0.2130399712602775
2006,08,Kalmar län,L,7680,147531,0.05205685584724566
2006,08,Kalmar län,C,16306,147531,0.11052592336525882
2006,08,Kalmar län,KD,10513,147531,0.07125959967735594
2006,08,Kalmar län,S,61007,147531,0.4135198704001193
2006,08,Kalmar län,V,7426,147531,0.05033518379188103
2006,08,Kalmar län,MP,5687,147531,0.038547830625427874
2006,08,Kalmar län,SD,4675,147531,0.03168825534972311
2006,08,Kalmar län,REST,2807,147531,0.019026509682710753
2006,09,Gotlands län,M,7715,35750,0.2158041958041958
2006,09,Gotlands län,L,1554,35750,0.04346853146853147
2006,09,Gotlands län,C,6883,35750,0.19253146853146852
2006,09,Gotlands län,KD,1374,35750,0.038433566433566435
2006,09,Gotlands län,S,12464,35750,0.34864335664335666
2006,09,Gotlands län,V,2145,35750,0.06
2006,09,Gotlands län,MP,2237,35750,0.06257342657342657
2006,09,Gotlands län,SD,566,35750,0.015832167832167832
2006,09,Gotlands län,REST,812,35750,0.022713286713286714
2006,10,Blekinge län,M,21109,95781,0.2203881771958948
2006,10,Blekinge län,L,6105,95781,0.06373915494722335
2006,10,Blekinge län,C,6855,95781,0.07156951796285276
2006,10,Blekinge län,KD,4964,95781,0.05182656267944582
2006,10,Blekinge län,S,40532,95781,0.4231736983326547
2006,10,Blekinge län,V,5193,95781,0.054217433520217996
2006,10,Blekinge län,MP,3505,95781,0.036593896493041414
2006,10,Blekinge län,SD,5945,95781,0.06206867750388908
2006,10,Blekinge län,REST,1573,95781,0.01642288136478007
2006,11,Malmö kommun,M,44232,155302,0.28481281631917166
2006,11,Malmö kommun,L,13769,155302,0.08865951500946542
2006,11,Malmö kommun,C,4475,155302,0.02881482530810936
2006,11,Malmö kommun,KD,5373,155302,0.03459710757105511
2006,11,Malmö kommun,S,54732,155302,0.3524230209527244
2006,11,Malmö kommun,V,8468,155302,0.05452602027018326
2006,11,Malmö kommun,MP,9425,155302,0.06068820749249849
2006,11,Malmö kommun,SD,7708,155302,0.049632329268135635
2006,11,Malmö kommun,REST,7120,155302,0.04584615780865668
2006,12,Skåne läns västra,M,46393,161931,0.28649857037874155
2006,12,Skåne läns västra,L,13757,161931,0.0849559380229851
2006,12,Skåne läns västra,C,9184,161931,0.05671551463277569
2006,12,Skåne läns västra,KD,7869,161931,0.04859477184726828
2006,12,Skåne läns västra,S,56580,161931,0.3494080812197788
2006,12,Skåne läns västra,V,5409,161931,0.033403116142060506
2006,12,Skåne läns västra,MP,5961,161931,0.03681197547103396
2006,12,Skåne läns västra,SD,11549,161931,0.0713205007070913
2006,12,Skåne läns västra,REST,5229,161931,0.032291531578264816
2006,13,Skåne läns södra,M,69959,211334,0.33103523332733964
2006,13,Skåne läns södra,L,19422,211334,0.09190191829047858
2006,13,Skåne läns södra,C,12751,211334,0.060335771811445386
2006,13,Skåne läns södra,KD,10125,211334,0.047909943501755516
2006,13,Skåne läns södra,S,63975,211334,0.30271986523701816
2006,13,Skåne läns södra,V,7297,211334,0.03452828224516642
2006,13,Skåne läns södra,MP,10081,211334,0.04770174226579727
2006,13,Skåne läns södra,SD,11272,211334,0.05333737117548525
2006,13,Skåne läns södra,REST,6452,211334,0.030529872145513736
2006,14,Skåne läns norra och östra,M,48946,178664,0.27395558142658843
2006,14,Skåne läns norra och östra,L,12673,178664,0.07093202883625128
2006,14,Skåne läns norra och östra,C,14836,178664,0.08303855281422111
2006,14,Skåne läns norra och östra,KD,11993,178664,0.06712600188062508
2006,14,Skåne läns norra och östra,S,62794,178664,0.3514642009582233
2006,14,Skåne läns norra och östra,V,6116,178664,0.034231854206779204
2006,14,Skåne läns norra och östra,MP,6051,178664,0.03386804280660905
2006,14,Skåne läns norra och östra,SD,10061,178664,0.05631240764787534
2006,14,Skåne läns norra och östra,REST,5194,178664,0.029071329422827207
2006,15,Hallands län,M,53257,179470,0.29674597425753607
2006,15,Hallands län,L,13798,179470,0.07688193012759793
2006,15,Hallands län,C,18589,179470,0.1035771995319552
2006,15,Hallands län,KD,11987,179470,0.0667911071488271
2006,15,Hallands län,S,56747,179470,0.3161921212458907
2006,15,Hallands län,V,7110,179470,0.03961664902212069
2006,15,Hallands län,MP,7236,179470,0.04031871621998106
2006,15,Hallands län,SD,5223,179470,0.029102356939878532
2006,15,Hallands län,REST,5523,179470,0.03077394550621274
2006,16,Göteborgs kommun,M,78679,292726,0.2687803611568497
2006,16,Göteborgs kommun,L,29981,292726,0.10242001052178487
2006,16,Göteborgs kommun,C,13076,292726,0.04466975943373667
2006,16,Göteborgs kommun,KD,19698,292726,0.06729159691998661
2006,16,Göteborgs kommun,S,84693,292726,0.28932517097900423
2006,16,Göteborgs kommun,V,25407,292726,0.08679447674617219
2006,16,Göteborgs kommun,MP,24694,292726,0.08435875187034975
2006,16,Göteborgs kommun,SD,7455,292726,0.025467502032617533
2006,16,Göteborgs kommun,REST,9043,292726,0.03089237033949837
2006,17,Västra Götalands läns västra,M,54970,207718,0.2646376337149404
2006,17,Västra Götalands läns västra,L,19937,207718,0.09598108974667578
2006,17,Västra Götalands läns västra,C,15135,207718,0.07286320877343322
2006,17,Västra Götalands läns västra,KD,18101,207718,0.08714218315215821
2006,17,Västra Götalands läns västra,S,66705,207718,0.32113249694297075
2006,17,Västra Götalands läns västra,V,10877,207718,0.05236426308745511
2006,17,Västra Götalands läns västra,MP,10086,207718,0.048556215638509904
2006,17,Västra Götalands läns västra,SD,6074,207718,0.029241567894934477
2006,17,Västra Götalands läns västra,REST,5833,207718,0.028081341048922095
2006,18,Västra Götalands läns norra,M,34427,162432,0.21194715327029157
2006,18,Västra Götalands läns norra,L,12095,162432,0.07446192868400316
2006,18,Västra Götalands läns norra,C,14471,162432,0.08908958825847124
2006,18,Västra Götalands läns norra,KD,13123,162432,0.08079073089046493
2006,18,Västra Götalands läns norra,S,62574,162432,0.38523197399527187
2006,18,Västra Götalands läns norra,V,9386,162432,0.057784180457052796
2006,18,Västra Götalands läns norra,MP,7789,162432,0.047952373916469664
2006,18,Västra Götalands läns norra,SD,4532,162432,0.02790090622537431
2006,18,Västra Götalands läns norra,REST,4035,162432,0.02484116430260047
2006,19,Västra Götalands läns södra,M,27238,113271,0.24046755127084601
2006,19,Västra Götalands läns södra,L,7373,113271,0.06509168277846933
2006,19,Västra Götalands läns södra,C,10726,113271,0.09469325776235753
2006,19,Västra Götalands läns södra,KD,9093,113271,0.08027650501893689
2006,19,Västra Götalands läns södra,S,40429,113271,0.3569227781161992
2006,19,Västra Götalands läns södra,V,6233,113271,0.05502732385164782
2006,19,Västra Götalands läns södra,MP,4488,113271,0.03962179198559208
2006,19,Västra Götalands läns södra,SD,3600,113271,0.03178218608469953
2006,19,Västra Götalands läns södra,REST,4091,113271,0.0361169231312516
2006,20,Västra Götalands läns östra,M,37484,159388,0.2351745426255427
2006,20,Västra Götalands läns östra,L,8702,159388,0.05459633096594474
2006,20,Västra Götalands läns östra,C,16655,159388,0.10449343739804753
2006,20,Västra Götalands läns östra,KD,13091,159388,0.08213290837453259
2006,20,Västra Götalands läns östra,S,61219,159388,0.3840878861645795
2006,20,Västra Götalands läns östra,V,8165,159388,0.051227194017115465
2006,20,Västra Götalands läns östra,MP,5821,159388,0.03652094260546591
2006,20,Västra Götalands läns östra,SD,4883,159388,0.03063593244158908
2006,20,Västra Götalands läns östra,REST,3368,159388,0.021130825407182474
2006,21,Värmlands län,M,35201,168426,0.2089997981309299
2006,21,Värmlands län,L,10061,168426,0.05973543277166233
2006,21,Värmlands län,C,16808,168426,0.0997945685345493
2006,21,Värmlands län,KD,9823,168426,0.05832234928098987
2006,21,Värmlands län,S,70754,168426,0.4200895348699132
2006,21,Värmlands län,V,10810,168426,0.06418248963936685
2006,21,Värmlands län,MP,6519,168426,0.038705425528125115
2006,21,Värmlands län,SD,4825,168426,0.028647595976868178
2006,21,Värmlands län,REST,3625,168426,0.021522805267595264
2006,22,Örebro län,M,32222,171303,0.18809944951343527
2006,22,Örebro län,L,11340,171303,0.06619849039421376
2006,22,Örebro län,C,12781,171303,0.07461048551397231
2006,22,Örebro län,KD,12290,171303,0.07174421930730927
2006,22,Örebro län,S,73854,171303,0.43113080331342707
2006,22,Örebro län,V,10408,171303,0.06075783844999796
2006,22,Örebro län,MP,7833,171303,0.04572599429081802
2006,22,Örebro län,SD,6522,171303,0.03807288839074622
2006,22,Örebro län,REST,4053,171303,0.023659830826080103
2006,23,Västmanlands län,M,34533,148299,0.23286063965367265
2006,23,Västmanlands län,L,12076,148299,0.08143008381715318
2006,23,Västmanlands län,C,10186,148299,0.06868556092758549
2006,23,Västmanlands län,KD,8502,148299,0.05733012360164263
2006,23,Västmanlands län,S,59014,148299,0.39793929830949637
2006,23,Västmanlands län,V,9211,148299,0.062111005468681514
2006,23,Västmanlands län,MP,6308,148299,0.042535688035657694
2006,23,Västmanlands län,SD,3717,148299,0.025064228349483138
2006,23,Västmanlands län,REST,4752,148299,0.03204337183662735
2006,24,Dalarnas län,M,35615,169110,0.21060256637691444
2006,24,Dalarnas län,L,8681,169110,0.051333451599550585
2006,24,Dalarnas län,C,18197,169110,0.10760451776949914
2006,24,Dalarnas län,KD,9159,169110,0.05416001419194607
2006,24,Dalarnas län,S,68218,169110,0.40339424043521965
2006,24,Dalarnas län,V,11251,169110,0.06653066051682337
2006,24,Dalarnas län,MP,7361,169110,0.043527881260717875
2006,24,Dalarnas län,SD,4723,169110,0.027928567204777956
2006,24,Dalarnas län,REST,5905,169110,0.034918100644550885
2006,25,Gävleborgs län,M,30923,167728,0.18436397023752743
2006,25,Gävleborgs län,L,8947,167728,0.053342316130878566
2006,25,Gävleborgs län,C,18675,167728,0.11134098063531432
2006,25,Gävleborgs län,KD,8600,167728,0.0512734904130497
2006,25,Gävleborgs län,S,69959,167728,0.4170979204426214
2006,25,Gävleborgs län,V,13314,167728,0.07937851759992369
2006,25,Gävleborgs län,MP,7275,167728,0.04337379566917867
2006,25,Gävleborgs län,SD,5017,167728,0.029911523418868644
2006,25,Gävleborgs län,REST,5018,167728,0.029917485452637605
2006,26,Västernorrlands län,M,26319,153417,0.1715520444279317
2006,26,Västernorrlands län,L,8288,153417,0.054022696311360544
2006,26,Västernorrlands län,C,16197,153417,0.10557500146659106
2006,26,Västernorrlands län,KD,8674,153417,0.05653871474478057
2006,26,Västernorrlands län,S,70515,153417,0.4596296368720546
2006,26,Västernorrlands län,V,10229,153417,0.06667448848563066
2006,26,Västernorrlands län,MP,5871,153417,0.03826824928137038
2006,26,Västernorrlands län,SD,3400,153417,0.022161820398000222
2006,26,Västernorrlands län,REST,3924,153417,0.025577348012280256
2006,27,Jämtlands län,M,13753,78018,0.1762798328590838
2006,27,Jämtlands län,L,3226,78018,0.0413494321823169
2006,27,Jämtlands län,C,13111,78018,0.16805096259837474
2006,27,Jämtlands län,KD,2914,78018,0.03735035504627137
2006,27,Jämtlands län,S,31322,78018,0.40147145530518596
2006,27,Jämtlands län,V,6484,78018,0.08310902612217694
2006,27,Jämtlands län,MP,3907,78018,0.05007818708503166
2006,27,Jämtlands län,SD,1224,78018,0.015688687226024765
2006,27,Jämtlands län,REST,2077,78018,0.026622061575533852
2006,28,Västerbottens län,M,22213,162490,0.1367037971567481
2006,28,Västerbottens län,L,10310,162490,0.06345005846513632
2006,28,Västerbottens län,C,19154,162490,0.11787802326297003
2006,28,Västerbottens län,KD,10497,162490,0.0646008985168318
2006,28,Västerbottens län,S,71260,162490,0.4385500646193612
2006,28,Västerbottens län,V,13599,162490,0.08369130408025109
2006,28,Västerbottens län,MP,9544,162490,0.05873592221059758
2006,28,Västerbottens län,SD,1832,162490,0.011274539971690565
2006,28,Västerbottens län,REST,4081,162490,0.02511539171641332
2006,29,Norrbottens län,M,20926,156576,0.13364755773554057
2006,29,Norrbottens län,L,6714,156576,0.042880134886572656
2006,29,Norrbottens län,C,10065,156576,0.06428188228080932
2006,29,Norrbottens län,KD,6589,156576,0.042081800531371345
2006,29,Norrbottens län,S,80605,156576,0.5147979256080114
2006,29,Norrbottens län,V,16494,156576,0.10534181483752299
2006,29,Norrbottens län,MP,6350,156576,0.040555385244226444
2006,29,Norrbottens län,SD,2302,156576,0.014702125485387288
2006,29,Norrbottens län,REST,6531,156576,0.04171137339055794
2010,01,Stockholms kommun,M,183421,534887,0.3429154195185151
2010,01,Stockholms kommun,L,45939,534887,0.0858854300067117
2010,01,Stockholms kommun,C,33895,534887,0.06336852456687113
2010,01,Stockholms kommun,KD,28244,534887,0.05280367629050622
2010,01,Stockholms kommun,S,111688,534887,0.20880671992402133
2010,01,Stockholms kommun,V,39565,534887,0.07396889436460412
2010,01,Stockholms kommun,MP,65351,534887,0.12217720752233649
2010,01,Stockholms kommun,SD,16950,534887,0.0316889361678261
2010,01,Stockholms kommun,REST,9834,534887,0.01838519163860778
2010,02,Stockholms län,M,286249,716349,0.3995943318131246
2010,02,Stockholms län,L,59461,716349,0.08300562993736293
2010,02,Stockholms län,C,41369,716349,0.05774978397401267
2010,02,Stockholms län,KD,44880,716349,0.062651026245587
2010,02,Stockholms län,S,159222,716349,0.22226875447582115
2010,02,Stockholms län,V,31617,716349,0.04413630786111239
2010,02,Stockholms län,MP,53788,716349,0.0750863056973626
2010,02,Stockholms län,SD,29886,716349,0.041719887931720434
2010,02,Stockholms län,REST,9877,716349,0.01378797206389623
2010,03,Uppsala län,M,64750,215030,0.30112077384550995
2010,03,Uppsala län,L,16878,215030,0.0784913732967493
2010,03,Uppsala län,C,17838,215030,0.08295586662326188
2010,03,Uppsala län,KD,12265,215030,0.05703855276007999
2010,03,Uppsala län,S,58862,215030,0.2737385481095661
2010,03,Uppsala län,V,11845,215030,0.055085336929730735
2010,03,Uppsala län,MP,18993,215030,0.08832721015672232
2010,03,Uppsala län,SD,10003,215030,0.046519090359484726
2010,03,Uppsala län,REST,3596,215030,0.016723247918895037
2010,04,Södermanlands län,M,47889,171427,0.2793550607547236
2010,04,Södermanlands län,L,11299,171427,0.06591143752151062
2010,04,Södermanlands län,C,9850,171427,0.057458860039550363
2010,04,Södermanlands län,KD,8095,171427,0.04722126619494012
2010,04,Södermanlands län,S,59463,171427,0.34687067964789675
2010,04,Södermanlands län,V,8637,171427,0.0503829618438169
2010,04,Södermanlands län,MP,13065,171427,0.07621319862098735
2010,04,Södermanlands län,SD,11370,171427,0.06632560798473985
2010,04,Södermanlands län,REST,1759,171427,0.010260927391834426
2010,05,Östergötlands län,M,80141,279741,0.2864828537826061
2010,05,Östergötlands län,L,19017,279741,0.06798073932673437
2010,05,Östergötlands län,C,17561,279741,0.062775924873365
2010,05,Östergötlands län,KD,16357,279741,0.058471943690771105
2010,05,Östergötlands län,S,92164,279741,0.3294618951101197
2010,05,Östergötlands län,V,14242,279741,0.050911378739619866
2010,05,Östergötlands län,MP,21225,279741,0.07587375465162419
2010,05,Östergötlands län,SD,14862,279741,0.053127714564543634
2010,05,Östergötlands län,REST,4172,279741,0.01491379526061607
2010,06,Jönköpings län,M,57901,216564,0.26736207310540994
2010,06,Jönköpings län,L,12134,216564,0.056029626346022425
2010,06,Jönköpings län,C,16859,216564,0.0778476570436453
2010,06,Jönköpings län,KD,27822,216564,0.1284701058347648
2010,06,Jönköpings län,S,66316,216564,0.30621894682403356
2010,06,Jönköpings län,V,8775,216564,0.04051919986701391
2010,06,Jönköpings län,MP,11438,216564,0.05281579579246781
2010,06,Jönköpings län,SD,13888,216564,0.06412884874679078
2010,06,Jönköpings län,REST,1431,216564,0.006607746439851499
2010,07,Kronobergs län,M,34762,116513,0.298352973487937
2010,07,Kronobergs län,L,6667,116513,0.057221082625973065
2010,07,Kronobergs län,C,11559,116513,0.09920781372035739
2010,07,Kronobergs län,KD,7111,116513,0.06103181619218456
2010,07,Kronobergs län,S,35555,116513,0.3051590809609228
2010,07,Kronobergs län,V,5380,116513,0.04617510492391407
2010,07,Kronobergs län,MP,7044,116513,0.06045677306394995
2010,07,Kronobergs län,SD,7424,116513,0.06371821170169853
2010,07,Kronobergs län,REST,1011,116513,0.008677143323062662
2010,08,Kalmar län,M,41631,154736,0.2690453417433564
2010,08,Kalmar län,L,7847,154736,0.050712180746561884
2010,08,Kalmar län,C,13829,154736,0.08937157481129149
2010,08,Kalmar län,KD,9341,154736,0.06036733533243718
2010,08,Kalmar län,S,55116,154736,0.3561937752042188
2010,08,Kalmar län,V,7679,154736,0.04962646055216627
2010,08,Kalmar län,MP,8713,154736,0.0563088098438631
2010,08,Kalmar län,SD,8964,154736,0.057930927515251786
2010,08,Kalmar län,REST,1616,154736,0.010443594250853066
2010,09,Gotlands län,M,9731,38640,0.25183747412008284
2010,09,Gotlands län,L,1785,38640,0.04619565217391304
2010,09,Gotlands län,C,5657,38640,0.14640269151138716
2010,09,Gotlands län,KD,1128,38640,0.029192546583850933
2010,09,Gotlands län,S,12855,38640,0.3326863354037267
2010,09,Gotlands län,V,2342,38640,0.06061076604554865
2010,09,Gotlands län,MP,3259,38640,0.08434265010351967
2010,09,Gotlands län,SD,1225,38640,0.03170289855072464
2010,09,Gotlands län,REST,658,38640,0.017028985507246377
2010,10,Blekinge län,M,27387,100162,0.27342704818194524
2010,10,Blekinge län,L,5431,100162,0.05422216010063697
2010,10,Blekinge län,C,5771,100162,0.057616661009165154
2010,10,Blekinge län,KD,3973,100162,0.039665741498771986
2010,10,Blekinge län,S,36520,100162,0.3646093328807332
2010,10,Blekinge län,V,5075,100162,0.050667917972883926
2010,10,Blekinge län,MP,5289,100162,0.05280445678001637
2010,10,Blekinge län,SD,9830,100162,0.09814101156127074
2010,10,Blekinge län,REST,886,100162,0.008845670014576387
2010,11,Malmö kommun,M,55160,169108,0.32618208482153416
2010,11,Malmö kommun,L,11768,169108,0.06958866523168626
2010,11,Malmö kommun,C,4795,169108,0.02835466092674504
2010,11,Malmö kommun,KD,5274,169108,0.03118717032902051
2010,11,Malmö kommun,S,48450,169108,0.2865032996664853
2010,11,Malmö kommun,V,10118,169108,0.05983158691487097
2010,11,Malmö kommun,MP,14861,169108,0.08787875204011637
2010,11,Malmö kommun,SD,13256,169108,0.07838777585921423
2010,11,Malmö kommun,REST,5426,169108,0.032086004210327125
2010,12,Skåne läns västra,M,58628,173435,0.3380401879666734
2010,12,Skåne läns västra,L,13967,173435,0.08053161126646871
2010,12,Skåne läns västra,C,8164,173435,0.047072390232652
2010,12,Skåne läns västra,KD,6989,173435,0.04029751780205841
2010,12,Skåne läns västra,S,49900,173435,0.2877158589673365
2010,12,Skåne läns västra,V,5847,173435,0.033712918384409145
2010,12,Skåne läns västra,MP,9869,173435,0.05690316256810909
2010,12,Skåne läns västra,SD,17448,173435,0.10060253120765705
2010,12,Skåne läns västra,REST,2623,173435,0.015123821604635743
2010,13,Skåne läns södra,M,87893,228526,0.38460831590278566
2010,13,Skåne läns södra,L,19622,228526,0.08586331533392262
2010,13,Skåne läns södra,C,12717,228526,0.055647935027086634
2010,13,Skåne läns södra,KD,9916,228526,0.0433911239858922
2010,13,Skåne läns södra,S,50557,228526,0.2212308446303703
2010,13,Skåne läns södra,V,7597,228526,0.03324348214207574
2010,13,Skåne läns södra,MP,16176,228526,0.0707840683335813
2010,13,Skåne läns södra,SD,19923,228526,0.08718045211485782
2010,13,Skåne läns södra,REST,4125,228526,0.018050462529427724
2010,14,Skåne läns norra och östra,M,60930,190154,0.320424498038432
2010,14,Skåne läns norra och östra,L,12677,190154,0.06666701725969477
2010,14,Skåne läns norra och östra,C,12871,190154,0.06768724297148628
2010,14,Skåne läns norra och östra,KD,9420,190154,0.04953879487152518
2010,14,Skåne läns norra och östra,S,54529,190154,0.28676230844473427
2010,14,Skåne läns norra och östra,V,6113,190154,0.03214762771227531
2010,14,Skåne läns norra och östra,MP,10195,190154,0.05361443882326956
2010,14,Skåne läns norra och östra,SD,21312,190154,0.11207757922525953
2010,14,Skåne läns norra och östra,REST,2107,190154,0.011080492653323096
2010,15,Hallands län,M,67878,195565,0.34708664638355535
2010,15,Hallands län,L,15286,195565,0.07816327052386675
2010,15,Hallands län,C,17178,195565,0.0878378032879094
2010,15,Hallands län,KD,10994,195565,0.056216603175414825
2010,15,Hallands län,S,52319,195565,0.26752742055071205
2010,15,Hallands län,V,6904,195565,0.03530284048781735
2010,15,Hallands län,MP,11568,195565,0.05915168869685271
2010,15,Hallands län,SD,10507,195565,0.05372638253266177
2010,15,Hallands län,REST,2931,195565,0.014987344361209827
2010,16,Göteborgs kommun,M,96981,319302,0.3037281319878986
2010,16,Göteborgs kommun,L,26829,319302,0.08402390213653532
2010,16,Göteborgs kommun,C,12183,319302,0.03815510081364978
2010,16,Göteborgs kommun,KD,19484,319302,0.061020601186337696
2010,16,Göteborgs kommun,S,80543,319302,0.2522470889628001
2010,16,Göteborgs kommun,V,27246,319302,0.08532987579157036
2010,16,Göteborgs kommun,MP,34205,319302,0.10712428985725113
2010,16,Göteborgs kommun,SD,15608,319302,0.04888162304025656
2010,16,Göteborgs kommun,REST,6223,319302,0.019489386223700448
2010,17,Västra Götalands läns västra,M,73853,225037,0.3281815879166537
2010,17,Västra Götalands läns västra,L,20194,225037,0.08973635446615445
2010,17,Västra Götalands läns västra,C,13563,225037,0.06027008891871115
2010,17,Västra Götalands läns västra,KD,16525,225037,0.07343236889933655
2010,17,Västra Götalands läns västra,S,59477,225037,0.26429875975950623
2010,17,Västra Götalands läns västra,V,10506,225037,0.04668565613654643
2010,17,Västra Götalands läns västra,MP,15794,225037,0.07018401418433413
2010,17,Västra Götalands läns västra,SD,12504,225037,0.05556419610997303
2010,17,Västra Götalands läns västra,REST,2621,225037,0.011646973608784333
2010,18,Västra Götalands läns norra,M,46582,172860,0.26947819044313315
2010,18,Västra Götalands läns norra,L,13393,172860,0.07747888464653477
2010,18,Västra Götalands läns norra,C,11449,172860,0.06623278954066875
2010,18,Västra Götalands läns norra,KD,11092,172860,0.06416753442091866
2010,18,Västra Götalands läns norra,S,56060,172860,0.32430868911257665
2010,18,Västra Götalands läns norra,V,9907,172860,0.05731227583015157
2010,18,Västra Götalands läns norra,MP,12003,172860,0.0694376952447067
2010,18,Västra Götalands läns norra,SD,10513,172860,0.06081800300821474
2010,18,Västra Götalands läns norra,REST,1861,172860,0.01076593775309499
2010,19,Västra Götalands läns södra,M,34334,121187,0.2833142168714466
2010,19,Västra Götalands läns södra,L,8883,121187,0.07329994141285781
2010,19,Västra Götalands läns södra,C,9273,121187,0.07651810837796133
2010,19,Västra Götalands läns södra,KD,7745,121187,0.0639094952428891
2010,19,Västra Götalands läns södra,S,37817,121187,0.3120549233828711
2010,19,Västra Götalands läns södra,V,6136,121187,0.05063249358429534
2010,19,Västra Götalands läns södra,MP,7315,121187,0.06036125987110829
2010,19,Västra Götalands läns södra,SD,8350,121187,0.068901779893883
2010,19,Västra Götalands läns södra,REST,1334,121187,0.011007781362687418
2010,20,Västra Götalands läns östra,M,47049,168561,0.2791215049744603
2010,20,Västra Götalands läns östra,L,10387,168561,0.06162160879444237
2010,20,Västra Götalands läns östra,C,13914,168561,0.08254578461209888
2010,20,Västra Götalands läns östra,KD,11092,168561,0.06580407092981176
2010,20,Västra Götalands läns östra,S,57095,168561,0.3387201072608729
2010,20,Västra Götalands läns östra,V,8223,168561,0.04878352643850001
2010,20,Västra Götalands läns östra,MP,9440,168561,0.05600346462111639
2010,20,Västra Götalands läns östra,SD,9725,168561,0.05769424718647848
2010,20,Västra Götalands läns östra,REST,1636,168561,0.0097056851822189
2010,21,Värmlands län,M,45578,177215,0.2571904184183054
2010,21,Värmlands län,L,10652,177215,0.060107778686905734
2010,21,Värmlands län,C,13379,177215,0.07549586660271422
2010,21,Värmlands län,KD,8312,177215,0.046903478825155887
2010,21,Värmlands län,S,68520,177215,0.38664898569534184
2010,21,Värmlands län,V,10231,177215,0.05773213328442852
2010,21,Värmlands län,MP,9997,177215,0.056411703298253534
2010,21,Värmlands län,SD,8502,177215,0.04797562283102446
2010,21,Värmlands län,REST,2044,177215,0.011534012357870384
2010,22,Örebro län,M,43791,182378,0.24011119762252026
2010,22,Örebro län,L,11415,182378,0.06258978604875588
2010,22,Örebro län,C,9807,182378,0.053772933138865435
2010,22,Örebro län,KD,11235,182378,0.06160282490212635
2010,22,Örebro län,S,70818,182378,0.38830341378894384
2010,22,Örebro län,V,10311,182378,0.05653642434942811
2010,22,Örebro län,MP,11846,182378,0.06495300968318547
2010,22,Örebro län,SD,11136,182378,0.061059996271480114
2010,22,Örebro län,REST,2019,182378,0.011070414194694535
2010,23,Västmanlands län,M,43462,160143,0.2713949407716853
2010,23,Västmanlands län,L,12016,160143,0.07503293931049125
2010,23,Västmanlands län,C,8266,160143,0.0516163678712151
2010,23,Västmanlands län,KD,7406,160143,0.04624616748780777
2010,23,Västmanlands län,S,58222,160143,0.36356256595667624
2010,23,Västmanlands län,V,9154,160143,0.05716141198803569
2010,23,Västmanlands län,MP,9459,160143,0.05906595979843015
2010,23,Västmanlands län,SD,9992,160143,0.062394235152332604
2010,23,Västmanlands län,REST,2166,160143,0.013525411663325902
2010,24,Dalarnas län,M,44997,179168,0.2511441775317021
2010,24,Dalarnas län,L,8747,179168,0.048820101803893554
2010,24,Dalarnas län,C,14086,179168,0.07861894981246652
2010,24,Dalarnas län,KD,7925,179168,0.04423222896945883
2010,24,Dalarnas län,S,67139,179168,0.3747265136631541
2010,24,Dalarnas län,V,10533,179168,0.05878839971423468
2010,24,Dalarnas län,MP,10652,179168,0.05945258081800321
2010,24,Dalarnas län,SD,12470,179168,0.06959948205036613
2010,24,Dalarnas län,REST,2619,179168,0.014617565636720843
2010,25,Gävleborgs län,M,41009,177248,0.23136509297707167
2010,25,Gävleborgs län,L,9444,177248,0.053281278209063004
2010,25,Gävleborgs län,C,12982,177248,0.0732420111933562
2010,25,Gävleborgs län,KD,7235,177248,0.040818514172233256
2010,25,Gävleborgs län,S,67893,177248,0.38303958295721247
2010,25,Gävleborgs län,V,12814,177248,0.07229418667629536
2010,25,Gävleborgs län,MP,10918,177248,0.06159730998375158
2010,25,Gävleborgs län,SD,12616,177248,0.07117710778118794
2010,25,Gävleborgs län,REST,2337,177248,0.013184916049828488
2010,26,Västernorrlands län,M,34550,159975,0.2159712455071105
2010,26,Västernorrlands län,L,8253,159975,0.05158931082981716
2010,26,Västernorrlands län,C,11185,159975,0.06991717455852477
2010,26,Västernorrlands län,KD,6983,159975,0.043650570401625254
2010,26,Västernorrlands län,S,70341,159975,0.4396999531176746
2010,26,Västernorrlands län,V,9642,159975,0.06027191748710736
2010,26,Västernorrlands län,MP,8757,159975,0.05473980309423347
2010,26,Västernorrlands län,SD,7264,159975,0.04540709485857165
2010,26,Västernorrlands län,REST,3000,159975,0.01875293014533521
2010,27,Jämtlands län,M,18193,81936,0.22203915250927553
2010,27,Jämtlands län,L,3155,81936,0.038505662956453815
2010,27,Jämtlands län,C,10487,81936,0.12799013864479594
2010,27,Jämtlands län,KD,2340,81936,0.028558875219683654
2010,27,Jämtlands län,S,33013,81936,0.40291202890060535
2010,27,Jämtlands län,V,5340,81936,0.06517281780902168
2010,27,Jämtlands län,MP,5339,81936,0.0651606131614919
2010,27,Jämtlands län,SD,3122,81936,0.0381029095879711
2010,27,Jämtlands län,REST,947,81936,0.011557801210701034
2010,28,Västerbottens län,M,30184,170598,0.17693056190576678
2010,28,Västerbottens län,L,10296,170598,0.06035240741392044
2010,28,Västerbottens län,C,12699,170598,0.07443815285056096
2010,28,Västerbottens län,KD,9125,170598,0.0534883175652704
2010,28,Västerbottens län,S,72008,170598,0.42209170095780724
2010,28,Västerbottens län,V,17034,170598,0.0998487672774593
2010,28,Västerbottens län,MP,12246,170598,0.07178278760595083
2010,28,Västerbottens län,SD,4651,170598,0.027262922191350427
2010,28,Västerbottens län,REST,2355,170598,0.01380438223191362
2010,29,Norrbottens län,M,26852,163963,0.163768655123412
2010,29,Norrbottens län,L,7082,163963,0.04319267151735452
2010,29,Norrbottens län,C,7618,163963,0.046461701725389264
2010,29,Norrbottens län,KD,5388,163963,0.032861072315095476
2010,29,Norrbottens län,S,85035,163963,0.5186231039929741
2010,29,Norrbottens län,V,15240,163963,0.09294779919859969
2010,29,Norrbottens län,MP,8630,163963,0.052633825924141425
2010,29,Norrbottens län,SD,6309,163963,0.038478193250916365
2010,29,Norrbottens län,REST,1809,163963,0.011032976952117246
