a_wins,b_wins,delta_a_minus_b,evaluation,horizon_days,metric,model_a,model_a_score,model_b,model_b_score,origin_date,replicate_seed,target_date,tie
False,True,0.0009907941879516644,rolling_future_pop,7,vote_crps_mean_8parties,election_simulator_v1_rc1_dynamics,0.04479290987497386,pop_baseline_v1,0.0438021156870222,2026-07-01,12345,2026-07-08,False
False,True,0.00967912108286928,rolling_future_pop,7,joint_vote_energy_score_9parties,election_simulator_v1_rc1_dynamics,0.17563888913027131,pop_baseline_v1,0.16595976804740203,2026-07-01,12345,2026-07-08,False
False,False,0.0,rolling_future_pop,7,threshold_brier_mean_8parties,election_simulator_v1_rc1_dynamics,0.0,pop_baseline_v1,0.0,2026-07-01,12345,2026-07-08,True
False,True,0.0005595607419047743,rolling_future_pop,7,median_vote_mae_8parties,election_simulator_v1_rc1_dynamics,0.05102141736362248,pop_baseline_v1,0.050461856621717704,2026-07-01,12345,2026-07-08,False
False,True,0.0016654353444201103,rolling_future_pop,14,vote_crps_mean_8parties,election_simulator_v1_rc1_dynamics,0.07977017983199189,pop_baseline_v1,0.07810474448757178,2026-07-01,12345,2026-07-15,False
False,True,0.0033365187640439498,rolling_future_pop,14,joint_vote_energy_score_9parties,election_simulator_v1_rc1_dynamics,0.3137725874866381,pop_baseline_v1,0.31043606872259416,2026-07-01,12345,2026-07-15,False
False,False,0.0,rolling_future_pop,14,threshold_brier_mean_8parties,election_simulator_v1_rc1_dynamics,0.0,pop_baseline_v1,0.0,2026-07-01,12345,2026-07-15,True
False,True,0.0020607442400208953,rolling_future_pop,14,median_vote_mae_8parties,election_simulator_v1_rc1_dynamics,0.10173198617234436,pop_baseline_v1,0.09967124193232346,2026-07-01,12345,2026-07-15,False
True,False,-0.0021080249517620997,rolling_future_pop,28,vote_crps_mean_8parties,election_simulator_v1_rc1_dynamics,0.1600470620337484,pop_baseline_v1,0.1621550869855105,2026-07-01,12345,2026-07-29,False
True,False,-0.011345588825122377,rolling_future_pop,28,joint_vote_energy_score_9parties,election_simulator_v1_rc1_dynamics,0.5973173374668183,pop_baseline_v1,0.6086629262919406,2026-07-01,12345,2026-07-29,False
False,False,0.0,rolling_future_pop,28,threshold_brier_mean_8parties,election_simulator_v1_rc1_dynamics,0.0,pop_baseline_v1,0.0,2026-07-01,12345,2026-07-29,True
True,False,-0.000505631671273099,rolling_future_pop,28,median_vote_mae_8parties,election_simulator_v1_rc1_dynamics,0.2458021482918848,pop_baseline_v1,0.2463077799631579,2026-07-01,12345,2026-07-29,False
False,True,0.0005363939960313438,rolling_future_pop,7,vote_crps_mean_8parties,election_simulator_v1_rc1_dynamics,0.056719364422528576,pop_baseline_v1,0.05618297042649723,2026-07-08,12345,2026-07-15,False
True,False,-0.0008936913906159305,rolling_future_pop,7,joint_vote_energy_score_9parties,election_simulator_v1_rc1_dynamics,0.22576208606135395,pop_baseline_v1,0.22665577745196988,2026-07-08,12345,2026-07-15,False
False,False,0.0,rolling_future_pop,7,threshold_brier_mean_8parties,election_simulator_v1_rc1_dynamics,0.0,pop_baseline_v1,0.0,2026-07-08,12345,2026-07-15,True
False,True,0.0001091941672856922,rolling_future_pop,7,median_vote_mae_8parties,election_simulator_v1_rc1_dynamics,0.07540218758003048,pop_baseline_v1,0.07529299341274479,2026-07-08,12345,2026-07-15,False
False,True,0.0021444456614076873,rolling_future_pop,14,vote_crps_mean_8parties,election_simulator_v1_rc1_dynamics,0.0964850780103964,pop_baseline_v1,0.0943406323489887,2026-07-08,12345,2026-07-22,False
False,True,0.011046586487496013,rolling_future_pop,14,joint_vote_energy_score_9parties,election_simulator_v1_rc1_dynamics,0.3348996290406798,pop_baseline_v1,0.3238530425531838,2026-07-08,12345,2026-07-22,False
False,False,0.0,rolling_future_pop,14,threshold_brier_mean_8parties,election_simulator_v1_rc1_dynamics,0.0,pop_baseline_v1,0.0,2026-07-08,12345,2026-07-22,True
False,True,0.00026456731271878864,rolling_future_pop,14,median_vote_mae_8parties,election_simulator_v1_rc1_dynamics,0.14945404094586934,pop_baseline_v1,0.14918947363315055,2026-07-08,12345,2026-07-22,False
False,True,0.002937516563144338,rolling_future_pop,28,vote_crps_mean_8parties,election_simulator_v1_rc1_dynamics,0.18890139650445487,pop_baseline_v1,0.18596387994131053,2026-07-08,12345,2026-08-05,False
False,True,0.002587299362026174,rolling_future_pop,28,joint_vote_energy_score_9parties,election_simulator_v1_rc1_dynamics,0.6854332701112081,pop_baseline_v1,0.682845970749182,2026-07-08,12345,2026-08-05,False
False,False,0.0,rolling_future_pop,28,threshold_brier_mean_8parties,election_simulator_v1_rc1_dynamics,0.0,pop_baseline_v1,0.0,2026-07-08,12345,2026-08-05,True
True,False,-0.0060315256333072775,rolling_future_pop,28,median_vote_mae_8parties,election_simulator_v1_rc1_dynamics,0.28370133600786457,pop_baseline_v1,0.28973286164117185,2026-07-08,12345,2026-08-05,False
True,False,-0.003615628997389604,rolling_future_pop,7,vote_crps_mean_8parties,election_simulator_v1_rc1_dynamics,0.0507774230251496,pop_baseline_v1,0.054393052022539204,2026-07-15,12345,2026-07-22,False
True,False,-0.007600758686486575,rolling_future_pop,7,joint_vote_energy_score_9parties,election_simulator_v1_rc1_dynamics,0.24020745954106104,pop_baseline_v1,0.24780821822754762,2026-07-15,12345,2026-07-22,False
False,False,0.0,rolling_future_pop,7,threshold_brier_mean_8parties,election_simulator_v1_rc1_dynamics,0.0,pop_baseline_v1,0.0,2026-07-15,12345,2026-07-22,True
True,False,-0.003118146362347307,rolling_future_pop,7,median_vote_mae_8parties,election_simulator_v1_rc1_dynamics,0.07410592497346974,pop_baseline_v1,0.07722407133581705,2026-07-15,12345,2026-07-22,False
False,True,0.0008828390645150702,rolling_future_pop,14,vote_crps_mean_8parties,election_simulator_v1_rc1_dynamics,0.10441982830498812,pop_baseline_v1,0.10353698924047305,2026-07-15,12345,2026-07-29,False
False,True,0.0007155693482522318,rolling_future_pop,14,joint_vote_energy_score_9parties,election_simulator_v1_rc1_dynamics,0.40571214258822774,pop_baseline_v1,0.4049965732399755,2026-07-15,12345,2026-07-29,False
False,False,0.0,rolling_future_pop,14,threshold_brier_mean_8parties,election_simulator_v1_rc1_dynamics,0.0,pop_baseline_v1,0.0,2026-07-15,12345,2026-07-29,True
False,True,0.0006331742399997287,rolling_future_pop,14,median_vote_mae_8parties,election_simulator_v1_rc1_dynamics,0.15029349914091492,pop_baseline_v1,0.1496603249009152,2026-07-15,12345,2026-07-29,False
True,False,-0.0007978666782363641,rolling_future_pop,28,vote_crps_mean_8parties,election_simulator_v1_rc1_dynamics,0.18466107782649616,pop_baseline_v1,0.18545894450473252,2026-07-15,12345,2026-08-12,False
False,True,0.003285032938041721,rolling_future_pop,28,joint_vote_energy_score_9parties,election_simulator_v1_rc1_dynamics,0.6917729627033049,pop_baseline_v1,0.6884879297652632,2026-07-15,12345,2026-08-12,False
False,False,0.0,rolling_future_pop,28,threshold_brier_mean_8parties,election_simulator_v1_rc1_dynamics,0.0,pop_baseline_v1,0.0,2026-07-15,12345,2026-08-12,True
True,False,-0.002109677935791976,rolling_future_pop,28,median_vote_mae_8parties,election_simulator_v1_rc1_dynamics,0.27061626378487846,pop_baseline_v1,0.27272594172067044,2026-07-15,12345,2026-08-12,False
False,True,0.0023528257333180203,rolling_future_pop,7,vote_crps_mean_8parties,election_simulator_v1_rc1_dynamics,0.055821174223057796,pop_baseline_v1,0.053468348489739775,2026-07-22,12345,2026-07-29,False
False,True,0.014991572447742602,rolling_future_pop,7,joint_vote_energy_score_9parties,election_simulator_v1_rc1_dynamics,0.20444940045465643,pop_baseline_v1,0.18945782800691383,2026-07-22,12345,2026-07-29,False
False,False,0.0,rolling_future_pop,7,threshold_brier_mean_8parties,election_simulator_v1_rc1_dynamics,0.0,pop_baseline_v1,0.0,2026-07-22,12345,2026-07-29,True
False,True,0.00364298718012368,rolling_future_pop,7,median_vote_mae_8parties,election_simulator_v1_rc1_dynamics,0.07710712542511644,pop_baseline_v1,0.07346413824499276,2026-07-22,12345,2026-07-29,False
False,True,0.00025700696877904716,rolling_future_pop,14,vote_crps_mean_8parties,election_simulator_v1_rc1_dynamics,0.09653558473760825,pop_baseline_v1,0.0962785777688292,2026-07-22,12345,2026-08-05,False
True,False,-0.0025451143614238503,rolling_future_pop,14,joint_vote_energy_score_9parties,election_simulator_v1_rc1_dynamics,0.36448301203116074,pop_baseline_v1,0.3670281263925846,2026-07-22,12345,2026-08-05,False
False,False,0.0,rolling_future_pop,14,threshold_brier_mean_8parties,election_simulator_v1_rc1_dynamics,0.0,pop_baseline_v1,0.0,2026-07-22,12345,2026-08-05,True
True,False,-0.002387116933896344,rolling_future_pop,14,median_vote_mae_8parties,election_simulator_v1_rc1_dynamics,0.1358332452141561,pop_baseline_v1,0.13822036214805244,2026-07-22,12345,2026-08-05,False
True,False,-0.0016337297094970726,rolling_future_pop,28,vote_crps_mean_8parties,election_simulator_v1_rc1_dynamics,0.19015562806929415,pop_baseline_v1,0.19178935777879122,2026-07-22,12345,2026-08-19,False
True,False,-0.0003356279393954553,rolling_future_pop,28,joint_vote_energy_score_9parties,election_simulator_v1_rc1_dynamics,0.688882794974133,pop_baseline_v1,0.6892184229135284,2026-07-22,12345,2026-08-19,False
False,False,0.0,rolling_future_pop,28,threshold_brier_mean_8parties,election_simulator_v1_rc1_dynamics,0.0,pop_baseline_v1,0.0,2026-07-22,12345,2026-08-19,True
False,True,0.003985927863880301,rolling_future_pop,28,median_vote_mae_8parties,election_simulator_v1_rc1_dynamics,0.28939471168326014,pop_baseline_v1,0.28540878381937984,2026-07-22,12345,2026-08-19,False
True,False,-0.0003350250081001621,rolling_future_pop,7,vote_crps_mean_8parties,election_simulator_v1_rc1_dynamics,0.04869939385991112,pop_baseline_v1,0.049034418868011284,2026-07-29,12345,2026-08-05,False
True,False,-0.0005478345438753862,rolling_future_pop,7,joint_vote_energy_score_9parties,election_simulator_v1_rc1_dynamics,0.19860452822624747,pop_baseline_v1,0.19915236277012285,2026-07-29,12345,2026-08-05,False
False,False,0.0,rolling_future_pop,7,threshold_brier_mean_8parties,election_simulator_v1_rc1_dynamics,0.0,pop_baseline_v1,0.0,2026-07-29,12345,2026-08-05,True
False,True,3.57498035841175e-06,rolling_future_pop,7,median_vote_mae_8parties,election_simulator_v1_rc1_dynamics,0.06270648310980154,pop_baseline_v1,0.06270290812944312,2026-07-29,12345,2026-08-05,False
False,True,0.002319894090395111,rolling_future_pop,14,vote_crps_mean_8parties,election_simulator_v1_rc1_dynamics,0.08876109171716554,pop_baseline_v1,0.08644119762677042,2026-07-29,12345,2026-08-12,False
False,True,0.0061612919852981896,rolling_future_pop,14,joint_vote_energy_score_9parties,election_simulator_v1_rc1_dynamics,0.3223751492871814,pop_baseline_v1,0.3162138573018832,2026-07-29,12345,2026-08-12,False
False,False,0.0,rolling_future_pop,14,threshold_brier_mean_8parties,election_simulator_v1_rc1_dynamics,0.0,pop_baseline_v1,0.0,2026-07-29,12345,2026-08-12,True
False,True,0.0020302299088596487,rolling_future_pop,14,median_vote_mae_8parties,election_simulator_v1_rc1_dynamics,0.12596804209718332,pop_baseline_v1,0.12393781218832367,2026-07-29,12345,2026-08-12,False
True,False,-0.0015015698262945965,rolling_future_pop,7,vote_crps_mean_8parties,election_simulator_v1_rc1_dynamics,0.046081510553982144,pop_baseline_v1,0.04758308038027674,2026-08-05,12345,2026-08-12,False
False,True,0.0020912890434376386,rolling_future_pop,7,joint_vote_energy_score_9parties,election_simulator_v1_rc1_dynamics,0.1790361842647118,pop_baseline_v1,0.17694489522127416,2026-08-05,12345,2026-08-12,False
False,False,0.0,rolling_future_pop,7,threshold_brier_mean_8parties,election_simulator_v1_rc1_dynamics,0.0,pop_baseline_v1,0.0,2026-08-05,12345,2026-08-12,True
True,False,-0.002069592479413823,rolling_future_pop,7,median_vote_mae_8parties,election_simulator_v1_rc1_dynamics,0.0620348046736722,pop_baseline_v1,0.06410439715308602,2026-08-05,12345,2026-08-12,False
False,True,0.0036433255428050537,rolling_future_pop,14,vote_crps_mean_8parties,election_simulator_v1_rc1_dynamics,0.10118673774092027,pop_baseline_v1,0.09754341219811521,2026-08-05,12345,2026-08-19,False
False,True,0.009605567401153592,rolling_future_pop,14,joint_vote_energy_score_9parties,election_simulator_v1_rc1_dynamics,0.3518642111811055,pop_baseline_v1,0.3422586437799519,2026-08-05,12345,2026-08-19,False
False,False,0.0,rolling_future_pop,14,threshold_brier_mean_8parties,election_simulator_v1_rc1_dynamics,0.0,pop_baseline_v1,0.0,2026-08-05,12345,2026-08-19,True
False,True,0.0027416158078940323,rolling_future_pop,14,median_vote_mae_8parties,election_simulator_v1_rc1_dynamics,0.15310066640347025,pop_baseline_v1,0.15035905059557622,2026-08-05,12345,2026-08-19,False
True,False,-0.0016947282078877968,rolling_future_pop,7,vote_crps_mean_8parties,election_simulator_v1_rc1_dynamics,0.05777156771368643,pop_baseline_v1,0.05946629592157423,2026-08-12,12345,2026-08-19,False
True,False,-0.004492568659008184,rolling_future_pop,7,joint_vote_energy_score_9parties,election_simulator_v1_rc1_dynamics,0.22085494484797297,pop_baseline_v1,0.22534751350698115,2026-08-12,12345,2026-08-19,False
False,False,0.0,rolling_future_pop,7,threshold_brier_mean_8parties,election_simulator_v1_rc1_dynamics,0.0,pop_baseline_v1,0.0,2026-08-12,12345,2026-08-19,True
False,True,0.00023673323136633173,rolling_future_pop,7,median_vote_mae_8parties,election_simulator_v1_rc1_dynamics,0.08779139554266135,pop_baseline_v1,0.08755466231129502,2026-08-12,12345,2026-08-19,False
False,True,0.0008549543750863836,rolling_future_pop,7,vote_crps_mean_8parties,election_simulator_v1_rc1_dynamics,0.04533944902367803,pop_baseline_v1,0.044484494648591645,2026-07-01,24680,2026-07-08,False
False,True,0.0098959101736516,rolling_future_pop,7,joint_vote_energy_score_9parties,election_simulator_v1_rc1_dynamics,0.17875978258237862,pop_baseline_v1,0.16886387240872702,2026-07-01,24680,2026-07-08,False
False,False,0.0,rolling_future_pop,7,threshold_brier_mean_8parties,election_simulator_v1_rc1_dynamics,0.0,pop_baseline_v1,0.0,2026-07-01,24680,2026-07-08,True
True,False,-0.0010178545067407452,rolling_future_pop,7,median_vote_mae_8parties,election_simulator_v1_rc1_dynamics,0.050507385111237646,pop_baseline_v1,0.05152523961797839,2026-07-01,24680,2026-07-08,False
False,True,0.003375959012458185,rolling_future_pop,14,vote_crps_mean_8parties,election_simulator_v1_rc1_dynamics,0.08032103375963653,pop_baseline_v1,0.07694507474717835,2026-07-01,24680,2026-07-15,False
False,True,0.011977291905168441,rolling_future_pop,14,joint_vote_energy_score_9parties,election_simulator_v1_rc1_dynamics,0.320211975515763,pop_baseline_v1,0.3082346836105946,2026-07-01,24680,2026-07-15,False
False,False,0.0,rolling_future_pop,14,threshold_brier_mean_8parties,election_simulator_v1_rc1_dynamics,0.0,pop_baseline_v1,0.0,2026-07-01,24680,2026-07-15,True
False,True,0.002461061454201635,rolling_future_pop,14,median_vote_mae_8parties,election_simulator_v1_rc1_dynamics,0.10030021707028744,pop_baseline_v1,0.0978391556160858,2026-07-01,24680,2026-07-15,False
True,False,-0.0025101968126407526,rolling_future_pop,28,vote_crps_mean_8parties,election_simulator_v1_rc1_dynamics,0.157968845187861,pop_baseline_v1,0.16047904200050175,2026-07-01,24680,2026-07-29,False
True,False,-0.001060964771467665,rolling_future_pop,28,joint_vote_energy_score_9parties,election_simulator_v1_rc1_dynamics,0.5988596452492689,pop_baseline_v1,0.5999206100207366,2026-07-01,24680,2026-07-29,False
False,False,0.0,rolling_future_pop,28,threshold_brier_mean_8parties,election_simulator_v1_rc1_dynamics,0.0,pop_baseline_v1,0.0,2026-07-01,24680,2026-07-29,True
True,False,-0.007590712207497741,rolling_future_pop,28,median_vote_mae_8parties,election_simulator_v1_rc1_dynamics,0.24603555563594026,pop_baseline_v1,0.253626267843438,2026-07-01,24680,2026-07-29,False
True,False,-0.00047647590244093846,rolling_future_pop,7,vote_crps_mean_8parties,election_simulator_v1_rc1_dynamics,0.055340657150674946,pop_baseline_v1,0.055817133053115885,2026-07-08,24680,2026-07-15,False
True,False,-0.004133225207843899,rolling_future_pop,7,joint_vote_energy_score_9parties,election_simulator_v1_rc1_dynamics,0.22301468941204028,pop_baseline_v1,0.22714791461988418,2026-07-08,24680,2026-07-15,False
False,False,0.0,rolling_future_pop,7,threshold_brier_mean_8parties,election_simulator_v1_rc1_dynamics,0.0,pop_baseline_v1,0.0,2026-07-08,24680,2026-07-15,True
True,False,-0.001635445075703651,rolling_future_pop,7,median_vote_mae_8parties,election_simulator_v1_rc1_dynamics,0.07440814661116596,pop_baseline_v1,0.07604359168686961,2026-07-08,24680,2026-07-15,False
False,True,0.0028005724766396872,rolling_future_pop,14,vote_crps_mean_8parties,election_simulator_v1_rc1_dynamics,0.0989861683125508,pop_baseline_v1,0.09618559583591112,2026-07-08,24680,2026-07-22,False
False,True,0.01167522978514951,rolling_future_pop,14,joint_vote_energy_score_9parties,election_simulator_v1_rc1_dynamics,0.3426873169852341,pop_baseline_v1,0.33101208720008457,2026-07-08,24680,2026-07-22,False
False,False,0.0,rolling_future_pop,14,threshold_brier_mean_8parties,election_simulator_v1_rc1_dynamics,0.0,pop_baseline_v1,0.0,2026-07-08,24680,2026-07-22,True
False,True,0.003230224043339752,rolling_future_pop,14,median_vote_mae_8parties,election_simulator_v1_rc1_dynamics,0.15308460027892318,pop_baseline_v1,0.14985437623558343,2026-07-08,24680,2026-07-22,False
True,False,-0.009967357033737329,rolling_future_pop,28,vote_crps_mean_8parties,election_simulator_v1_rc1_dynamics,0.17822928693674853,pop_baseline_v1,0.18819664397048586,2026-07-08,24680,2026-08-05,False
True,False,-0.025437984017213977,rolling_future_pop,28,joint_vote_energy_score_9parties,election_simulator_v1_rc1_dynamics,0.6529398903371105,pop_baseline_v1,0.6783778743543245,2026-07-08,24680,2026-08-05,False
False,False,0.0,rolling_future_pop,28,threshold_brier_mean_8parties,election_simulator_v1_rc1_dynamics,0.0,pop_baseline_v1,0.0,2026-07-08,24680,2026-08-05,True
True,False,-0.011943633574734214,rolling_future_pop,28,median_vote_mae_8parties,election_simulator_v1_rc1_dynamics,0.2768101727916407,pop_baseline_v1,0.28875380636637493,2026-07-08,24680,2026-08-05,False
False,True,0.000432163763611354,rolling_future_pop,7,vote_crps_mean_8parties,election_simulator_v1_rc1_dynamics,0.0517145656222939,pop_baseline_v1,0.05128240185868255,2026-07-15,24680,2026-07-22,False
True,False,-0.0038760745876747216,rolling_future_pop,7,joint_vote_energy_score_9parties,election_simulator_v1_rc1_dynamics,0.23909160249373296,pop_baseline_v1,0.24296767708140768,2026-07-15,24680,2026-07-22,False
False,False,0.0,rolling_future_pop,7,threshold_brier_mean_8parties,election_simulator_v1_rc1_dynamics,0.0,pop_baseline_v1,0.0,2026-07-15,24680,2026-07-22,True
False,True,0.004105554545418888,rolling_future_pop,7,median_vote_mae_8parties,election_simulator_v1_rc1_dynamics,0.07564792553537786,pop_baseline_v1,0.07154237098995897,2026-07-15,24680,2026-07-22,False
True,False,-0.0007229216521853488,rolling_future_pop,14,vote_crps_mean_8parties,election_simulator_v1_rc1_dynamics,0.10409448191829426,pop_baseline_v1,0.10481740357047961,2026-07-15,24680,2026-07-29,False
True,False,-0.004037428780377883,rolling_future_pop,14,joint_vote_energy_score_9parties,election_simulator_v1_rc1_dynamics,0.4068192604900829,pop_baseline_v1,0.41085668927046076,2026-07-15,24680,2026-07-29,False
False,False,0.0,rolling_future_pop,14,threshold_brier_mean_8parties,election_simulator_v1_rc1_dynamics,0.0,pop_baseline_v1,0.0,2026-07-15,24680,2026-07-29,True
False,True,3.922259188465782e-06,rolling_future_pop,14,median_vote_mae_8parties,election_simulator_v1_rc1_dynamics,0.14993522964885772,pop_baseline_v1,0.14993130738966925,2026-07-15,24680,2026-07-29,False
False,True,0.005252163998579251,rolling_future_pop,28,vote_crps_mean_8parties,election_simulator_v1_rc1_dynamics,0.18994528968726973,pop_baseline_v1,0.18469312568869048,2026-07-15,24680,2026-08-12,False
False,True,0.005376446798620149,rolling_future_pop,28,joint_vote_energy_score_9parties,election_simulator_v1_rc1_dynamics,0.6937565095855778,pop_baseline_v1,0.6883800627869576,2026-07-15,24680,2026-08-12,False
False,False,0.0,rolling_future_pop,28,threshold_brier_mean_8parties,election_simulator_v1_rc1_dynamics,0.0,pop_baseline_v1,0.0,2026-07-15,24680,2026-08-12,True
False,True,0.0006710901592921203,rolling_future_pop,28,median_vote_mae_8parties,election_simulator_v1_rc1_dynamics,0.27492768704459314,pop_baseline_v1,0.274256596885301,2026-07-15,24680,2026-08-12,False
True,False,-0.0027997269516479018,rolling_future_pop,7,vote_crps_mean_8parties,election_simulator_v1_rc1_dynamics,0.05404635333510974,pop_baseline_v1,0.05684608028675764,2026-07-22,24680,2026-07-29,False
False,True,0.0009384021622312888,rolling_future_pop,7,joint_vote_energy_score_9parties,election_simulator_v1_rc1_dynamics,0.2006499103149258,pop_baseline_v1,0.1997115081526945,2026-07-22,24680,2026-07-29,False
False,False,0.0,rolling_future_pop,7,threshold_brier_mean_8parties,election_simulator_v1_rc1_dynamics,0.0,pop_baseline_v1,0.0,2026-07-22,24680,2026-07-29,True
False,True,0.0004788203590324336,rolling_future_pop,7,median_vote_mae_8parties,election_simulator_v1_rc1_dynamics,0.07651687757875922,pop_baseline_v1,0.07603805721972678,2026-07-22,24680,2026-07-29,False
False,True,0.0008882832334640711,rolling_future_pop,14,vote_crps_mean_8parties,election_simulator_v1_rc1_dynamics,0.09633667028644138,pop_baseline_v1,0.09544838705297731,2026-07-22,24680,2026-08-05,False
False,True,0.004499287417341569,rolling_future_pop,14,joint_vote_energy_score_9parties,election_simulator_v1_rc1_dynamics,0.3668709108291813,pop_baseline_v1,0.3623716234118397,2026-07-22,24680,2026-08-05,False
False,False,0.0,rolling_future_pop,14,threshold_brier_mean_8parties,election_simulator_v1_rc1_dynamics,0.0,pop_baseline_v1,0.0,2026-07-22,24680,2026-08-05,True
False,True,0.003349848322540233,rolling_future_pop,14,median_vote_mae_8parties,election_simulator_v1_rc1_dynamics,0.13863377522517473,pop_baseline_v1,0.1352839269026345,2026-07-22,24680,2026-08-05,False
False,True,0.0006932543919403733,rolling_future_pop,28,vote_crps_mean_8parties,election_simulator_v1_rc1_dynamics,0.19536667671731475,pop_baseline_v1,0.19467342232537438,2026-07-22,24680,2026-08-19,False
False,True,0.004026009190254531,rolling_future_pop,28,joint_vote_energy_score_9parties,election_simulator_v1_rc1_dynamics,0.7068846909998958,pop_baseline_v1,0.7028586818096413,2026-07-22,24680,2026-08-19,False
False,False,0.0,rolling_future_pop,28,threshold_brier_mean_8parties,election_simulator_v1_rc1_dynamics,0.0,pop_baseline_v1,0.0,2026-07-22,24680,2026-08-19,True
False,True,0.005111323580350047,rolling_future_pop,28,median_vote_mae_8parties,election_simulator_v1_rc1_dynamics,0.2910478216114615,pop_baseline_v1,0.28593649803111143,2026-07-22,24680,2026-08-19,False
True,False,-0.0008478999838999052,rolling_future_pop,7,vote_crps_mean_8parties,election_simulator_v1_rc1_dynamics,0.04809269796111685,pop_baseline_v1,0.048940597945016755,2026-07-29,24680,2026-08-05,False
True,False,-0.000567744364883882,rolling_future_pop,7,joint_vote_energy_score_9parties,election_simulator_v1_rc1_dynamics,0.19829565323282805,pop_baseline_v1,0.19886339759771193,2026-07-29,24680,2026-08-05,False
False,False,0.0,rolling_future_pop,7,threshold_brier_mean_8parties,election_simulator_v1_rc1_dynamics,0.0,pop_baseline_v1,0.0,2026-07-29,24680,2026-08-05,True
True,False,-0.00021170321737429276,rolling_future_pop,7,median_vote_mae_8parties,election_simulator_v1_rc1_dynamics,0.062450039314561334,pop_baseline_v1,0.06266174253193563,2026-07-29,24680,2026-08-05,False
False,True,0.0019398862671412415,rolling_future_pop,14,vote_crps_mean_8parties,election_simulator_v1_rc1_dynamics,0.0895697507470384,pop_baseline_v1,0.08762986447989717,2026-07-29,24680,2026-08-12,False
False,True,0.007774710634165183,rolling_future_pop,14,joint_vote_energy_score_9parties,election_simulator_v1_rc1_dynamics,0.324846454739909,pop_baseline_v1,0.3170717441057438,2026-07-29,24680,2026-08-12,False
False,False,0.0,rolling_future_pop,14,threshold_brier_mean_8parties,election_simulator_v1_rc1_dynamics,0.0,pop_baseline_v1,0.0,2026-07-29,24680,2026-08-12,True
True,False,-0.0007643355047030898,rolling_future_pop,14,median_vote_mae_8parties,election_simulator_v1_rc1_dynamics,0.1271323802944958,pop_baseline_v1,0.1278967157991989,2026-07-29,24680,2026-08-12,False
True,False,-0.000759057564912867,rolling_future_pop,7,vote_crps_mean_8parties,election_simulator_v1_rc1_dynamics,0.04676343474488644,pop_baseline_v1,0.047522492309799304,2026-08-05,24680,2026-08-12,False
False,True,0.007680614889709447,rolling_future_pop,7,joint_vote_energy_score_9parties,election_simulator_v1_rc1_dynamics,0.18236446859039174,pop_baseline_v1,0.1746838537006823,2026-08-05,24680,2026-08-12,False
False,False,0.0,rolling_future_pop,7,threshold_brier_mean_8parties,election_simulator_v1_rc1_dynamics,0.0,pop_baseline_v1,0.0,2026-08-05,24680,2026-08-12,True
False,True,0.0003099490944166172,rolling_future_pop,7,median_vote_mae_8parties,election_simulator_v1_rc1_dynamics,0.06210872119673305,pop_baseline_v1,0.061798772102316435,2026-08-05,24680,2026-08-12,False
False,True,0.003002759306117958,rolling_future_pop,14,vote_crps_mean_8parties,election_simulator_v1_rc1_dynamics,0.09971271515957308,pop_baseline_v1,0.09670995585345513,2026-08-05,24680,2026-08-19,False
False,True,0.01326789401557149,rolling_future_pop,14,joint_vote_energy_score_9parties,election_simulator_v1_rc1_dynamics,0.3504542631029263,pop_baseline_v1,0.33718636908735483,2026-08-05,24680,2026-08-19,False
False,False,0.0,rolling_future_pop,14,threshold_brier_mean_8parties,election_simulator_v1_rc1_dynamics,0.0,pop_baseline_v1,0.0,2026-08-05,24680,2026-08-19,True
False,True,0.003645344004421819,rolling_future_pop,14,median_vote_mae_8parties,election_simulator_v1_rc1_dynamics,0.15057613337863116,pop_baseline_v1,0.14693078937420934,2026-08-05,24680,2026-08-19,False
True,False,-0.002635940139812429,rolling_future_pop,7,vote_crps_mean_8parties,election_simulator_v1_rc1_dynamics,0.0566981530054619,pop_baseline_v1,0.05933409314527433,2026-08-12,24680,2026-08-19,False
True,False,-0.0034744668368739684,rolling_future_pop,7,joint_vote_energy_score_9parties,election_simulator_v1_rc1_dynamics,0.2200069379244467,pop_baseline_v1,0.22348140476132067,2026-08-12,24680,2026-08-19,False
False,False,0.0,rolling_future_pop,7,threshold_brier_mean_8parties,election_simulator_v1_rc1_dynamics,0.0,pop_baseline_v1,0.0,2026-08-12,24680,2026-08-19,True
True,False,-0.00047117109351374475,rolling_future_pop,7,median_vote_mae_8parties,election_simulator_v1_rc1_dynamics,0.08678941053255529,pop_baseline_v1,0.08726058162606903,2026-08-12,24680,2026-08-19,False
False,True,0.001097772370861616,rolling_future_pop,7,vote_crps_mean_8parties,election_simulator_v1_rc1_dynamics,0.045743021853128035,pop_baseline_v1,0.04464524948226642,2026-07-01,98765,2026-07-08,False
False,True,0.012088379798770116,rolling_future_pop,7,joint_vote_energy_score_9parties,election_simulator_v1_rc1_dynamics,0.17993124336019234,pop_baseline_v1,0.16784286356142222,2026-07-01,98765,2026-07-08,False
False,False,0.0,rolling_future_pop,7,threshold_brier_mean_8parties,election_simulator_v1_rc1_dynamics,0.0,pop_baseline_v1,0.0,2026-07-01,98765,2026-07-08,True
False,True,0.002095252820341731,rolling_future_pop,7,median_vote_mae_8parties,election_simulator_v1_rc1_dynamics,0.051565395992361374,pop_baseline_v1,0.04947014317201964,2026-07-01,98765,2026-07-08,False
True,False,-0.0009618022936732085,rolling_future_pop,14,vote_crps_mean_8parties,election_simulator_v1_rc1_dynamics,0.08099556301305136,pop_baseline_v1,0.08195736530672457,2026-07-01,98765,2026-07-15,False
True,False,-0.00444435184832026,rolling_future_pop,14,joint_vote_energy_score_9parties,election_simulator_v1_rc1_dynamics,0.32618074961091376,pop_baseline_v1,0.330625101459234,2026-07-01,98765,2026-07-15,False
False,False,0.0,rolling_future_pop,14,threshold_brier_mean_8parties,election_simulator_v1_rc1_dynamics,0.0,pop_baseline_v1,0.0,2026-07-01,98765,2026-07-15,True
True,False,-0.0014019757258154075,rolling_future_pop,14,median_vote_mae_8parties,election_simulator_v1_rc1_dynamics,0.10278525303166122,pop_baseline_v1,0.10418722875747663,2026-07-01,98765,2026-07-15,False
False,True,0.00039242824132981746,rolling_future_pop,28,vote_crps_mean_8parties,election_simulator_v1_rc1_dynamics,0.16434863241532904,pop_baseline_v1,0.16395620417399923,2026-07-01,98765,2026-07-29,False
False,True,0.0005019245067068301,rolling_future_pop,28,joint_vote_energy_score_9parties,election_simulator_v1_rc1_dynamics,0.6098711180209304,pop_baseline_v1,0.6093691935142236,2026-07-01,98765,2026-07-29,False
False,False,0.0,rolling_future_pop,28,threshold_brier_mean_8parties,election_simulator_v1_rc1_dynamics,0.0,pop_baseline_v1,0.0,2026-07-01,98765,2026-07-29,True
True,False,-0.0011959455505902161,rolling_future_pop,28,median_vote_mae_8parties,election_simulator_v1_rc1_dynamics,0.24872982336660998,pop_baseline_v1,0.2499257689172002,2026-07-01,98765,2026-07-29,False
False,True,0.0007248156367810898,rolling_future_pop,7,vote_crps_mean_8parties,election_simulator_v1_rc1_dynamics,0.05706384415434351,pop_baseline_v1,0.05633902851756242,2026-07-08,98765,2026-07-15,False
True,False,-0.0013478031973301885,rolling_future_pop,7,joint_vote_energy_score_9parties,election_simulator_v1_rc1_dynamics,0.22694144077228579,pop_baseline_v1,0.22828924396961597,2026-07-08,98765,2026-07-15,False
False,False,0.0,rolling_future_pop,7,threshold_brier_mean_8parties,election_simulator_v1_rc1_dynamics,0.0,pop_baseline_v1,0.0,2026-07-08,98765,2026-07-15,True
True,False,-0.001644390865613965,rolling_future_pop,7,median_vote_mae_8parties,election_simulator_v1_rc1_dynamics,0.07586445501365968,pop_baseline_v1,0.07750884587927365,2026-07-08,98765,2026-07-15,False
True,False,-0.0003230252804994338,rolling_future_pop,14,vote_crps_mean_8parties,election_simulator_v1_rc1_dynamics,0.09575851210911643,pop_baseline_v1,0.09608153738961586,2026-07-08,98765,2026-07-22,False
True,False,-0.003648259662399733,rolling_future_pop,14,joint_vote_energy_score_9parties,election_simulator_v1_rc1_dynamics,0.32930301112692945,pop_baseline_v1,0.3329512707893292,2026-07-08,98765,2026-07-22,False
False,False,0.0,rolling_future_pop,14,threshold_brier_mean_8parties,election_simulator_v1_rc1_dynamics,0.0,pop_baseline_v1,0.0,2026-07-08,98765,2026-07-22,True
True,False,-0.003269096356495832,rolling_future_pop,14,median_vote_mae_8parties,election_simulator_v1_rc1_dynamics,0.14812195120452717,pop_baseline_v1,0.151391047561023,2026-07-08,98765,2026-07-22,False
False,True,0.001441444453274876,rolling_future_pop,28,vote_crps_mean_8parties,election_simulator_v1_rc1_dynamics,0.1862934777115206,pop_baseline_v1,0.18485203325824573,2026-07-08,98765,2026-08-05,False
False,True,0.002133588209364712,rolling_future_pop,28,joint_vote_energy_score_9parties,election_simulator_v1_rc1_dynamics,0.6696117420101414,pop_baseline_v1,0.6674781538007767,2026-07-08,98765,2026-08-05,False
False,False,0.0,rolling_future_pop,28,threshold_brier_mean_8parties,election_simulator_v1_rc1_dynamics,0.0,pop_baseline_v1,0.0,2026-07-08,98765,2026-08-05,True
True,False,-0.0021978484128306053,rolling_future_pop,28,median_vote_mae_8parties,election_simulator_v1_rc1_dynamics,0.28241457739234516,pop_baseline_v1,0.28461242580517576,2026-07-08,98765,2026-08-05,False
True,False,-0.0012381963102265359,rolling_future_pop,7,vote_crps_mean_8parties,election_simulator_v1_rc1_dynamics,0.05222440062491356,pop_baseline_v1,0.0534625969351401,2026-07-15,98765,2026-07-22,False
True,False,-0.006189574828586314,rolling_future_pop,7,joint_vote_energy_score_9parties,election_simulator_v1_rc1_dynamics,0.2426826689512318,pop_baseline_v1,0.24887224377981812,2026-07-15,98765,2026-07-22,False
False,False,0.0,rolling_future_pop,7,threshold_brier_mean_8parties,election_simulator_v1_rc1_dynamics,0.0,pop_baseline_v1,0.0,2026-07-15,98765,2026-07-22,True
True,False,-0.0010379951178177693,rolling_future_pop,7,median_vote_mae_8parties,election_simulator_v1_rc1_dynamics,0.07479013019167086,pop_baseline_v1,0.07582812530948863,2026-07-15,98765,2026-07-22,False
False,True,0.003712908359588346,rolling_future_pop,14,vote_crps_mean_8parties,election_simulator_v1_rc1_dynamics,0.10626372190793414,pop_baseline_v1,0.10255081354834579,2026-07-15,98765,2026-07-29,False
False,True,0.009394610474875276,rolling_future_pop,14,joint_vote_energy_score_9parties,election_simulator_v1_rc1_dynamics,0.41088575746890005,pop_baseline_v1,0.4014911469940248,2026-07-15,98765,2026-07-29,False
False,False,0.0,rolling_future_pop,14,threshold_brier_mean_8parties,election_simulator_v1_rc1_dynamics,0.0,pop_baseline_v1,0.0,2026-07-15,98765,2026-07-29,True
False,True,0.00345736630862592,rolling_future_pop,14,median_vote_mae_8parties,election_simulator_v1_rc1_dynamics,0.15086945333436852,pop_baseline_v1,0.1474120870257426,2026-07-15,98765,2026-07-29,False
False,True,0.006198923434548087,rolling_future_pop,28,vote_crps_mean_8parties,election_simulator_v1_rc1_dynamics,0.19168790476906594,pop_baseline_v1,0.18548898133451786,2026-07-15,98765,2026-08-12,False
False,True,0.01421887898622698,rolling_future_pop,28,joint_vote_energy_score_9parties,election_simulator_v1_rc1_dynamics,0.7026624187613211,pop_baseline_v1,0.6884435397750941,2026-07-15,98765,2026-08-12,False
False,False,0.0,rolling_future_pop,28,threshold_brier_mean_8parties,election_simulator_v1_rc1_dynamics,0.0,pop_baseline_v1,0.0,2026-07-15,98765,2026-08-12,True
True,False,-0.0038861890380911257,rolling_future_pop,28,median_vote_mae_8parties,election_simulator_v1_rc1_dynamics,0.27097183990325113,pop_baseline_v1,0.27485802894134226,2026-07-15,98765,2026-08-12,False
False,True,0.000428781339924543,rolling_future_pop,7,vote_crps_mean_8parties,election_simulator_v1_rc1_dynamics,0.054127567852991026,pop_baseline_v1,0.053698786513066483,2026-07-22,98765,2026-07-29,False
False,True,0.008041864893877593,rolling_future_pop,7,joint_vote_energy_score_9parties,election_simulator_v1_rc1_dynamics,0.19980980180638025,pop_baseline_v1,0.19176793691250266,2026-07-22,98765,2026-07-29,False
False,False,0.0,rolling_future_pop,7,threshold_brier_mean_8parties,election_simulator_v1_rc1_dynamics,0.0,pop_baseline_v1,0.0,2026-07-22,98765,2026-07-29,True
False,True,0.00062251868843749,rolling_future_pop,7,median_vote_mae_8parties,election_simulator_v1_rc1_dynamics,0.07521946867225565,pop_baseline_v1,0.07459694998381816,2026-07-22,98765,2026-07-29,False
False,True,0.003923677097531497,rolling_future_pop,14,vote_crps_mean_8parties,election_simulator_v1_rc1_dynamics,0.09859027036685444,pop_baseline_v1,0.09466659326932295,2026-07-22,98765,2026-08-05,False
False,True,0.01736120286386278,rolling_future_pop,14,joint_vote_energy_score_9parties,election_simulator_v1_rc1_dynamics,0.3778815670000771,pop_baseline_v1,0.3605203641362143,2026-07-22,98765,2026-08-05,False
False,False,0.0,rolling_future_pop,14,threshold_brier_mean_8parties,election_simulator_v1_rc1_dynamics,0.0,pop_baseline_v1,0.0,2026-07-22,98765,2026-08-05,True
False,True,0.004786996778078312,rolling_future_pop,14,median_vote_mae_8parties,election_simulator_v1_rc1_dynamics,0.14004204327745434,pop_baseline_v1,0.13525504649937603,2026-07-22,98765,2026-08-05,False
True,False,-0.0023672525804794564,rolling_future_pop,28,vote_crps_mean_8parties,election_simulator_v1_rc1_dynamics,0.19000966624808993,pop_baseline_v1,0.1923769188285694,2026-07-22,98765,2026-08-19,False
False,True,0.007974565874027673,rolling_future_pop,28,joint_vote_energy_score_9parties,election_simulator_v1_rc1_dynamics,0.6960936604562026,pop_baseline_v1,0.6881190945821749,2026-07-22,98765,2026-08-19,False
False,False,0.0,rolling_future_pop,28,threshold_brier_mean_8parties,election_simulator_v1_rc1_dynamics,0.0,pop_baseline_v1,0.0,2026-07-22,98765,2026-08-19,True
True,False,-0.0026793990035435256,rolling_future_pop,28,median_vote_mae_8parties,election_simulator_v1_rc1_dynamics,0.28675147724402283,pop_baseline_v1,0.28943087624756636,2026-07-22,98765,2026-08-19,False
False,True,0.0007023998899834752,rolling_future_pop,7,vote_crps_mean_8parties,election_simulator_v1_rc1_dynamics,0.048372876618549485,pop_baseline_v1,0.04767047672856601,2026-07-29,98765,2026-08-05,False
False,True,0.0037014004044972904,rolling_future_pop,7,joint_vote_energy_score_9parties,election_simulator_v1_rc1_dynamics,0.1988151163507455,pop_baseline_v1,0.1951137159462482,2026-07-29,98765,2026-08-05,False
False,False,0.0,rolling_future_pop,7,threshold_brier_mean_8parties,election_simulator_v1_rc1_dynamics,0.0,pop_baseline_v1,0.0,2026-07-29,98765,2026-08-05,True
False,True,0.0002329696441651652,rolling_future_pop,7,median_vote_mae_8parties,election_simulator_v1_rc1_dynamics,0.062403318376686806,pop_baseline_v1,0.06217034873252164,2026-07-29,98765,2026-08-05,False
False,True,0.0036604378778415797,rolling_future_pop,14,vote_crps_mean_8parties,election_simulator_v1_rc1_dynamics,0.09088009960679626,pop_baseline_v1,0.08721966172895468,2026-07-29,98765,2026-08-12,False
False,True,0.01237036406488684,rolling_future_pop,14,joint_vote_energy_score_9parties,election_simulator_v1_rc1_dynamics,0.3293949623679667,pop_baseline_v1,0.3170245983030799,2026-07-29,98765,2026-08-12,False
False,False,0.0,rolling_future_pop,14,threshold_brier_mean_8parties,election_simulator_v1_rc1_dynamics,0.0,pop_baseline_v1,0.0,2026-07-29,98765,2026-08-12,True
False,True,0.001620627068723235,rolling_future_pop,14,median_vote_mae_8parties,election_simulator_v1_rc1_dynamics,0.12664821876391585,pop_baseline_v1,0.12502759169519262,2026-07-29,98765,2026-08-12,False
False,True,0.0007014587937685321,rolling_future_pop,7,vote_crps_mean_8parties,election_simulator_v1_rc1_dynamics,0.04859227054557164,pop_baseline_v1,0.04789081175180311,2026-08-05,98765,2026-08-12,False
False,True,0.011723960326134014,rolling_future_pop,7,joint_vote_energy_score_9parties,election_simulator_v1_rc1_dynamics,0.18835755554938333,pop_baseline_v1,0.1766335952232493,2026-08-05,98765,2026-08-12,False
False,False,0.0,rolling_future_pop,7,threshold_brier_mean_8parties,election_simulator_v1_rc1_dynamics,0.0,pop_baseline_v1,0.0,2026-08-05,98765,2026-08-12,True
True,False,-0.001002059290876045,rolling_future_pop,7,median_vote_mae_8parties,election_simulator_v1_rc1_dynamics,0.06328998845999712,pop_baseline_v1,0.06429204775087316,2026-08-05,98765,2026-08-12,False
False,True,0.0005244488073244541,rolling_future_pop,14,vote_crps_mean_8parties,election_simulator_v1_rc1_dynamics,0.09978620338728267,pop_baseline_v1,0.09926175457995821,2026-08-05,98765,2026-08-19,False
False,True,0.0009268210745045358,rolling_future_pop,14,joint_vote_energy_score_9parties,election_simulator_v1_rc1_dynamics,0.3469885275271486,pop_baseline_v1,0.34606170645264406,2026-08-05,98765,2026-08-19,False
False,False,0.0,rolling_future_pop,14,threshold_brier_mean_8parties,election_simulator_v1_rc1_dynamics,0.0,pop_baseline_v1,0.0,2026-08-05,98765,2026-08-19,True
False,True,0.003608904504110916,rolling_future_pop,14,median_vote_mae_8parties,election_simulator_v1_rc1_dynamics,0.15413261341956672,pop_baseline_v1,0.1505237089154558,2026-08-05,98765,2026-08-19,False
True,False,-0.0022163832922208193,rolling_future_pop,7,vote_crps_mean_8parties,election_simulator_v1_rc1_dynamics,0.05715765215587031,pop_baseline_v1,0.05937403544809113,2026-08-12,98765,2026-08-19,False
True,False,-0.0014742801738567846,rolling_future_pop,7,joint_vote_energy_score_9parties,election_simulator_v1_rc1_dynamics,0.21906555150246126,pop_baseline_v1,0.22053983167631805,2026-08-12,98765,2026-08-19,False
False,False,0.0,rolling_future_pop,7,threshold_brier_mean_8parties,election_simulator_v1_rc1_dynamics,0.0,pop_baseline_v1,0.0,2026-08-12,98765,2026-08-19,True
True,False,-0.00030626692521654175,rolling_future_pop,7,median_vote_mae_8parties,election_simulator_v1_rc1_dynamics,0.08772577786130548,pop_baseline_v1,0.08803204478652202,2026-08-12,98765,2026-08-19,False
